Site,Parameter,Date (LT),Year,Month,Day,Hour,NowCast Conc.,AQI,AQI Category,Raw Conc.,Conc. Unit,Duration,QC Name
Dhaka,PM2.5 - Principal,2025-01-01 12:00 AM,2025,01,01,00,200.9,276,Very Unhealthy,196.0,UG/M3,1 Hr,Valid
Dhaka,PM2.5 - Principal,2025-01-01 01:00 AM,2025,01,01,01,197.0,272,Very Unhealthy,190.0,UG/M3,1 Hr,Valid
Dhaka,PM2.5 - Principal,2025-01-01 02:00 AM,2025,01,01,02,198.5,273,Very Unhealthy,195.0,UG/M3,1 Hr,Valid
Dhaka,PM2.5 - Principal,2025-01-01 03:00 AM,2025,01,01,03,199.2,274,Very Unhealthy,189.0,UG/M3,1 Hr,Valid
Dhaka,PM2.5 - Principal,2025-01-01 04:00 AM,2025,01,01,04,188.1,263,Very Unhealthy,164.0,UG/M3,1 Hr,Valid
Dhaka,PM2.5 - Principal,2025-01-01 05:00 AM,2025,01,01,05,177.5,253,Very Unhealthy,156.0,UG/M3,1 Hr,Valid
Dhaka,PM2.5 - Principal,2025-01-01 06:00 AM,2025,01,01,06,171.1,246,Very Unhealthy,156.0,UG/M3,1 Hr,Valid
Dhaka,PM2.5 - Principal,2025-01-01 07:00 AM,2025,01,01,07,173.1,248,Very Unhealthy,177.0,UG/M3,1 Hr,Valid
Dhaka,PM2.5 - Principal,2025-01-01 08:00 AM,2025,01,01,08,183.1,258,Very Unhealthy,210.0,UG/M3,1 Hr,Valid
Dhaka,PM2.5 - Principal,2025-01-01 09:00 AM,2025,01,01,09,202.3,277,Very Unhealthy,237.0,UG/M3,1 Hr,Valid
Dhaka,PM2.5 - Principal,2025-01-01 10:00 AM,2025,01,01,10,218.8,293,Very Unhealthy,245.0,UG/M3,1 Hr,Valid
Dhaka,PM2.5 - Principal,2025-01-01 11:00 AM,2025,01,01,11,238.3,326,Hazardous,262.0,UG/M3,1 Hr,Valid
Dhaka,PM2.5 - Principal,2025-01-01 12:00 PM,2025,01,01,12,278.8,407,Hazardous,312.0,UG/M3,1 Hr,Valid
Dhaka,PM2.5 - Principal,2025-01-01 01:00 PM,2025,01,01,13,285.9,421,Hazardous,293.0,UG/M3,1 Hr,Valid
Dhaka,PM2.5 - Principal,2025-01-01 02:00 PM,2025,01,01,14,267.9,385,Hazardous,250.0,UG/M3,1 Hr,Valid
Dhaka,PM2.5 - Principal,2025-01-01 03:00 PM,2025,01,01,15,255.9,362,Hazardous,244.0,UG/M3,1 Hr,Valid
Dhaka,PM2.5 - Principal,2025-01-01 04:00 PM,2025,01,01,16,251.5,353,Hazardous,247.0,UG/M3,1 Hr,Valid
Dhaka,PM2.5 - Principal,2025-01-01 05:00 PM,2025,01,01,17,253.2,356,Hazardous,255.0,UG/M3,1 Hr,Valid
Dhaka,PM2.5 - Principal,2025-01-01 06:00 PM,2025,01,01,18,253.5,357,Hazardous,253.0,UG/M3,1 Hr,Valid
Dhaka,PM2.5 - Principal,2025-01-01 07:00 PM,2025,01,01,19,259.7,369,Hazardous,270.0,UG/M3,1 Hr,Valid
Dhaka,PM2.5 - Principal,2025-01-01 08:00 PM,2025,01,01,20,262.9,376,Hazardous,272.0,UG/M3,1 Hr,Valid
Dhaka,PM2.5 - Principal,2025-01-01 09:00 PM,2025,01,01,21,257.0,364,Hazardous,238.0,UG/M3,1 Hr,Valid
Dhaka,PM2.5 - Principal,2025-01-01 10:00 PM,2025,01,01,22,254.4,359,Hazardous,246.0,UG/M3,1 Hr,Valid
Dhaka,PM2.5 - Principal,2025-01-01 11:00 PM,2025,01,01,23,246.1,342,Hazardous,227.0,UG/M3,1 Hr,Valid
Dhaka,PM2.5 - Principal,2025-01-02 12:00 AM,2025,01,02,00,232.5,315,Hazardous,205.0,UG/M3,1 Hr,Valid
Dhaka,PM2.5 - Principal,2025-01-02 01:00 AM,2025,01,02,01,223.8,298,Very Unhealthy,198.0,UG/M3,1 Hr,Valid
Dhaka,PM2.5 - Principal,2025-01-02 02:00 AM,2025,01,02,02,212.4,287,Very Unhealthy,191.0,UG/M3,1 Hr,Valid
Dhaka,PM2.5 - Principal,2025-01-02 03:00 AM,2025,01,02,03,198.7,274,Very Unhealthy,179.0,UG/M3,1 Hr,Valid
Dhaka,PM2.5 - Principal,2025-01-02 04:00 AM,2025,01,02,04,190.6,266,Very Unhealthy,177.0,UG/M3,1 Hr,Valid
Dhaka,PM2.5 - Principal,2025-01-02 05:00 AM,2025,01,02,05,182.9,258,Very Unhealthy,172.0,UG/M3,1 Hr,Valid
Dhaka,PM2.5 - Principal,2025-01-02 06:00 AM,2025,01,02,06,183.2,258,Very Unhealthy,184.0,UG/M3,1 Hr,Valid
Dhaka,PM2.5 - Principal,2025-01-02 07:00 AM,2025,01,02,07,186.3,261,Very Unhealthy,192.0,UG/M3,1 Hr,Valid
Dhaka,PM2.5 - Principal,2025-01-02 08:00 AM,2025,01,02,08,191.8,267,Very Unhealthy,203.0,UG/M3,1 Hr,Valid
Dhaka,PM2.5 - Principal,2025-01-02 09:00 AM,2025,01,02,09,201.4,276,Very Unhealthy,224.0,UG/M3,1 Hr,Valid
Dhaka,PM2.5 - Principal,2025-01-02 10:00 AM,2025,01,02,10,204.8,280,Very Unhealthy,222.0,UG/M3,1 Hr,Valid
Dhaka,PM2.5 - Principal,2025-01-02 11:00 AM,2025,01,02,11,209.7,284,Very Unhealthy,226.0,UG/M3,1 Hr,Valid
Dhaka,PM2.5 - Principal,2025-01-02 12:00 PM,2025,01,02,12,216.0,291,Very Unhealthy,231.0,UG/M3,1 Hr,Valid
Dhaka,PM2.5 - Principal,2025-01-02 01:00 PM,2025,01,02,13,216.4,291,Very Unhealthy,217.0,UG/M3,1 Hr,Valid
Dhaka,PM2.5 - Principal,2025-01-02 02:00 PM,2025,01,02,14,214.4,289,Very Unhealthy,208.0,UG/M3,1 Hr,Valid
Dhaka,PM2.5 - Principal,2025-01-02 03:00 PM,2025,01,02,15,216.9,292,Very Unhealthy,223.0,UG/M3,1 Hr,Valid
Dhaka,PM2.5 - Principal,2025-01-02 04:00 PM,2025,01,02,16,217.2,292,Very Unhealthy,217.0,UG/M3,1 Hr,Valid
Dhaka,PM2.5 - Principal,2025-01-02 05:00 PM,2025,01,02,17,213.9,289,Very Unhealthy,202.0,UG/M3,1 Hr,Valid
Dhaka,PM2.5 - Principal,2025-01-02 06:00 PM,2025,01,02,18,205.9,281,Very Unhealthy,179.0,UG/M3,1 Hr,Valid
Dhaka,PM2.5 - Principal,2025-01-02 07:00 PM,2025,01,02,19,200.4,275,Very Unhealthy,182.0,UG/M3,1 Hr,Valid
Dhaka,PM2.5 - Principal,2025-01-02 08:00 PM,2025,01,02,20,198.1,273,Very Unhealthy,191.0,UG/M3,1 Hr,Valid
Dhaka,PM2.5 - Principal,2025-01-02 09:00 PM,2025,01,02,21,202.1,277,Very Unhealthy,216.0,UG/M3,1 Hr,Valid
Dhaka,PM2.5 - Principal,2025-01-02 10:00 PM,2025,01,02,22,192.8,268,Very Unhealthy,170.0,UG/M3,1 Hr,Valid
Dhaka,PM2.5 - Principal,2025-01-02 11:00 PM,2025,01,02,23,178.7,254,Very Unhealthy,155.0,UG/M3,1 Hr,Valid
Dhaka,PM2.5 - Principal,2025-01-03 12:00 AM,2025,01,03,00,173.3,248,Very Unhealthy,159.0,UG/M3,1 Hr,Valid
Dhaka,PM2.5 - Principal,2025-01-03 01:00 AM,2025,01,03,01,169.6,245,Very Unhealthy,162.0,UG/M3,1 Hr,Valid
Dhaka,PM2.5 - Principal,2025-01-03 02:00 AM,2025,01,03,02,156.7,232,Very Unhealthy,140.0,UG/M3,1 Hr,Valid
Dhaka,PM2.5 - Principal,2025-01-03 03:00 AM,2025,01,03,03,129.8,205,Very Unhealthy,108.0,UG/M3,1 Hr,Valid
Dhaka,PM2.5 - Principal,2025-01-03 04:00 AM,2025,01,03,04,107.9,188,Unhealthy,86.0,UG/M3,1 Hr,Valid
Dhaka,PM2.5 - Principal,2025-01-03 05:00 AM,2025,01,03,05,96.4,180,Unhealthy,85.0,UG/M3,1 Hr,Valid
Dhaka,PM2.5 - Principal,2025-01-03 06:00 AM,2025,01,03,06,93.2,177,Unhealthy,90.0,UG/M3,1 Hr,Valid
Dhaka,PM2.5 - Principal,2025-01-03 07:00 AM,2025,01,03,07,98.0,181,Unhealthy,103.0,UG/M3,1 Hr,Valid
Dhaka,PM2.5 - Principal,2025-01-03 08:00 AM,2025,01,03,08,104.5,185,Unhealthy,111.0,UG/M3,1 Hr,Valid
Dhaka,PM2.5 - Principal,2025-01-03 09:00 AM,2025,01,03,09,108.7,188,Unhealthy,113.0,UG/M3,1 Hr,Valid
Dhaka,PM2.5 - Principal,2025-01-03 10:00 AM,2025,01,03,10,106.7,187,Unhealthy,105.0,UG/M3,1 Hr,Valid
Dhaka,PM2.5 - Principal,2025-01-03 11:00 AM,2025,01,03,11,115.4,193,Unhealthy,125.0,UG/M3,1 Hr,Valid
Dhaka,PM2.5 - Principal,2025-01-03 12:00 PM,2025,01,03,12,131.8,207,Very Unhealthy,150.0,UG/M3,1 Hr,Valid
Dhaka,PM2.5 - Principal,2025-01-03 01:00 PM,2025,01,03,13,141.0,216,Very Unhealthy,154.0,UG/M3,1 Hr,Valid
Dhaka,PM2.5 - Principal,2025-01-03 02:00 PM,2025,01,03,14,133.4,209,Very Unhealthy,124.0,UG/M3,1 Hr,Valid
Dhaka,PM2.5 - Principal,2025-01-03 03:00 PM,2025,01,03,15,133.2,209,Very Unhealthy,133.0,UG/M3,1 Hr,Valid
Dhaka,PM2.5 - Principal,2025-01-03 04:00 PM,2025,01,03,16,136.2,212,Very Unhealthy,140.0,UG/M3,1 Hr,Valid
Dhaka,PM2.5 - Principal,2025-01-03 05:00 PM,2025,01,03,17,140.5,216,Very Unhealthy,147.0,UG/M3,1 Hr,Valid
Dhaka,PM2.5 - Principal,2025-01-03 06:00 PM,2025,01,03,18,142.3,218,Very Unhealthy,149.0,UG/M3,1 Hr,Valid
Dhaka,PM2.5 - Principal,2025-01-03 07:00 PM,2025,01,03,19,146.4,222,Very Unhealthy,155.0,UG/M3,1 Hr,Valid
Dhaka,PM2.5 - Principal,2025-01-03 08:00 PM,2025,01,03,20,158.5,234,Very Unhealthy,174.0,UG/M3,1 Hr,Valid
Dhaka,PM2.5 - Principal,2025-01-03 09:00 PM,2025,01,03,21,163.9,239,Very Unhealthy,172.0,UG/M3,1 Hr,Valid
Dhaka,PM2.5 - Principal,2025-01-03 10:00 PM,2025,01,03,22,165.8,241,Very Unhealthy,178.0,UG/M3,1 Hr,Valid
Dhaka,PM2.5 - Principal,2025-01-03 11:00 PM,2025,01,03,23,173.6,249,Very Unhealthy,186.0,UG/M3,1 Hr,Valid
Dhaka,PM2.5 - Principal,2025-01-04 12:00 AM,2025,01,04,00,173.1,248,Very Unhealthy,172.0,UG/M3,1 Hr,Valid
Dhaka,PM2.5 - Principal,2025-01-04 01:00 AM,2025,01,04,01,164.0,239,Very Unhealthy,146.0,UG/M3,1 Hr,Valid
Dhaka,PM2.5 - Principal,2025-01-04 02:00 AM,2025,01,04,02,158.3,234,Very Unhealthy,143.0,UG/M3,1 Hr,Valid
Dhaka,PM2.5 - Principal,2025-01-04 03:00 AM,2025,01,04,03,144.7,220,Very Unhealthy,122.0,UG/M3,1 Hr,Valid
Dhaka,PM2.5 - Principal,2025-01-04 04:00 AM,2025,01,04,04,114.4,192,Unhealthy,92.0,UG/M3,1 Hr,Valid
Dhaka,PM2.5 - Principal,2025-01-04 05:00 AM,2025,01,04,05,97.7,181,Unhealthy,81.0,UG/M3,1 Hr,Valid
Dhaka,PM2.5 - Principal,2025-01-04 06:00 AM,2025,01,04,06,91.3,176,Unhealthy,85.0,UG/M3,1 Hr,Valid
Dhaka,PM2.5 - Principal,2025-01-04 07:00 AM,2025,01,04,07,92.6,177,Unhealthy,94.0,UG/M3,1 Hr,Valid
Dhaka,PM2.5 - Principal,2025-01-04 08:00 AM,2025,01,04,08,89.3,175,Unhealthy,86.0,UG/M3,1 Hr,Valid
Dhaka,PM2.5 - Principal,2025-01-04 09:00 AM,2025,01,04,09,88.1,174,Unhealthy,87.0,UG/M3,1 Hr,Valid
Dhaka,PM2.5 - Principal,2025-01-04 10:00 AM,2025,01,04,10,90.5,176,Unhealthy,93.0,UG/M3,1 Hr,Valid
Dhaka,PM2.5 - Principal,2025-01-04 11:00 AM,2025,01,04,11,100.2,182,Unhealthy,110.0,UG/M3,1 Hr,Valid
Dhaka,PM2.5 - Principal,2025-01-04 12:00 PM,2025,01,04,12,110.2,189,Unhealthy,124.0,UG/M3,1 Hr,Valid
Dhaka,PM2.5 - Principal,2025-01-04 01:00 PM,2025,01,04,13,120.7,197,Unhealthy,135.0,UG/M3,1 Hr,Valid
Dhaka,PM2.5 - Principal,2025-01-04 02:00 PM,2025,01,04,14,125.5,201,Very Unhealthy,135.0,UG/M3,1 Hr,Valid
Dhaka,PM2.5 - Principal,2025-01-04 03:00 PM,2025,01,04,15,131.5,207,Very Unhealthy,139.0,UG/M3,1 Hr,Valid
Dhaka,PM2.5 - Principal,2025-01-04 04:00 PM,2025,01,04,16,124.2,199,Unhealthy,114.0,UG/M3,1 Hr,Valid
Dhaka,PM2.5 - Principal,2025-01-04 05:00 PM,2025,01,04,17,150.5,226,Very Unhealthy,177.0,UG/M3,1 Hr,Valid
Dhaka,PM2.5 - Principal,2025-01-04 06:00 PM,2025,01,04,18,190.2,265,Very Unhealthy,230.0,UG/M3,1 Hr,Valid
Dhaka,PM2.5 - Principal,2025-01-04 07:00 PM,2025,01,04,19,215.1,290,Very Unhealthy,240.0,UG/M3,1 Hr,Valid
Dhaka,PM2.5 - Principal,2025-01-04 08:00 PM,2025,01,04,20,250.1,350,Hazardous,285.0,UG/M3,1 Hr,Valid
Dhaka,PM2.5 - Principal,2025-01-04 09:00 PM,2025,01,04,21,322.5,494,Hazardous,395.0,UG/M3,1 Hr,Valid
Dhaka,PM2.5 - Principal,2025-01-04 10:00 PM,2025,01,04,22,476.8,802,Hazardous,631.0,UG/M3,1 Hr,Valid
Dhaka,PM2.5 - Principal,2025-01-04 11:00 PM,2025,01,04,23,477.4,803,Hazardous,478.0,UG/M3,1 Hr,Valid
Dhaka,PM2.5 - Principal,2025-01-05 12:00 AM,2025,01,05,00,437.2,723,Hazardous,397.0,UG/M3,1 Hr,Valid
Dhaka,PM2.5 - Principal,2025-01-05 01:00 AM,2025,01,05,01,333.6,516,Hazardous,230.0,UG/M3,1 Hr,Valid
Dhaka,PM2.5 - Principal,2025-01-05 02:00 AM,2025,01,05,02,262.3,374,Hazardous,191.0,UG/M3,1 Hr,Valid
Dhaka,PM2.5 - Principal,2025-01-05 03:00 AM,2025,01,05,03,261.6,373,Hazardous,261.0,UG/M3,1 Hr,Valid
Dhaka,PM2.5 - Principal,2025-01-05 04:00 AM,2025,01,05,04,268.8,387,Hazardous,276.0,UG/M3,1 Hr,Valid
Dhaka,PM2.5 - Principal,2025-01-05 05:00 AM,2025,01,05,05,316.4,482,Hazardous,364.0,UG/M3,1 Hr,Valid
Dhaka,PM2.5 - Principal,2025-01-05 06:00 AM,2025,01,05,06,477.7,803,Hazardous,639.0,UG/M3,1 Hr,Valid
Dhaka,PM2.5 - Principal,2025-01-05 07:00 AM,2025,01,05,07,453.4,755,Hazardous,429.0,UG/M3,1 Hr,Valid
Dhaka,PM2.5 - Principal,2025-01-05 08:00 AM,2025,01,05,08,382.7,614,Hazardous,312.0,UG/M3,1 Hr,Valid
Dhaka,PM2.5 - Principal,2025-01-05 09:00 AM,2025,01,05,09,307.8,465,Hazardous,233.0,UG/M3,1 Hr,Valid
Dhaka,PM2.5 - Principal,2025-01-05 10:00 AM,2025,01,05,10,280.3,410,Hazardous,253.0,UG/M3,1 Hr,Valid
Dhaka,PM2.5 - Principal,2025-01-05 11:00 AM,2025,01,05,11,231.6,313,Hazardous,183.0,UG/M3,1 Hr,Valid
Dhaka,PM2.5 - Principal,2025-01-05 12:00 PM,2025,01,05,12,174.2,249,Very Unhealthy,117.0,UG/M3,1 Hr,Valid
Dhaka,PM2.5 - Principal,2025-01-05 01:00 PM,2025,01,05,13,113.6,192,Unhealthy,53.0,UG/M3,1 Hr,Valid
Dhaka,PM2.5 - Principal,2025-01-05 02:00 PM,2025,01,05,14,89.7,175,Unhealthy,66.0,UG/M3,1 Hr,Valid
Dhaka,PM2.5 - Principal,2025-01-05 03:00 PM,2025,01,05,15,78.3,167,Unhealthy,67.0,UG/M3,1 Hr,Valid
Dhaka,PM2.5 - Principal,2025-01-05 04:00 PM,2025,01,05,16,96.1,179,Unhealthy,114.0,UG/M3,1 Hr,Valid
Dhaka,PM2.5 - Principal,2025-01-05 05:00 PM,2025,01,05,17,102.0,184,Unhealthy,108.0,UG/M3,1 Hr,Valid
Dhaka,PM2.5 - Principal,2025-01-05 06:00 PM,2025,01,05,18,188.9,264,Very Unhealthy,276.0,UG/M3,1 Hr,Valid
Dhaka,PM2.5 - Principal,2025-01-05 07:00 PM,2025,01,05,19,313.4,476,Hazardous,438.0,UG/M3,1 Hr,Valid
Dhaka,PM2.5 - Principal,2025-01-05 08:00 PM,2025,01,05,20,315.7,481,Hazardous,318.0,UG/M3,1 Hr,Valid
Dhaka,PM2.5 - Principal,2025-01-05 09:00 PM,2025,01,05,21,321.8,493,Hazardous,328.0,UG/M3,1 Hr,Valid
Dhaka,PM2.5 - Principal,2025-01-05 10:00 PM,2025,01,05,22,327.9,505,Hazardous,334.0,UG/M3,1 Hr,Valid
Dhaka,PM2.5 - Principal,2025-01-05 11:00 PM,2025,01,05,23,367.0,583,Hazardous,406.0,UG/M3,1 Hr,Valid
Dhaka,PM2.5 - Principal,2025-01-06 12:00 AM,2025,01,06,00,428.5,705,Hazardous,490.0,UG/M3,1 Hr,Valid
Dhaka,PM2.5 - Principal,2025-01-06 01:00 AM,2025,01,06,01,428.8,706,Hazardous,429.0,UG/M3,1 Hr,Valid
Dhaka,PM2.5 - Principal,2025-01-06 02:00 AM,2025,01,06,02,413.4,675,Hazardous,398.0,UG/M3,1 Hr,Valid
Dhaka,PM2.5 - Principal,2025-01-06 03:00 AM,2025,01,06,03,529.2,906,Hazardous,645.0,UG/M3,1 Hr,Valid
Dhaka,PM2.5 - Principal,2025-01-06 04:00 AM,2025,01,06,04,412.6,674,Hazardous,296.0,UG/M3,1 Hr,Valid
Dhaka,PM2.5 - Principal,2025-01-06 05:00 AM,2025,01,06,05,332.8,515,Hazardous,253.0,UG/M3,1 Hr,Valid
Dhaka,PM2.5 - Principal,2025-01-06 06:00 AM,2025,01,06,06,287.4,424,Hazardous,242.0,UG/M3,1 Hr,Valid
Dhaka,PM2.5 - Principal,2025-01-06 07:00 AM,2025,01,06,07,263.1,376,Hazardous,239.0,UG/M3,1 Hr,Valid
Dhaka,PM2.5 - Principal,2025-01-06 08:00 AM,2025,01,06,08,260.5,371,Hazardous,258.0,UG/M3,1 Hr,Valid
Dhaka,PM2.5 - Principal,2025-01-06 09:00 AM,2025,01,06,09,221.2,296,Very Unhealthy,182.0,UG/M3,1 Hr,Valid
Dhaka,PM2.5 - Principal,2025-01-06 10:00 AM,2025,01,06,10,191.1,266,Very Unhealthy,161.0,UG/M3,1 Hr,Valid
Dhaka,PM2.5 - Principal,2025-01-06 11:00 AM,2025,01,06,11,161.5,237,Very Unhealthy,132.0,UG/M3,1 Hr,Valid
Dhaka,PM2.5 - Principal,2025-01-06 12:00 PM,2025,01,06,12,134.7,210,Very Unhealthy,108.0,UG/M3,1 Hr,Valid
Dhaka,PM2.5 - Principal,2025-01-06 01:00 PM,2025,01,06,13,117.8,195,Unhealthy,101.0,UG/M3,1 Hr,Valid
Dhaka,PM2.5 - Principal,2025-01-06 02:00 PM,2025,01,06,14,91.8,176,Unhealthy,66.0,UG/M3,1 Hr,Valid
Dhaka,PM2.5 - Principal,2025-01-06 03:00 PM,2025,01,06,15,72.8,163,Unhealthy,54.0,UG/M3,1 Hr,Valid
Dhaka,PM2.5 - Principal,2025-01-06 04:00 PM,2025,01,06,16,75.4,165,Unhealthy,78.0,UG/M3,1 Hr,Valid
Dhaka,PM2.5 - Principal,2025-01-06 05:00 PM,2025,01,06,17,97.6,181,Unhealthy,120.0,UG/M3,1 Hr,Valid
Dhaka,PM2.5 - Principal,2025-01-06 06:00 PM,2025,01,06,18,191.8,267,Very Unhealthy,286.0,UG/M3,1 Hr,Valid
Dhaka,PM2.5 - Principal,2025-01-06 07:00 PM,2025,01,06,19,240.9,332,Hazardous,290.0,UG/M3,1 Hr,Valid
Dhaka,PM2.5 - Principal,2025-01-06 08:00 PM,2025,01,06,20,299.4,448,Hazardous,358.0,UG/M3,1 Hr,Valid
Dhaka,PM2.5 - Principal,2025-01-06 09:00 PM,2025,01,06,21,239.7,329,Hazardous,180.0,UG/M3,1 Hr,Valid
Dhaka,PM2.5 - Principal,2025-01-06 10:00 PM,2025,01,06,22,191.8,267,Very Unhealthy,144.0,UG/M3,1 Hr,Valid
Dhaka,PM2.5 - Principal,2025-01-06 11:00 PM,2025,01,06,23,165.4,241,Very Unhealthy,139.0,UG/M3,1 Hr,Valid
Dhaka,PM2.5 - Principal,2025-01-07 12:00 AM,2025,01,07,00,165.2,240,Very Unhealthy,165.0,UG/M3,1 Hr,Valid
Dhaka,PM2.5 - Principal,2025-01-07 01:00 AM,2025,01,07,01,180.6,256,Very Unhealthy,196.0,UG/M3,1 Hr,Valid
Dhaka,PM2.5 - Principal,2025-01-07 02:00 AM,2025,01,07,02,240.8,331,Hazardous,301.0,UG/M3,1 Hr,Valid
Dhaka,PM2.5 - Principal,2025-01-07 03:00 AM,2025,01,07,03,228.9,308,Hazardous,217.0,UG/M3,1 Hr,Valid
Dhaka,PM2.5 - Principal,2025-01-07 04:00 AM,2025,01,07,04,208.4,283,Very Unhealthy,188.0,UG/M3,1 Hr,Valid
Dhaka,PM2.5 - Principal,2025-01-07 05:00 AM,2025,01,07,05,197.2,272,Very Unhealthy,186.0,UG/M3,1 Hr,Valid
Dhaka,PM2.5 - Principal,2025-01-07 06:00 AM,2025,01,07,06,204.6,279,Very Unhealthy,212.0,UG/M3,1 Hr,Valid
Dhaka,PM2.5 - Principal,2025-01-07 07:00 AM,2025,01,07,07,207.2,282,Very Unhealthy,210.0,UG/M3,1 Hr,Valid
Dhaka,PM2.5 - Principal,2025-01-07 08:00 AM,2025,01,07,08,196.6,271,Very Unhealthy,186.0,UG/M3,1 Hr,Valid
Dhaka,PM2.5 - Principal,2025-01-07 09:00 AM,2025,01,07,09,180.8,256,Very Unhealthy,165.0,UG/M3,1 Hr,Valid
Dhaka,PM2.5 - Principal,2025-01-07 10:00 AM,2025,01,07,10,168.9,244,Very Unhealthy,157.0,UG/M3,1 Hr,Valid
Dhaka,PM2.5 - Principal,2025-01-07 11:00 AM,2025,01,07,11,155.4,231,Very Unhealthy,142.0,UG/M3,1 Hr,Valid
Dhaka,PM2.5 - Principal,2025-01-07 12:00 PM,2025,01,07,12,134.7,210,Very Unhealthy,114.0,UG/M3,1 Hr,Valid
Dhaka,PM2.5 - Principal,2025-01-07 01:00 PM,2025,01,07,13,126.8,202,Very Unhealthy,119.0,UG/M3,1 Hr,Valid
Dhaka,PM2.5 - Principal,2025-01-07 02:00 PM,2025,01,07,14,117.9,195,Unhealthy,109.0,UG/M3,1 Hr,Valid
Dhaka,PM2.5 - Principal,2025-01-07 03:00 PM,2025,01,07,15,124.0,199,Unhealthy,130.0,UG/M3,1 Hr,Valid
Dhaka,PM2.5 - Principal,2025-01-07 04:00 PM,2025,01,07,16,143.9,219,Very Unhealthy,165.0,UG/M3,1 Hr,Valid
Dhaka,PM2.5 - Principal,2025-01-07 05:00 PM,2025,01,07,17,167.7,243,Very Unhealthy,193.0,UG/M3,1 Hr,Valid
Dhaka,PM2.5 - Principal,2025-01-07 06:00 PM,2025,01,07,18,182.6,258,Very Unhealthy,199.0,UG/M3,1 Hr,Valid
Dhaka,PM2.5 - Principal,2025-01-07 07:00 PM,2025,01,07,19,189.5,264,Very Unhealthy,200.0,UG/M3,1 Hr,Valid
Dhaka,PM2.5 - Principal,2025-01-07 08:00 PM,2025,01,07,20,209.4,284,Very Unhealthy,227.0,UG/M3,1 Hr,Valid
Dhaka,PM2.5 - Principal,2025-01-07 09:00 PM,2025,01,07,21,216.2,291,Very Unhealthy,223.0,UG/M3,1 Hr,Valid
Dhaka,PM2.5 - Principal,2025-01-07 10:00 PM,2025,01,07,22,223.1,298,Very Unhealthy,230.0,UG/M3,1 Hr,Valid
Dhaka,PM2.5 - Principal,2025-01-07 11:00 PM,2025,01,07,23,236.5,323,Hazardous,250.0,UG/M3,1 Hr,Valid
Dhaka,PM2.5 - Principal,2025-01-08 12:00 AM,2025,01,08,00,237.8,326,Hazardous,239.0,UG/M3,1 Hr,Valid
Dhaka,PM2.5 - Principal,2025-01-08 01:00 AM,2025,01,08,01,249.9,350,Hazardous,262.0,UG/M3,1 Hr,Valid
Dhaka,PM2.5 - Principal,2025-01-08 02:00 AM,2025,01,08,02,234.9,320,Hazardous,220.0,UG/M3,1 Hr,Valid
Dhaka,PM2.5 - Principal,2025-01-08 03:00 AM,2025,01,08,03,224.8,299,Very Unhealthy,207.0,UG/M3,1 Hr,Valid
Dhaka,PM2.5 - Principal,2025-01-08 04:00 AM,2025,01,08,04,220.9,296,Very Unhealthy,205.0,UG/M3,1 Hr,Valid
Dhaka,PM2.5 - Principal,2025-01-08 05:00 AM,2025,01,08,05,214.0,289,Very Unhealthy,194.0,UG/M3,1 Hr,Valid
Dhaka,PM2.5 - Principal,2025-01-08 06:00 AM,2025,01,08,06,201.0,276,Very Unhealthy,179.0,UG/M3,1 Hr,Valid
Dhaka,PM2.5 - Principal,2025-01-08 07:00 AM,2025,01,08,07,184.3,259,Very Unhealthy,163.0,UG/M3,1 Hr,Valid
Dhaka,PM2.5 - Principal,2025-01-08 08:00 AM,2025,01,08,08,182.6,258,Very Unhealthy,180.0,UG/M3,1 Hr,Valid
Dhaka,PM2.5 - Principal,2025-01-08 09:00 AM,2025,01,08,09,179.3,254,Very Unhealthy,174.0,UG/M3,1 Hr,Valid
Dhaka,PM2.5 - Principal,2025-01-08 10:00 AM,2025,01,08,10,183.6,259,Very Unhealthy,191.0,UG/M3,1 Hr,Valid
Dhaka,PM2.5 - Principal,2025-01-08 11:00 AM,2025,01,08,11,187.8,263,Very Unhealthy,195.0,UG/M3,1 Hr,Valid
Dhaka,PM2.5 - Principal,2025-01-08 12:00 PM,2025,01,08,12,179.1,254,Very Unhealthy,165.0,UG/M3,1 Hr,Valid
Dhaka,PM2.5 - Principal,2025-01-08 01:00 PM,2025,01,08,13,167.6,243,Very Unhealthy,145.0,UG/M3,1 Hr,Valid
Dhaka,PM2.5 - Principal,2025-01-08 02:00 PM,2025,01,08,14,160.1,235,Very Unhealthy,142.0,UG/M3,1 Hr,Valid
Dhaka,PM2.5 - Principal,2025-01-08 03:00 PM,2025,01,08,15,154.8,230,Very Unhealthy,143.0,UG/M3,1 Hr,Valid
Dhaka,PM2.5 - Principal,2025-01-08 04:00 PM,2025,01,08,16,153.2,228,Very Unhealthy,145.0,UG/M3,1 Hr,Valid
Dhaka,PM2.5 - Principal,2025-01-08 05:00 PM,2025,01,08,17,157.6,233,Very Unhealthy,170.0,UG/M3,1 Hr,Valid
Dhaka,PM2.5 - Principal,2025-01-08 06:00 PM,2025,01,08,18,170.2,245,Very Unhealthy,201.0,UG/M3,1 Hr,Valid
Dhaka,PM2.5 - Principal,2025-01-08 07:00 PM,2025,01,08,19,195.3,270,Very Unhealthy,230.0,UG/M3,1 Hr,Valid
Dhaka,PM2.5 - Principal,2025-01-08 08:00 PM,2025,01,08,20,197.1,272,Very Unhealthy,200.0,UG/M3,1 Hr,Valid
Dhaka,PM2.5 - Principal,2025-01-08 09:00 PM,2025,01,08,21,187.1,262,Very Unhealthy,171.0,UG/M3,1 Hr,Valid
Dhaka,PM2.5 - Principal,2025-01-08 10:00 PM,2025,01,08,22,162.3,237,Very Unhealthy,130.0,UG/M3,1 Hr,Valid
Dhaka,PM2.5 - Principal,2025-01-08 11:00 PM,2025,01,08,23,151.3,227,Very Unhealthy,137.0,UG/M3,1 Hr,Valid
Dhaka,PM2.5 - Principal,2025-01-09 12:00 AM,2025,01,09,00,142.8,218,Very Unhealthy,132.0,UG/M3,1 Hr,Valid
Dhaka,PM2.5 - Principal,2025-01-09 01:00 AM,2025,01,09,01,134.1,210,Very Unhealthy,125.0,UG/M3,1 Hr,Valid
Dhaka,PM2.5 - Principal,2025-01-09 02:00 AM,2025,01,09,02,140.4,216,Very Unhealthy,148.0,UG/M3,1 Hr,Valid
Dhaka,PM2.5 - Principal,2025-01-09 03:00 AM,2025,01,09,03,126.5,202,Very Unhealthy,113.0,UG/M3,1 Hr,Valid
Dhaka,PM2.5 - Principal,2025-01-09 04:00 AM,2025,01,09,04,118.2,195,Unhealthy,110.0,UG/M3,1 Hr,Valid
Dhaka,PM2.5 - Principal,2025-01-09 05:00 AM,2025,01,09,05,115.6,193,Unhealthy,113.0,UG/M3,1 Hr,Valid
Dhaka,PM2.5 - Principal,2025-01-09 06:00 AM,2025,01,09,06,120.8,197,Unhealthy,126.0,UG/M3,1 Hr,Valid
Dhaka,PM2.5 - Principal,2025-01-09 07:00 AM,2025,01,09,07,124.9,200,Unhealthy,130.0,UG/M3,1 Hr,Valid
Dhaka,PM2.5 - Principal,2025-01-09 08:00 AM,2025,01,09,08,130.3,206,Very Unhealthy,141.0,UG/M3,1 Hr,Valid
Dhaka,PM2.5 - Principal,2025-01-09 09:00 AM,2025,01,09,09,131.6,207,Very Unhealthy,140.0,UG/M3,1 Hr,Valid
Dhaka,PM2.5 - Principal,2025-01-09 10:00 AM,2025,01,09,10,128.8,204,Very Unhealthy,121.0,UG/M3,1 Hr,Valid
Dhaka,PM2.5 - Principal,2025-01-09 11:00 AM,2025,01,09,11,125.9,201,Very Unhealthy,118.0,UG/M3,1 Hr,Valid
Dhaka,PM2.5 - Principal,2025-01-09 12:00 PM,2025,01,09,12,121.9,198,Unhealthy,111.0,UG/M3,1 Hr,Valid
Dhaka,PM2.5 - Principal,2025-01-09 01:00 PM,2025,01,09,13,118.7,195,Unhealthy,110.0,UG/M3,1 Hr,Valid
Dhaka,PM2.5 - Principal,2025-01-09 02:00 PM,2025,01,09,14,118.4,195,Unhealthy,116.0,UG/M3,1 Hr,Valid
Dhaka,PM2.5 - Principal,2025-01-09 03:00 PM,2025,01,09,15,119.7,196,Unhealthy,124.0,UG/M3,1 Hr,Valid
Dhaka,PM2.5 - Principal,2025-01-09 04:00 PM,2025,01,09,16,120.4,196,Unhealthy,122.0,UG/M3,1 Hr,Valid
Dhaka,PM2.5 - Principal,2025-01-09 05:00 PM,2025,01,09,17,132.7,208,Very Unhealthy,160.0,UG/M3,1 Hr,Valid
Dhaka,PM2.5 - Principal,2025-01-09 06:00 PM,2025,01,09,18,159.3,234,Very Unhealthy,190.0,UG/M3,1 Hr,Valid
Dhaka,PM2.5 - Principal,2025-01-09 07:00 PM,2025,01,09,19,180.8,256,Very Unhealthy,203.0,UG/M3,1 Hr,Valid
Dhaka,PM2.5 - Principal,2025-01-09 08:00 PM,2025,01,09,20,180.9,256,Very Unhealthy,181.0,UG/M3,1 Hr,Valid
Dhaka,PM2.5 - Principal,2025-01-09 09:00 PM,2025,01,09,21,175.9,251,Very Unhealthy,170.0,UG/M3,1 Hr,Valid
Dhaka,PM2.5 - Principal,2025-01-09 10:00 PM,2025,01,09,22,173.2,248,Very Unhealthy,170.0,UG/M3,1 Hr,Valid
Dhaka,PM2.5 - Principal,2025-01-09 11:00 PM,2025,01,09,23,174.5,250,Very Unhealthy,176.0,UG/M3,1 Hr,Valid
Dhaka,PM2.5 - Principal,2025-01-10 12:00 AM,2025,01,10,00,172.0,247,Very Unhealthy,169.0,UG/M3,1 Hr,Valid
Dhaka,PM2.5 - Principal,2025-01-10 01:00 AM,2025,01,10,01,176.8,252,Very Unhealthy,183.0,UG/M3,1 Hr,Valid
Dhaka,PM2.5 - Principal,2025-01-10 02:00 AM,2025,01,10,02,183.5,258,Very Unhealthy,194.0,UG/M3,1 Hr,Valid
Dhaka,PM2.5 - Principal,2025-01-10 03:00 AM,2025,01,10,03,185.0,260,Very Unhealthy,187.0,UG/M3,1 Hr,Valid
Dhaka,PM2.5 - Principal,2025-01-10 04:00 AM,2025,01,10,04,181.6,257,Very Unhealthy,179.0,UG/M3,1 Hr,Valid
Dhaka,PM2.5 - Principal,2025-01-10 05:00 AM,2025,01,10,05,180.3,255,Very Unhealthy,174.0,UG/M3,1 Hr,Valid
Dhaka,PM2.5 - Principal,2025-01-10 06:00 AM,2025,01,10,06,180.0,255,Very Unhealthy,180.0,UG/M3,1 Hr,Valid
Dhaka,PM2.5 - Principal,2025-01-10 07:00 AM,2025,01,10,07,179.1,254,Very Unhealthy,178.0,UG/M3,1 Hr,Valid
Dhaka,PM2.5 - Principal,2025-01-10 08:00 AM,2025,01,10,08,178.0,253,Very Unhealthy,173.0,UG/M3,1 Hr,Valid
Dhaka,PM2.5 - Principal,2025-01-10 09:00 AM,2025,01,10,09,178.9,254,Very Unhealthy,182.0,UG/M3,1 Hr,Valid
Dhaka,PM2.5 - Principal,2025-01-10 10:00 AM,2025,01,10,10,177.6,253,Very Unhealthy,169.0,UG/M3,1 Hr,Valid
Dhaka,PM2.5 - Principal,2025-01-10 11:00 AM,2025,01,10,11,162.6,238,Very Unhealthy,134.0,UG/M3,1 Hr,Valid
Dhaka,PM2.5 - Principal,2025-01-10 12:00 PM,2025,01,10,12,142.0,217,Very Unhealthy,117.0,UG/M3,1 Hr,Valid
Dhaka,PM2.5 - Principal,2025-01-10 01:00 PM,2025,01,10,13,112.2,191,Unhealthy,89.0,UG/M3,1 Hr,Valid
Dhaka,PM2.5 - Principal,2025-01-10 02:00 PM,2025,01,10,14,106.6,187,Unhealthy,101.0,UG/M3,1 Hr,Valid
Dhaka,PM2.5 - Principal,2025-01-10 03:00 PM,2025,01,10,15,113.2,191,Unhealthy,120.0,UG/M3,1 Hr,Valid
Dhaka,PM2.5 - Principal,2025-01-10 04:00 PM,2025,01,10,16,124.6,199,Unhealthy,136.0,UG/M3,1 Hr,Valid
Dhaka,PM2.5 - Principal,2025-01-10 05:00 PM,2025,01,10,17,167.3,242,Very Unhealthy,210.0,UG/M3,1 Hr,Valid
Dhaka,PM2.5 - Principal,2025-01-10 06:00 PM,2025,01,10,18,214.6,289,Very Unhealthy,262.0,UG/M3,1 Hr,Valid
Dhaka,PM2.5 - Principal,2025-01-10 07:00 PM,2025,01,10,19,238.8,327,Hazardous,263.0,UG/M3,1 Hr,Valid
Dhaka,PM2.5 - Principal,2025-01-10 08:00 PM,2025,01,10,20,238.4,327,Hazardous,238.0,UG/M3,1 Hr,Valid
Dhaka,PM2.5 - Principal,2025-01-10 09:00 PM,2025,01,10,21,233.2,316,Hazardous,228.0,UG/M3,1 Hr,Valid
Dhaka,PM2.5 - Principal,2025-01-10 10:00 PM,2025,01,10,22,233.6,317,Hazardous,234.0,UG/M3,1 Hr,Valid
Dhaka,PM2.5 - Principal,2025-01-10 11:00 PM,2025,01,10,23,252.8,355,Hazardous,272.0,UG/M3,1 Hr,Valid
Dhaka,PM2.5 - Principal,2025-01-11 12:00 AM,2025,01,11,00,259.4,369,Hazardous,266.0,UG/M3,1 Hr,Valid
Dhaka,PM2.5 - Principal,2025-01-11 01:00 AM,2025,01,11,01,255.2,360,Hazardous,251.0,UG/M3,1 Hr,Valid
Dhaka,PM2.5 - Principal,2025-01-11 02:00 AM,2025,01,11,02,251.6,353,Hazardous,248.0,UG/M3,1 Hr,Valid
Dhaka,PM2.5 - Principal,2025-01-11 03:00 AM,2025,01,11,03,252.8,355,Hazardous,254.0,UG/M3,1 Hr,Valid
Dhaka,PM2.5 - Principal,2025-01-11 04:00 AM,2025,01,11,04,256.0,362,Hazardous,270.0,UG/M3,1 Hr,Valid
Dhaka,PM2.5 - Principal,2025-01-11 05:00 AM,2025,01,11,05,278.7,407,Hazardous,326.0,UG/M3,1 Hr,Valid
Dhaka,PM2.5 - Principal,2025-01-11 06:00 AM,2025,01,11,06,284.6,419,Hazardous,298.0,UG/M3,1 Hr,Valid
Dhaka,PM2.5 - Principal,2025-01-11 07:00 AM,2025,01,11,07,293.7,437,Hazardous,314.0,UG/M3,1 Hr,Valid
Dhaka,PM2.5 - Principal,2025-01-11 08:00 AM,2025,01,11,08,239.0,328,Hazardous,169.0,UG/M3,1 Hr,Valid
Dhaka,PM2.5 - Principal,2025-01-11 09:00 AM,2025,01,11,09,189.4,264,Very Unhealthy,142.0,UG/M3,1 Hr,Valid
Dhaka,PM2.5 - Principal,2025-01-11 10:00 AM,2025,01,11,10,151.7,227,Very Unhealthy,114.0,UG/M3,1 Hr,Valid
Dhaka,PM2.5 - Principal,2025-01-11 11:00 AM,2025,01,11,11,126.3,202,Very Unhealthy,101.0,UG/M3,1 Hr,Valid
Dhaka,PM2.5 - Principal,2025-01-11 12:00 PM,2025,01,11,12,113.6,192,Unhealthy,101.0,UG/M3,1 Hr,Valid
Dhaka,PM2.5 - Principal,2025-01-11 01:00 PM,2025,01,11,13,93.3,177,Unhealthy,73.0,UG/M3,1 Hr,Valid
Dhaka,PM2.5 - Principal,2025-01-11 02:00 PM,2025,01,11,14,82.6,170,Unhealthy,72.0,UG/M3,1 Hr,Valid
Dhaka,PM2.5 - Principal,2025-01-11 03:00 PM,2025,01,11,15,78.2,167,Unhealthy,74.0,UG/M3,1 Hr,Valid
Dhaka,PM2.5 - Principal,2025-01-11 04:00 PM,2025,01,11,16,91.1,176,Unhealthy,104.0,UG/M3,1 Hr,Valid
Dhaka,PM2.5 - Principal,2025-01-11 05:00 PM,2025,01,11,17,123.5,199,Unhealthy,156.0,UG/M3,1 Hr,Valid
Dhaka,PM2.5 - Principal,2025-01-11 06:00 PM,2025,01,11,18,195.7,271,Very Unhealthy,268.0,UG/M3,1 Hr,Valid
Dhaka,PM2.5 - Principal,2025-01-11 07:00 PM,2025,01,11,19,309.8,469,Hazardous,424.0,UG/M3,1 Hr,Valid
Dhaka,PM2.5 - Principal,2025-01-11 08:00 PM,2025,01,11,20,276.9,403,Hazardous,244.0,UG/M3,1 Hr,Valid
Dhaka,PM2.5 - Principal,2025-01-11 09:00 PM,2025,01,11,21,260.4,371,Hazardous,244.0,UG/M3,1 Hr,Valid
Dhaka,PM2.5 - Principal,2025-01-11 10:00 PM,2025,01,11,22,243.2,336,Hazardous,226.0,UG/M3,1 Hr,Valid
Dhaka,PM2.5 - Principal,2025-01-11 11:00 PM,2025,01,11,23,285.1,420,Hazardous,327.0,UG/M3,1 Hr,Valid
Dhaka,PM2.5 - Principal,2025-01-12 12:00 AM,2025,01,12,00,291.6,433,Hazardous,298.0,UG/M3,1 Hr,Valid
Dhaka,PM2.5 - Principal,2025-01-12 01:00 AM,2025,01,12,01,322.8,495,Hazardous,354.0,UG/M3,1 Hr,Valid
Dhaka,PM2.5 - Principal,2025-01-12 02:00 AM,2025,01,12,02,363.9,577,Hazardous,405.0,UG/M3,1 Hr,Valid
Dhaka,PM2.5 - Principal,2025-01-12 03:00 AM,2025,01,12,03,366.0,581,Hazardous,368.0,UG/M3,1 Hr,Valid
Dhaka,PM2.5 - Principal,2025-01-12 04:00 AM,2025,01,12,04,325.0,499,Hazardous,284.0,UG/M3,1 Hr,Valid
Dhaka,PM2.5 - Principal,2025-01-12 05:00 AM,2025,01,12,05,270.1,390,Hazardous,214.0,UG/M3,1 Hr,Valid
Dhaka,PM2.5 - Principal,2025-01-12 06:00 AM,2025,01,12,06,191.2,266,Very Unhealthy,113.0,UG/M3,1 Hr,Valid
Dhaka,PM2.5 - Principal,2025-01-12 07:00 AM,2025,01,12,07,178.5,254,Very Unhealthy,166.0,UG/M3,1 Hr,Valid
Dhaka,PM2.5 - Principal,2025-01-12 08:00 AM,2025,01,12,08,162.2,237,Very Unhealthy,146.0,UG/M3,1 Hr,Valid
Dhaka,PM2.5 - Principal,2025-01-12 09:00 AM,2025,01,12,09,147.1,222,Very Unhealthy,132.0,UG/M3,1 Hr,Valid
Dhaka,PM2.5 - Principal,2025-01-12 10:00 AM,2025,01,12,10,165.5,241,Very Unhealthy,184.0,UG/M3,1 Hr,Valid
Dhaka,PM2.5 - Principal,2025-01-12 11:00 AM,2025,01,12,11,144.2,220,Very Unhealthy,123.0,UG/M3,1 Hr,Valid
Dhaka,PM2.5 - Principal,2025-01-12 12:00 PM,2025,01,12,12,120.6,197,Unhealthy,97.0,UG/M3,1 Hr,Valid
Dhaka,PM2.5 - Principal,2025-01-12 01:00 PM,2025,01,12,13,111.7,190,Unhealthy,103.0,UG/M3,1 Hr,Valid
Dhaka,PM2.5 - Principal,2025-01-12 02:00 PM,2025,01,12,14,104.3,185,Unhealthy,97.0,UG/M3,1 Hr,Valid
Dhaka,PM2.5 - Principal,2025-01-12 03:00 PM,2025,01,12,15,92.1,177,Unhealthy,80.0,UG/M3,1 Hr,Valid
Dhaka,PM2.5 - Principal,2025-01-12 04:00 PM,2025,01,12,16,95.5,179,Unhealthy,99.0,UG/M3,1 Hr,Valid
Dhaka,PM2.5 - Principal,2025-01-12 05:00 PM,2025,01,12,17,112.7,191,Unhealthy,130.0,UG/M3,1 Hr,Valid
Dhaka,PM2.5 - Principal,2025-01-12 06:00 PM,2025,01,12,18,225.9,302,Hazardous,339.0,UG/M3,1 Hr,Valid
Dhaka,PM2.5 - Principal,2025-01-12 07:00 PM,2025,01,12,19,289.4,428,Hazardous,353.0,UG/M3,1 Hr,Valid
Dhaka,PM2.5 - Principal,2025-01-12 08:00 PM,2025,01,12,20,258.2,366,Hazardous,227.0,UG/M3,1 Hr,Valid
Dhaka,PM2.5 - Principal,2025-01-12 09:00 PM,2025,01,12,21,228.1,306,Hazardous,198.0,UG/M3,1 Hr,Valid
Dhaka,PM2.5 - Principal,2025-01-12 10:00 PM,2025,01,12,22,206.5,281,Very Unhealthy,185.0,UG/M3,1 Hr,Valid
Dhaka,PM2.5 - Principal,2025-01-12 11:00 PM,2025,01,12,23,199.2,274,Very Unhealthy,192.0,UG/M3,1 Hr,Valid
Dhaka,PM2.5 - Principal,2025-01-13 12:00 AM,2025,01,13,00,220.1,295,Very Unhealthy,241.0,UG/M3,1 Hr,Valid
Dhaka,PM2.5 - Principal,2025-01-13 01:00 AM,2025,01,13,01,228.0,306,Hazardous,236.0,UG/M3,1 Hr,Valid
Dhaka,PM2.5 - Principal,2025-01-13 02:00 AM,2025,01,13,02,237.5,325,Hazardous,247.0,UG/M3,1 Hr,Valid
Dhaka,PM2.5 - Principal,2025-01-13 03:00 AM,2025,01,13,03,241.8,333,Hazardous,246.0,UG/M3,1 Hr,Valid
Dhaka,PM2.5 - Principal,2025-01-13 04:00 AM,2025,01,13,04,252.9,356,Hazardous,264.0,UG/M3,1 Hr,Valid
Dhaka,PM2.5 - Principal,2025-01-13 05:00 AM,2025,01,13,05,313.9,477,Hazardous,375.0,UG/M3,1 Hr,Valid
Dhaka,PM2.5 - Principal,2025-01-13 06:00 AM,2025,01,13,06,380.5,610,Hazardous,447.0,UG/M3,1 Hr,Valid
Dhaka,PM2.5 - Principal,2025-01-13 07:00 AM,2025,01,13,07,390.2,629,Hazardous,400.0,UG/M3,1 Hr,Valid
Dhaka,PM2.5 - Principal,2025-01-13 08:00 AM,2025,01,13,08,322.6,494,Hazardous,255.0,UG/M3,1 Hr,Valid
Dhaka,PM2.5 - Principal,2025-01-13 09:00 AM,2025,01,13,09,331.8,513,Hazardous,341.0,UG/M3,1 Hr,Valid
Dhaka,PM2.5 - Principal,2025-01-13 10:00 AM,2025,01,13,10,368.4,586,Hazardous,405.0,UG/M3,1 Hr,Valid
Dhaka,PM2.5 - Principal,2025-01-13 11:00 AM,2025,01,13,11,309.7,469,Hazardous,246.0,UG/M3,1 Hr,Valid
Dhaka,PM2.5 - Principal,2025-01-13 12:00 PM,2025,01,13,12,214.5,289,Very Unhealthy,122.0,UG/M3,1 Hr,Valid
Dhaka,PM2.5 - Principal,2025-01-13 01:00 PM,2025,01,13,13,162.2,237,Very Unhealthy,110.0,UG/M3,1 Hr,Valid
Dhaka,PM2.5 - Principal,2025-01-13 02:00 PM,2025,01,13,14,140.1,215,Very Unhealthy,118.0,UG/M3,1 Hr,Valid
Dhaka,PM2.5 - Principal,2025-01-13 03:00 PM,2025,01,13,15,128.0,203,Very Unhealthy,116.0,UG/M3,1 Hr,Valid
Dhaka,PM2.5 - Principal,2025-01-13 04:00 PM,2025,01,13,16,135.5,211,Very Unhealthy,143.0,UG/M3,1 Hr,Valid
Dhaka,PM2.5 - Principal,2025-01-13 05:00 PM,2025,01,13,17,149.2,224,Very Unhealthy,163.0,UG/M3,1 Hr,Valid
Dhaka,PM2.5 - Principal,2025-01-13 06:00 PM,2025,01,13,18,180.0,255,Very Unhealthy,211.0,UG/M3,1 Hr,Valid
Dhaka,PM2.5 - Principal,2025-01-13 07:00 PM,2025,01,13,19,216.0,291,Very Unhealthy,252.0,UG/M3,1 Hr,Valid
Dhaka,PM2.5 - Principal,2025-01-13 08:00 PM,2025,01,13,20,245.0,340,Hazardous,274.0,UG/M3,1 Hr,Valid
Dhaka,PM2.5 - Principal,2025-01-13 09:00 PM,2025,01,13,21,242.9,336,Hazardous,241.0,UG/M3,1 Hr,Valid
Dhaka,PM2.5 - Principal,2025-01-13 10:00 PM,2025,01,13,22,240.4,331,Hazardous,238.0,UG/M3,1 Hr,Valid
Dhaka,PM2.5 - Principal,2025-01-13 11:00 PM,2025,01,13,23,245.2,340,Hazardous,250.0,UG/M3,1 Hr,Valid
Dhaka,PM2.5 - Principal,2025-01-14 12:00 AM,2025,01,14,00,251.6,353,Hazardous,258.0,UG/M3,1 Hr,Valid
Dhaka,PM2.5 - Principal,2025-01-14 01:00 AM,2025,01,14,01,245.8,341,Hazardous,240.0,UG/M3,1 Hr,Valid
Dhaka,PM2.5 - Principal,2025-01-14 02:00 AM,2025,01,14,02,228.9,308,Hazardous,212.0,UG/M3,1 Hr,Valid
Dhaka,PM2.5 - Principal,2025-01-14 03:00 AM,2025,01,14,03,226.9,304,Hazardous,224.0,UG/M3,1 Hr,Valid
Dhaka,PM2.5 - Principal,2025-01-14 04:00 AM,2025,01,14,04,214.3,289,Very Unhealthy,193.0,UG/M3,1 Hr,Valid
Dhaka,PM2.5 - Principal,2025-01-14 05:00 AM,2025,01,14,05,212.2,287,Very Unhealthy,193.0,UG/M3,1 Hr,Valid
Dhaka,PM2.5 - Principal,2025-01-14 06:00 AM,2025,01,14,06,207.0,282,Very Unhealthy,195.0,UG/M3,1 Hr,Valid
Dhaka,PM2.5 - Principal,2025-01-14 07:00 AM,2025,01,14,07,207.1,282,Very Unhealthy,208.0,UG/M3,1 Hr,Valid
Dhaka,PM2.5 - Principal,2025-01-14 08:00 AM,2025,01,14,08,210.1,285,Very Unhealthy,215.0,UG/M3,1 Hr,Valid
Dhaka,PM2.5 - Principal,2025-01-14 09:00 AM,2025,01,14,09,211.7,286,Very Unhealthy,217.0,UG/M3,1 Hr,Valid
Dhaka,PM2.5 - Principal,2025-01-14 10:00 AM,2025,01,14,10,211.5,286,Very Unhealthy,212.0,UG/M3,1 Hr,Valid
Dhaka,PM2.5 - Principal,2025-01-14 11:00 AM,2025,01,14,11,189.0,264,Very Unhealthy,155.0,UG/M3,1 Hr,Valid
Dhaka,PM2.5 - Principal,2025-01-14 12:00 PM,2025,01,14,12,144.3,220,Very Unhealthy,105.0,UG/M3,1 Hr,Valid
Dhaka,PM2.5 - Principal,2025-01-14 01:00 PM,2025,01,14,13,126.1,202,Very Unhealthy,108.0,UG/M3,1 Hr,Valid
Dhaka,PM2.5 - Principal,2025-01-14 02:00 PM,2025,01,14,14,118.5,195,Unhealthy,111.0,UG/M3,1 Hr,Valid
Dhaka,PM2.5 - Principal,2025-01-14 03:00 PM,2025,01,14,15,107.2,187,Unhealthy,96.0,UG/M3,1 Hr,Valid
Dhaka,PM2.5 - Principal,2025-01-14 04:00 PM,2025,01,14,16,103.1,184,Unhealthy,99.0,UG/M3,1 Hr,Valid
Dhaka,PM2.5 - Principal,2025-01-14 05:00 PM,2025,01,14,17,126.5,202,Very Unhealthy,150.0,UG/M3,1 Hr,Valid
Dhaka,PM2.5 - Principal,2025-01-14 06:00 PM,2025,01,14,18,155.7,231,Very Unhealthy,185.0,UG/M3,1 Hr,Valid
Dhaka,PM2.5 - Principal,2025-01-14 07:00 PM,2025,01,14,19,176.8,252,Very Unhealthy,198.0,UG/M3,1 Hr,Valid
Dhaka,PM2.5 - Principal,2025-01-14 08:00 PM,2025,01,14,20,193.9,269,Very Unhealthy,211.0,UG/M3,1 Hr,Valid
Dhaka,PM2.5 - Principal,2025-01-14 09:00 PM,2025,01,14,21,202.9,278,Very Unhealthy,212.0,UG/M3,1 Hr,Valid
Dhaka,PM2.5 - Principal,2025-01-14 10:00 PM,2025,01,14,22,210.9,286,Very Unhealthy,219.0,UG/M3,1 Hr,Valid
Dhaka,PM2.5 - Principal,2025-01-14 11:00 PM,2025,01,14,23,216.0,291,Very Unhealthy,221.0,UG/M3,1 Hr,Valid
Dhaka,PM2.5 - Principal,2025-01-15 12:00 AM,2025,01,15,00,208.5,283,Very Unhealthy,201.0,UG/M3,1 Hr,Valid
Dhaka,PM2.5 - Principal,2025-01-15 01:00 AM,2025,01,15,01,203.2,278,Very Unhealthy,198.0,UG/M3,1 Hr,Valid
Dhaka,PM2.5 - Principal,2025-01-15 02:00 AM,2025,01,15,02,203.1,278,Very Unhealthy,203.0,UG/M3,1 Hr,Valid
Dhaka,PM2.5 - Principal,2025-01-15 03:00 AM,2025,01,15,03,201.5,276,Very Unhealthy,200.0,UG/M3,1 Hr,Valid
Dhaka,PM2.5 - Principal,2025-01-15 04:00 AM,2025,01,15,04,204.2,279,Very Unhealthy,207.0,UG/M3,1 Hr,Valid
Dhaka,PM2.5 - Principal,2025-01-15 05:00 AM,2025,01,15,05,209.7,284,Very Unhealthy,228.0,UG/M3,1 Hr,Valid
Dhaka,PM2.5 - Principal,2025-01-15 06:00 AM,2025,01,15,06,213.1,288,Very Unhealthy,230.0,UG/M3,1 Hr,Valid
Dhaka,PM2.5 - Principal,2025-01-15 07:00 AM,2025,01,15,07,216.0,291,Very Unhealthy,228.0,UG/M3,1 Hr,Valid
Dhaka,PM2.5 - Principal,2025-01-15 08:00 AM,2025,01,15,08,215.9,291,Very Unhealthy,215.0,UG/M3,1 Hr,Valid
Dhaka,PM2.5 - Principal,2025-01-15 09:00 AM,2025,01,15,09,220.4,295,Very Unhealthy,237.0,UG/M3,1 Hr,Valid
Dhaka,PM2.5 - Principal,2025-01-15 10:00 AM,2025,01,15,10,219.6,294,Very Unhealthy,216.0,UG/M3,1 Hr,Valid
Dhaka,PM2.5 - Principal,2025-01-15 11:00 AM,2025,01,15,11,206.8,282,Very Unhealthy,170.0,UG/M3,1 Hr,Valid
Dhaka,PM2.5 - Principal,2025-01-15 12:00 PM,2025,01,15,12,161.4,237,Very Unhealthy,123.0,UG/M3,1 Hr,Valid
Dhaka,PM2.5 - Principal,2025-01-15 01:00 PM,2025,01,15,13,126.2,202,Very Unhealthy,93.0,UG/M3,1 Hr,Valid
Dhaka,PM2.5 - Principal,2025-01-15 02:00 PM,2025,01,15,14,101.6,183,Unhealthy,77.0,UG/M3,1 Hr,Valid
Dhaka,PM2.5 - Principal,2025-01-15 03:00 PM,2025,01,15,15,85.2,172,Unhealthy,69.0,UG/M3,1 Hr,Valid
Dhaka,PM2.5 - Principal,2025-01-15 04:00 PM,2025,01,15,16,81.6,169,Unhealthy,78.0,UG/M3,1 Hr,Valid
Dhaka,PM2.5 - Principal,2025-01-15 05:00 PM,2025,01,15,17,132.8,208,Very Unhealthy,184.0,UG/M3,1 Hr,Valid
Dhaka,PM2.5 - Principal,2025-01-15 06:00 PM,2025,01,15,18,163.9,239,Very Unhealthy,195.0,UG/M3,1 Hr,Valid
Dhaka,PM2.5 - Principal,2025-01-15 07:00 PM,2025,01,15,19,186.9,262,Very Unhealthy,210.0,UG/M3,1 Hr,Valid
Dhaka,PM2.5 - Principal,2025-01-15 08:00 PM,2025,01,15,20,207.9,283,Very Unhealthy,229.0,UG/M3,1 Hr,Valid
Dhaka,PM2.5 - Principal,2025-01-15 09:00 PM,2025,01,15,21,221.9,297,Very Unhealthy,236.0,UG/M3,1 Hr,Valid
Dhaka,PM2.5 - Principal,2025-01-15 10:00 PM,2025,01,15,22,227.9,306,Hazardous,234.0,UG/M3,1 Hr,Valid
Dhaka,PM2.5 - Principal,2025-01-15 11:00 PM,2025,01,15,23,230.5,311,Hazardous,233.0,UG/M3,1 Hr,Valid
Dhaka,PM2.5 - Principal,2025-01-16 12:00 AM,2025,01,16,00,219.2,294,Very Unhealthy,208.0,UG/M3,1 Hr,Valid
Dhaka,PM2.5 - Principal,2025-01-16 01:00 AM,2025,01,16,01,206.6,281,Very Unhealthy,194.0,UG/M3,1 Hr,Valid
Dhaka,PM2.5 - Principal,2025-01-16 02:00 AM,2025,01,16,02,195.8,271,Very Unhealthy,185.0,UG/M3,1 Hr,Valid
Dhaka,PM2.5 - Principal,2025-01-16 03:00 AM,2025,01,16,03,190.4,265,Very Unhealthy,185.0,UG/M3,1 Hr,Valid
Dhaka,PM2.5 - Principal,2025-01-16 04:00 AM,2025,01,16,04,198.4,273,Very Unhealthy,187.0,UG/M3,1 Hr,Valid
Dhaka,PM2.5 - Principal,2025-01-16 05:00 AM,2025,01,16,05,199.1,274,Very Unhealthy,200.0,UG/M3,1 Hr,Valid
Dhaka,PM2.5 - Principal,2025-01-16 06:00 AM,2025,01,16,06,202.1,277,Very Unhealthy,212.0,UG/M3,1 Hr,Valid
Dhaka,PM2.5 - Principal,2025-01-16 07:00 AM,2025,01,16,07,207.0,282,Very Unhealthy,224.0,UG/M3,1 Hr,Valid
Dhaka,PM2.5 - Principal,2025-01-16 08:00 AM,2025,01,16,08,220.3,295,Very Unhealthy,254.0,UG/M3,1 Hr,Valid
Dhaka,PM2.5 - Principal,2025-01-16 09:00 AM,2025,01,16,09,243.3,336,Hazardous,280.0,UG/M3,1 Hr,Valid
Dhaka,PM2.5 - Principal,2025-01-16 10:00 AM,2025,01,16,10,243.5,337,Hazardous,244.0,UG/M3,1 Hr,Valid
Dhaka,PM2.5 - Principal,2025-01-16 11:00 AM,2025,01,16,11,223.5,298,Very Unhealthy,185.0,UG/M3,1 Hr,Valid
Dhaka,PM2.5 - Principal,2025-01-16 12:00 PM,2025,01,16,12,188.8,264,Very Unhealthy,152.0,UG/M3,1 Hr,Valid
Dhaka,PM2.5 - Principal,2025-01-16 01:00 PM,2025,01,16,13,121.9,198,Unhealthy,59.0,UG/M3,1 Hr,Valid
Dhaka,PM2.5 - Principal,2025-01-16 02:00 PM,2025,01,16,14,113.9,192,Unhealthy,106.0,UG/M3,1 Hr,Valid
Dhaka,PM2.5 - Principal,2025-01-16 03:00 PM,2025,01,16,15,109.9,189,Unhealthy,106.0,UG/M3,1 Hr,Valid
Dhaka,PM2.5 - Principal,2025-01-16 04:00 PM,2025,01,16,16,112.4,191,Unhealthy,115.0,UG/M3,1 Hr,Valid
Dhaka,PM2.5 - Principal,2025-01-16 05:00 PM,2025,01,16,17,145.7,221,Very Unhealthy,179.0,UG/M3,1 Hr,Valid
Dhaka,PM2.5 - Principal,2025-01-16 06:00 PM,2025,01,16,18,192.3,267,Very Unhealthy,239.0,UG/M3,1 Hr,Valid
Dhaka,PM2.5 - Principal,2025-01-16 07:00 PM,2025,01,16,19,196.1,271,Very Unhealthy,200.0,UG/M3,1 Hr,Valid
Dhaka,PM2.5 - Principal,2025-01-16 08:00 PM,2025,01,16,20,210.0,285,Very Unhealthy,224.0,UG/M3,1 Hr,Valid
Dhaka,PM2.5 - Principal,2025-01-16 09:00 PM,2025,01,16,21,209.5,284,Very Unhealthy,209.0,UG/M3,1 Hr,Valid
Dhaka,PM2.5 - Principal,2025-01-16 10:00 PM,2025,01,16,22,221.2,296,Very Unhealthy,233.0,UG/M3,1 Hr,Valid
Dhaka,PM2.5 - Principal,2025-01-16 11:00 PM,2025,01,16,23,225.6,301,Hazardous,230.0,UG/M3,1 Hr,Valid
Dhaka,PM2.5 - Principal,2025-01-17 12:00 AM,2025,01,17,00,232.3,315,Hazardous,239.0,UG/M3,1 Hr,Valid
Dhaka,PM2.5 - Principal,2025-01-17 01:00 AM,2025,01,17,01,243.6,337,Hazardous,255.0,UG/M3,1 Hr,Valid
Dhaka,PM2.5 - Principal,2025-01-17 02:00 AM,2025,01,17,02,251.8,353,Hazardous,260.0,UG/M3,1 Hr,Valid
Dhaka,PM2.5 - Principal,2025-01-17 03:00 AM,2025,01,17,03,260.4,371,Hazardous,269.0,UG/M3,1 Hr,Valid
Dhaka,PM2.5 - Principal,2025-01-17 04:00 AM,2025,01,17,04,249.5,349,Hazardous,242.0,UG/M3,1 Hr,Valid
Dhaka,PM2.5 - Principal,2025-01-17 05:00 AM,2025,01,17,05,244.5,339,Hazardous,236.0,UG/M3,1 Hr,Valid
Dhaka,PM2.5 - Principal,2025-01-17 06:00 AM,2025,01,17,06,243.9,338,Hazardous,242.0,UG/M3,1 Hr,Valid
Dhaka,PM2.5 - Principal,2025-01-17 07:00 AM,2025,01,17,07,240.6,331,Hazardous,229.0,UG/M3,1 Hr,Valid
Dhaka,PM2.5 - Principal,2025-01-17 08:00 AM,2025,01,17,08,237.4,325,Hazardous,226.0,UG/M3,1 Hr,Valid
Dhaka,PM2.5 - Principal,2025-01-17 09:00 AM,2025,01,17,09,218.3,293,Very Unhealthy,183.0,UG/M3,1 Hr,Valid
Dhaka,PM2.5 - Principal,2025-01-17 10:00 AM,2025,01,17,10,172.0,247,Very Unhealthy,136.0,UG/M3,1 Hr,Valid
Dhaka,PM2.5 - Principal,2025-01-17 11:00 AM,2025,01,17,11,148.7,224,Very Unhealthy,126.0,UG/M3,1 Hr,Valid
Dhaka,PM2.5 - Principal,2025-01-17 12:00 PM,2025,01,17,12,118.3,195,Unhealthy,88.0,UG/M3,1 Hr,Valid
Dhaka,PM2.5 - Principal,2025-01-17 01:00 PM,2025,01,17,13,98.1,181,Unhealthy,78.0,UG/M3,1 Hr,Valid
Dhaka,PM2.5 - Principal,2025-01-17 02:00 PM,2025,01,17,14,90.5,176,Unhealthy,83.0,UG/M3,1 Hr,Valid
Dhaka,PM2.5 - Principal,2025-01-17 03:00 PM,2025,01,17,15,82.2,170,Unhealthy,74.0,UG/M3,1 Hr,Valid
Dhaka,PM2.5 - Principal,2025-01-17 04:00 PM,2025,01,17,16,90.6,176,Unhealthy,99.0,UG/M3,1 Hr,Valid
Dhaka,PM2.5 - Principal,2025-01-17 05:00 PM,2025,01,17,17,113.7,192,Unhealthy,137.0,UG/M3,1 Hr,Valid
Dhaka,PM2.5 - Principal,2025-01-17 06:00 PM,2025,01,17,18,139.8,215,Very Unhealthy,166.0,UG/M3,1 Hr,Valid
Dhaka,PM2.5 - Principal,2025-01-17 07:00 PM,2025,01,17,19,167.9,243,Very Unhealthy,196.0,UG/M3,1 Hr,Valid
Dhaka,PM2.5 - Principal,2025-01-17 08:00 PM,2025,01,17,20,192.9,268,Very Unhealthy,218.0,UG/M3,1 Hr,Valid
Dhaka,PM2.5 - Principal,2025-01-17 09:00 PM,2025,01,17,21,202.9,278,Very Unhealthy,213.0,UG/M3,1 Hr,Valid
Dhaka,PM2.5 - Principal,2025-01-17 10:00 PM,2025,01,17,22,227.5,305,Hazardous,252.0,UG/M3,1 Hr,Valid
Dhaka,PM2.5 - Principal,2025-01-17 11:00 PM,2025,01,17,23,225.7,301,Hazardous,224.0,UG/M3,1 Hr,Valid
Dhaka,PM2.5 - Principal,2025-01-18 12:00 AM,2025,01,18,00,212.3,287,Very Unhealthy,199.0,UG/M3,1 Hr,Valid
Dhaka,PM2.5 - Principal,2025-01-18 01:00 AM,2025,01,18,01,198.7,274,Very Unhealthy,185.0,UG/M3,1 Hr,Valid
Dhaka,PM2.5 - Principal,2025-01-18 02:00 AM,2025,01,18,02,196.8,272,Very Unhealthy,195.0,UG/M3,1 Hr,Valid
Dhaka,PM2.5 - Principal,2025-01-18 03:00 AM,2025,01,18,03,191.9,267,Very Unhealthy,187.0,UG/M3,1 Hr,Valid
Dhaka,PM2.5 - Principal,2025-01-18 04:00 AM,2025,01,18,04,203.0,278,Very Unhealthy,215.0,UG/M3,1 Hr,Valid
Dhaka,PM2.5 - Principal,2025-01-18 05:00 AM,2025,01,18,05,209.9,285,Very Unhealthy,224.0,UG/M3,1 Hr,Valid
Dhaka,PM2.5 - Principal,2025-01-18 06:00 AM,2025,01,18,06,217.2,292,Very Unhealthy,239.0,UG/M3,1 Hr,Valid
Dhaka,PM2.5 - Principal,2025-01-18 07:00 AM,2025,01,18,07,225.7,301,Hazardous,248.0,UG/M3,1 Hr,Valid
Dhaka,PM2.5 - Principal,2025-01-18 08:00 AM,2025,01,18,08,232.4,315,Hazardous,250.0,UG/M3,1 Hr,Valid
Dhaka,PM2.5 - Principal,2025-01-18 09:00 AM,2025,01,18,09,236.5,323,Hazardous,247.0,UG/M3,1 Hr,Valid
Dhaka,PM2.5 - Principal,2025-01-18 10:00 AM,2025,01,18,10,232.0,314,Hazardous,221.0,UG/M3,1 Hr,Valid
Dhaka,PM2.5 - Principal,2025-01-18 11:00 AM,2025,01,18,11,207.1,282,Very Unhealthy,160.0,UG/M3,1 Hr,Valid
Dhaka,PM2.5 - Principal,2025-01-18 12:00 PM,2025,01,18,12,142.2,218,Very Unhealthy,88.0,UG/M3,1 Hr,Valid
Dhaka,PM2.5 - Principal,2025-01-18 01:00 PM,2025,01,18,13,121.6,197,Unhealthy,101.0,UG/M3,1 Hr,Valid
Dhaka,PM2.5 - Principal,2025-01-18 02:00 PM,2025,01,18,14,95.2,179,Unhealthy,69.0,UG/M3,1 Hr,Valid
Dhaka,PM2.5 - Principal,2025-01-18 03:00 PM,2025,01,18,15,80.6,169,Unhealthy,66.0,UG/M3,1 Hr,Valid
Dhaka,PM2.5 - Principal,2025-01-18 04:00 PM,2025,01,18,16,78.8,167,Unhealthy,77.0,UG/M3,1 Hr,Valid
Dhaka,PM2.5 - Principal,2025-01-18 05:00 PM,2025,01,18,17,94.8,179,Unhealthy,111.0,UG/M3,1 Hr,Valid
Dhaka,PM2.5 - Principal,2025-01-18 06:00 PM,2025,01,18,18,121.4,197,Unhealthy,148.0,UG/M3,1 Hr,Valid
Dhaka,PM2.5 - Principal,2025-01-18 07:00 PM,2025,01,18,19,149.7,225,Very Unhealthy,178.0,UG/M3,1 Hr,Valid
Dhaka,PM2.5 - Principal,2025-01-18 08:00 PM,2025,01,18,20,184.8,260,Very Unhealthy,220.0,UG/M3,1 Hr,Valid
Dhaka,PM2.5 - Principal,2025-01-18 09:00 PM,2025,01,18,21,197.9,273,Very Unhealthy,211.0,UG/M3,1 Hr,Valid
Dhaka,PM2.5 - Principal,2025-01-18 10:00 PM,2025,01,18,22,198.9,274,Very Unhealthy,200.0,UG/M3,1 Hr,Valid
Dhaka,PM2.5 - Principal,2025-01-18 11:00 PM,2025,01,18,23,203.4,278,Very Unhealthy,208.0,UG/M3,1 Hr,Valid
Dhaka,PM2.5 - Principal,2025-01-19 12:00 AM,2025,01,19,00,193.7,269,Very Unhealthy,184.0,UG/M3,1 Hr,Valid
Dhaka,PM2.5 - Principal,2025-01-19 01:00 AM,2025,01,19,01,182.8,258,Very Unhealthy,172.0,UG/M3,1 Hr,Valid
Dhaka,PM2.5 - Principal,2025-01-19 02:00 AM,2025,01,19,02,171.4,246,Very Unhealthy,160.0,UG/M3,1 Hr,Valid
Dhaka,PM2.5 - Principal,2025-01-19 03:00 AM,2025,01,19,03,156.7,232,Very Unhealthy,142.0,UG/M3,1 Hr,Valid
Dhaka,PM2.5 - Principal,2025-01-19 04:00 AM,2025,01,19,04,151.5,227,Very Unhealthy,146.0,UG/M3,1 Hr,Valid
Dhaka,PM2.5 - Principal,2025-01-19 05:00 AM,2025,01,19,05,142.8,218,Very Unhealthy,127.0,UG/M3,1 Hr,Valid
Dhaka,PM2.5 - Principal,2025-01-19 06:00 AM,2025,01,19,06,141.6,217,Very Unhealthy,140.0,UG/M3,1 Hr,Valid
Dhaka,PM2.5 - Principal,2025-01-19 07:00 AM,2025,01,19,07,143.0,218,Very Unhealthy,145.0,UG/M3,1 Hr,Valid
Dhaka,PM2.5 - Principal,2025-01-19 08:00 AM,2025,01,19,08,134.6,210,Very Unhealthy,123.0,UG/M3,1 Hr,Valid
Dhaka,PM2.5 - Principal,2025-01-19 09:00 AM,2025,01,19,09,127.7,203,Very Unhealthy,119.0,UG/M3,1 Hr,Valid
Dhaka,PM2.5 - Principal,2025-01-19 10:00 AM,2025,01,19,10,119.9,196,Unhealthy,112.0,UG/M3,1 Hr,Valid
Dhaka,PM2.5 - Principal,2025-01-19 11:00 AM,2025,01,19,11,118.1,195,Unhealthy,112.0,UG/M3,1 Hr,Valid
Dhaka,PM2.5 - Principal,2025-01-19 12:00 PM,2025,01,19,12,110.6,190,Unhealthy,101.0,UG/M3,1 Hr,Valid
Dhaka,PM2.5 - Principal,2025-01-19 01:00 PM,2025,01,19,13,110.1,189,Unhealthy,107.0,UG/M3,1 Hr,Valid
Dhaka,PM2.5 - Principal,2025-01-19 02:00 PM,2025,01,19,14,100.2,182,Unhealthy,87.0,UG/M3,1 Hr,Valid
Dhaka,PM2.5 - Principal,2025-01-19 03:00 PM,2025,01,19,15,97.6,181,Unhealthy,94.0,UG/M3,1 Hr,Valid
Dhaka,PM2.5 - Principal,2025-01-19 04:00 PM,2025,01,19,16,97.0,180,Unhealthy,96.0,UG/M3,1 Hr,Valid
Dhaka,PM2.5 - Principal,2025-01-19 05:00 PM,2025,01,19,17,103.3,185,Unhealthy,113.0,UG/M3,1 Hr,Valid
Dhaka,PM2.5 - Principal,2025-01-19 06:00 PM,2025,01,19,18,114.0,192,Unhealthy,130.0,UG/M3,1 Hr,Valid
Dhaka,PM2.5 - Principal,2025-01-19 07:00 PM,2025,01,19,19,121.1,197,Unhealthy,136.0,UG/M3,1 Hr,Valid
Dhaka,PM2.5 - Principal,2025-01-19 08:00 PM,2025,01,19,20,130.5,206,Very Unhealthy,143.0,UG/M3,1 Hr,Valid
Dhaka,PM2.5 - Principal,2025-01-19 09:00 PM,2025,01,19,21,151.1,226,Very Unhealthy,169.0,UG/M3,1 Hr,Valid
Dhaka,PM2.5 - Principal,2025-01-19 10:00 PM,2025,01,19,22,173.4,248,Very Unhealthy,195.0,UG/M3,1 Hr,Valid
Dhaka,PM2.5 - Principal,2025-01-19 11:00 PM,2025,01,19,23,175.2,250,Very Unhealthy,177.0,UG/M3,1 Hr,Valid
Dhaka,PM2.5 - Principal,2025-01-20 12:00 AM,2025,01,20,00,175.1,250,Very Unhealthy,175.0,UG/M3,1 Hr,Valid
Dhaka,PM2.5 - Principal,2025-01-20 01:00 AM,2025,01,20,01,179.0,254,Very Unhealthy,183.0,UG/M3,1 Hr,Valid
Dhaka,PM2.5 - Principal,2025-01-20 02:00 AM,2025,01,20,02,179.0,254,Very Unhealthy,179.0,UG/M3,1 Hr,Valid
Dhaka,PM2.5 - Principal,2025-01-20 03:00 AM,2025,01,20,03,180.0,255,Very Unhealthy,181.0,UG/M3,1 Hr,Valid
Dhaka,PM2.5 - Principal,2025-01-20 04:00 AM,2025,01,20,04,180.9,256,Very Unhealthy,183.0,UG/M3,1 Hr,Valid
Dhaka,PM2.5 - Principal,2025-01-20 05:00 AM,2025,01,20,05,183.0,258,Very Unhealthy,189.0,UG/M3,1 Hr,Valid
Dhaka,PM2.5 - Principal,2025-01-20 06:00 AM,2025,01,20,06,186.8,262,Very Unhealthy,196.0,UG/M3,1 Hr,Valid
Dhaka,PM2.5 - Principal,2025-01-20 07:00 AM,2025,01,20,07,199.2,274,Very Unhealthy,220.0,UG/M3,1 Hr,Valid
Dhaka,PM2.5 - Principal,2025-01-20 08:00 AM,2025,01,20,08,196.0,271,Very Unhealthy,201.0,UG/M3,1 Hr,Valid
Dhaka,PM2.5 - Principal,2025-01-20 09:00 AM,2025,01,20,09,192.1,267,Very Unhealthy,180.0,UG/M3,1 Hr,Valid
Dhaka,PM2.5 - Principal,2025-01-20 10:00 AM,2025,01,20,10,194.6,269,Very Unhealthy,204.0,UG/M3,1 Hr,Valid
Dhaka,PM2.5 - Principal,2025-01-20 11:00 AM,2025,01,20,11,192.8,268,Very Unhealthy,185.0,UG/M3,1 Hr,Valid
Dhaka,PM2.5 - Principal,2025-01-20 12:00 PM,2025,01,20,12,178.6,254,Very Unhealthy,149.0,UG/M3,1 Hr,Valid
Dhaka,PM2.5 - Principal,2025-01-20 01:00 PM,2025,01,20,13,153.2,228,Very Unhealthy,126.0,UG/M3,1 Hr,Valid
Dhaka,PM2.5 - Principal,2025-01-20 02:00 PM,2025,01,20,14,135.4,211,Very Unhealthy,118.0,UG/M3,1 Hr,Valid
Dhaka,PM2.5 - Principal,2025-01-20 03:00 PM,2025,01,20,15,130.6,206,Very Unhealthy,125.0,UG/M3,1 Hr,Valid
Dhaka,PM2.5 - Principal,2025-01-20 04:00 PM,2025,01,20,16,132.6,208,Very Unhealthy,135.0,UG/M3,1 Hr,Valid
Dhaka,PM2.5 - Principal,2025-01-20 05:00 PM,2025,01,20,17,139.7,215,Very Unhealthy,148.0,UG/M3,1 Hr,Valid
Dhaka,PM2.5 - Principal,2025-01-20 06:00 PM,2025,01,20,18,159.7,235,Very Unhealthy,183.0,UG/M3,1 Hr,Valid
Dhaka,PM2.5 - Principal,2025-01-20 07:00 PM,2025,01,20,19,169.7,245,Very Unhealthy,186.0,UG/M3,1 Hr,Valid
Dhaka,PM2.5 - Principal,2025-01-20 08:00 PM,2025,01,20,20,174.4,249,Very Unhealthy,181.0,UG/M3,1 Hr,Valid
Dhaka,PM2.5 - Principal,2025-01-20 09:00 PM,2025,01,20,21,180.1,255,Very Unhealthy,188.0,UG/M3,1 Hr,Valid
Dhaka,PM2.5 - Principal,2025-01-20 10:00 PM,2025,01,20,22,191.8,267,Very Unhealthy,207.0,UG/M3,1 Hr,Valid
Dhaka,PM2.5 - Principal,2025-01-20 11:00 PM,2025,01,20,23,216.4,291,Very Unhealthy,238.0,UG/M3,1 Hr,Valid
Dhaka,PM2.5 - Principal,2025-01-21 12:00 AM,2025,01,21,00,234.7,319,Hazardous,253.0,UG/M3,1 Hr,Valid
Dhaka,PM2.5 - Principal,2025-01-21 01:00 AM,2025,01,21,01,240.3,330,Hazardous,246.0,UG/M3,1 Hr,Valid
Dhaka,PM2.5 - Principal,2025-01-21 02:00 AM,2025,01,21,02,240.2,330,Hazardous,240.0,UG/M3,1 Hr,Valid
Dhaka,PM2.5 - Principal,2025-01-21 03:00 AM,2025,01,21,03,243.4,337,Hazardous,248.0,UG/M3,1 Hr,Valid
Dhaka,PM2.5 - Principal,2025-01-21 04:00 AM,2025,01,21,04,267.6,385,Hazardous,292.0,UG/M3,1 Hr,Valid
Dhaka,PM2.5 - Principal,2025-01-21 05:00 AM,2025,01,21,05,256.1,362,Hazardous,249.0,UG/M3,1 Hr,Valid
Dhaka,PM2.5 - Principal,2025-01-21 06:00 AM,2025,01,21,06,265.7,381,Hazardous,281.0,UG/M3,1 Hr,Valid
Dhaka,PM2.5 - Principal,2025-01-21 07:00 AM,2025,01,21,07,280.3,410,Hazardous,301.0,UG/M3,1 Hr,Valid
Dhaka,PM2.5 - Principal,2025-01-21 08:00 AM,2025,01,21,08,276.1,402,Hazardous,271.0,UG/M3,1 Hr,Valid
Dhaka,PM2.5 - Principal,2025-01-21 09:00 AM,2025,01,21,09,258.1,366,Hazardous,223.0,UG/M3,1 Hr,Valid
Dhaka,PM2.5 - Principal,2025-01-21 10:00 AM,2025,01,21,10,240.5,331,Hazardous,204.0,UG/M3,1 Hr,Valid
Dhaka,PM2.5 - Principal,2025-01-21 11:00 AM,2025,01,21,11,203.4,278,Very Unhealthy,168.0,UG/M3,1 Hr,Valid
Dhaka,PM2.5 - Principal,2025-01-21 12:00 PM,2025,01,21,12,161.8,237,Very Unhealthy,126.0,UG/M3,1 Hr,Valid
Dhaka,PM2.5 - Principal,2025-01-21 01:00 PM,2025,01,21,13,146.3,222,Very Unhealthy,131.0,UG/M3,1 Hr,Valid
Dhaka,PM2.5 - Principal,2025-01-21 02:00 PM,2025,01,21,14,146.6,222,Very Unhealthy,147.0,UG/M3,1 Hr,Valid
Dhaka,PM2.5 - Principal,2025-01-21 03:00 PM,2025,01,21,15,156.8,232,Very Unhealthy,167.0,UG/M3,1 Hr,Valid
Dhaka,PM2.5 - Principal,2025-01-21 04:00 PM,2025,01,21,16,169.4,245,Very Unhealthy,182.0,UG/M3,1 Hr,Valid
Dhaka,PM2.5 - Principal,2025-01-21 05:00 PM,2025,01,21,17,191.1,266,Very Unhealthy,213.0,UG/M3,1 Hr,Valid
Dhaka,PM2.5 - Principal,2025-01-21 06:00 PM,2025,01,21,18,220.5,295,Very Unhealthy,250.0,UG/M3,1 Hr,Valid
Dhaka,PM2.5 - Principal,2025-01-21 07:00 PM,2025,01,21,19,261.2,372,Hazardous,302.0,UG/M3,1 Hr,Valid
Dhaka,PM2.5 - Principal,2025-01-21 08:00 PM,2025,01,21,20,318.6,486,Hazardous,376.0,UG/M3,1 Hr,Valid
Dhaka,PM2.5 - Principal,2025-01-21 09:00 PM,2025,01,21,21,319.8,489,Hazardous,321.0,UG/M3,1 Hr,Valid
Dhaka,PM2.5 - Principal,2025-01-21 10:00 PM,2025,01,21,22,357.9,565,Hazardous,396.0,UG/M3,1 Hr,Valid
Dhaka,PM2.5 - Principal,2025-01-21 11:00 PM,2025,01,21,23,375.4,600,Hazardous,393.0,UG/M3,1 Hr,Valid
Dhaka,PM2.5 - Principal,2025-01-22 12:00 AM,2025,01,22,00,381.7,612,Hazardous,388.0,UG/M3,1 Hr,Valid
Dhaka,PM2.5 - Principal,2025-01-22 01:00 AM,2025,01,22,01,499.4,847,Hazardous,617.0,UG/M3,1 Hr,Valid
Dhaka,PM2.5 - Principal,2025-01-22 02:00 AM,2025,01,22,02,523.2,894,Hazardous,547.0,UG/M3,1 Hr,Valid
Dhaka,PM2.5 - Principal,2025-01-22 03:00 AM,2025,01,22,03,546.1,940,Hazardous,569.0,UG/M3,1 Hr,Valid
Dhaka,PM2.5 - Principal,2025-01-22 04:00 AM,2025,01,22,04,503.1,854,Hazardous,460.0,UG/M3,1 Hr,Valid
Dhaka,PM2.5 - Principal,2025-01-22 05:00 AM,2025,01,22,05,471.5,791,Hazardous,440.0,UG/M3,1 Hr,Valid
Dhaka,PM2.5 - Principal,2025-01-22 06:00 AM,2025,01,22,06,432.3,713,Hazardous,393.0,UG/M3,1 Hr,Valid
Dhaka,PM2.5 - Principal,2025-01-22 07:00 AM,2025,01,22,07,421.8,692,Hazardous,408.0,UG/M3,1 Hr,Valid
Dhaka,PM2.5 - Principal,2025-01-22 08:00 AM,2025,01,22,08,507.3,862,Hazardous,600.0,UG/M3,1 Hr,Valid
Dhaka,PM2.5 - Principal,2025-01-22 09:00 AM,2025,01,22,09,601.5,1050,Hazardous,716.0,UG/M3,1 Hr,Valid
Dhaka,PM2.5 - Principal,2025-01-22 10:00 AM,2025,01,22,10,452.0,752,Hazardous,291.0,UG/M3,1 Hr,Valid
Dhaka,PM2.5 - Principal,2025-01-22 11:00 AM,2025,01,22,11,356.5,562,Hazardous,261.0,UG/M3,1 Hr,Valid
Dhaka,PM2.5 - Principal,2025-01-22 12:00 PM,2025,01,22,12,311.7,473,Hazardous,267.0,UG/M3,1 Hr,Valid
Dhaka,PM2.5 - Principal,2025-01-22 01:00 PM,2025,01,22,13,298.3,446,Hazardous,285.0,UG/M3,1 Hr,Valid
Dhaka,PM2.5 - Principal,2025-01-22 02:00 PM,2025,01,22,14,287.1,424,Hazardous,276.0,UG/M3,1 Hr,Valid
Dhaka,PM2.5 - Principal,2025-01-22 03:00 PM,2025,01,22,15,286.5,423,Hazardous,286.0,UG/M3,1 Hr,Valid
Dhaka,PM2.5 - Principal,2025-01-22 04:00 PM,2025,01,22,16,286.2,422,Hazardous,286.0,UG/M3,1 Hr,Valid
Dhaka,PM2.5 - Principal,2025-01-22 05:00 PM,2025,01,22,17,291.6,433,Hazardous,297.0,UG/M3,1 Hr,Valid
Dhaka,PM2.5 - Principal,2025-01-22 06:00 PM,2025,01,22,18,297.7,445,Hazardous,304.0,UG/M3,1 Hr,Valid
Dhaka,PM2.5 - Principal,2025-01-22 07:00 PM,2025,01,22,19,306.3,462,Hazardous,315.0,UG/M3,1 Hr,Valid
Dhaka,PM2.5 - Principal,2025-01-22 08:00 PM,2025,01,22,20,310.1,470,Hazardous,314.0,UG/M3,1 Hr,Valid
Dhaka,PM2.5 - Principal,2025-01-22 09:00 PM,2025,01,22,21,300.9,451,Hazardous,315.0,UG/M3,1 Hr,Valid
Dhaka,PM2.5 - Principal,2025-01-22 10:00 PM,2025,01,22,22,305.8,461,Hazardous,321.0,UG/M3,1 Hr,Valid
Dhaka,PM2.5 - Principal,2025-01-22 11:00 PM,2025,01,22,23,300.2,450,Hazardous,276.0,UG/M3,1 Hr,Valid
Dhaka,PM2.5 - Principal,2025-01-23 12:00 AM,2025,01,23,00,297.1,444,Hazardous,279.0,UG/M3,1 Hr,Valid
Dhaka,PM2.5 - Principal,2025-01-23 01:00 AM,2025,01,23,01,291.5,432,Hazardous,267.0,UG/M3,1 Hr,Valid
Dhaka,PM2.5 - Principal,2025-01-23 02:00 AM,2025,01,23,02,285.3,420,Hazardous,262.0,UG/M3,1 Hr,Valid
Dhaka,PM2.5 - Principal,2025-01-23 03:00 AM,2025,01,23,03,281.2,412,Hazardous,265.0,UG/M3,1 Hr,Valid
Dhaka,PM2.5 - Principal,2025-01-23 04:00 AM,2025,01,23,04,262.2,374,Hazardous,230.0,UG/M3,1 Hr,Valid
Dhaka,PM2.5 - Principal,2025-01-23 05:00 AM,2025,01,23,05,231.0,312,Hazardous,195.0,UG/M3,1 Hr,Valid
Dhaka,PM2.5 - Principal,2025-01-23 06:00 AM,2025,01,23,06,214.7,289,Very Unhealthy,192.0,UG/M3,1 Hr,Valid
Dhaka,PM2.5 - Principal,2025-01-23 07:00 AM,2025,01,23,07,200.9,276,Very Unhealthy,185.0,UG/M3,1 Hr,Valid
Dhaka,PM2.5 - Principal,2025-01-23 08:00 AM,2025,01,23,08,197.9,273,Very Unhealthy,194.0,UG/M3,1 Hr,Valid
Dhaka,PM2.5 - Principal,2025-01-23 09:00 AM,2025,01,23,09,203.4,278,Very Unhealthy,211.0,UG/M3,1 Hr,Valid
Dhaka,PM2.5 - Principal,2025-01-23 10:00 AM,2025,01,23,10,210.3,285,Very Unhealthy,220.0,UG/M3,1 Hr,Valid
Dhaka,PM2.5 - Principal,2025-01-23 11:00 AM,2025,01,23,11,211.7,286,Very Unhealthy,215.0,UG/M3,1 Hr,Valid
Dhaka,PM2.5 - Principal,2025-01-23 12:00 PM,2025,01,23,12,214.1,289,Very Unhealthy,220.0,UG/M3,1 Hr,Valid
Dhaka,PM2.5 - Principal,2025-01-23 01:00 PM,2025,01,23,13,215.0,290,Very Unhealthy,218.0,UG/M3,1 Hr,Valid
Dhaka,PM2.5 - Principal,2025-01-23 02:00 PM,2025,01,23,14,209.3,284,Very Unhealthy,197.0,UG/M3,1 Hr,Valid
Dhaka,PM2.5 - Principal,2025-01-23 03:00 PM,2025,01,23,15,262.9,376,Hazardous,332.0,UG/M3,1 Hr,Valid
Dhaka,PM2.5 - Principal,2025-01-23 04:00 PM,2025,01,23,16,232.3,315,Hazardous,194.0,UG/M3,1 Hr,Valid
Dhaka,PM2.5 - Principal,2025-01-23 05:00 PM,2025,01,23,17,226.9,304,Hazardous,220.0,UG/M3,1 Hr,Valid
Dhaka,PM2.5 - Principal,2025-01-23 06:00 PM,2025,01,23,18,245.5,341,Hazardous,269.0,UG/M3,1 Hr,Valid
Dhaka,PM2.5 - Principal,2025-01-23 07:00 PM,2025,01,23,19,263.1,376,Hazardous,289.0,UG/M3,1 Hr,Valid
Dhaka,PM2.5 - Principal,2025-01-23 08:00 PM,2025,01,23,20,285.2,420,Hazardous,316.0,UG/M3,1 Hr,Valid
Dhaka,PM2.5 - Principal,2025-01-23 09:00 PM,2025,01,23,21,313.7,477,Hazardous,347.0,UG/M3,1 Hr,Valid
Dhaka,PM2.5 - Principal,2025-01-23 10:00 PM,2025,01,23,22,311.6,473,Hazardous,309.0,UG/M3,1 Hr,Valid
Dhaka,PM2.5 - Principal,2025-01-23 11:00 PM,2025,01,23,23,294.6,439,Hazardous,273.0,UG/M3,1 Hr,Valid
Dhaka,PM2.5 - Principal,2025-01-24 12:00 AM,2025,01,24,00,271.8,393,Hazardous,243.0,UG/M3,1 Hr,Valid
Dhaka,PM2.5 - Principal,2025-01-24 01:00 AM,2025,01,24,01,244.1,338,Hazardous,209.0,UG/M3,1 Hr,Valid
Dhaka,PM2.5 - Principal,2025-01-24 02:00 AM,2025,01,24,02,228.2,306,Hazardous,208.0,UG/M3,1 Hr,Valid
Dhaka,PM2.5 - Principal,2025-01-24 03:00 AM,2025,01,24,03,220.1,295,Very Unhealthy,210.0,UG/M3,1 Hr,Valid
Dhaka,PM2.5 - Principal,2025-01-24 04:00 AM,2025,01,24,04,189.8,265,Very Unhealthy,163.0,UG/M3,1 Hr,Valid
Dhaka,PM2.5 - Principal,2025-01-24 05:00 AM,2025,01,24,05,176.9,252,Very Unhealthy,164.0,UG/M3,1 Hr,Valid
Dhaka,PM2.5 - Principal,2025-01-24 06:00 AM,2025,01,24,06,167.4,243,Very Unhealthy,158.0,UG/M3,1 Hr,Valid
Dhaka,PM2.5 - Principal,2025-01-24 07:00 AM,2025,01,24,07,162.2,237,Very Unhealthy,157.0,UG/M3,1 Hr,Valid
Dhaka,PM2.5 - Principal,2025-01-24 08:00 AM,2025,01,24,08,162.5,238,Very Unhealthy,163.0,UG/M3,1 Hr,Valid
Dhaka,PM2.5 - Principal,2025-01-24 09:00 AM,2025,01,24,09,180.0,255,Very Unhealthy,198.0,UG/M3,1 Hr,Valid
Dhaka,PM2.5 - Principal,2025-01-24 10:00 AM,2025,01,24,10,187.6,263,Very Unhealthy,200.0,UG/M3,1 Hr,Valid
Dhaka,PM2.5 - Principal,2025-01-24 11:00 AM,2025,01,24,11,192.7,268,Very Unhealthy,206.0,UG/M3,1 Hr,Valid
Dhaka,PM2.5 - Principal,2025-01-24 12:00 PM,2025,01,24,12,184.6,260,Very Unhealthy,173.0,UG/M3,1 Hr,Valid
Dhaka,PM2.5 - Principal,2025-01-24 01:00 PM,2025,01,24,13,181.6,257,Very Unhealthy,174.0,UG/M3,1 Hr,Valid
Dhaka,PM2.5 - Principal,2025-01-24 02:00 PM,2025,01,24,14,182.8,258,Very Unhealthy,187.0,UG/M3,1 Hr,Valid
Dhaka,PM2.5 - Principal,2025-01-24 03:00 PM,2025,01,24,15,185.2,260,Very Unhealthy,194.0,UG/M3,1 Hr,Valid
Dhaka,PM2.5 - Principal,2025-01-24 04:00 PM,2025,01,24,16,192.8,268,Very Unhealthy,212.0,UG/M3,1 Hr,Valid
Dhaka,PM2.5 - Principal,2025-01-24 05:00 PM,2025,01,24,17,219.3,294,Very Unhealthy,255.0,UG/M3,1 Hr,Valid
Dhaka,PM2.5 - Principal,2025-01-24 06:00 PM,2025,01,24,18,271.3,392,Hazardous,315.0,UG/M3,1 Hr,Valid
Dhaka,PM2.5 - Principal,2025-01-24 07:00 PM,2025,01,24,19,305.2,460,Hazardous,339.0,UG/M3,1 Hr,Valid
Dhaka,PM2.5 - Principal,2025-01-24 08:00 PM,2025,01,24,20,332.6,514,Hazardous,360.0,UG/M3,1 Hr,Valid
Dhaka,PM2.5 - Principal,2025-01-24 09:00 PM,2025,01,24,21,350.3,550,Hazardous,368.0,UG/M3,1 Hr,Valid
Dhaka,PM2.5 - Principal,2025-01-24 10:00 PM,2025,01,24,22,358.1,565,Hazardous,366.0,UG/M3,1 Hr,Valid
Dhaka,PM2.5 - Principal,2025-01-24 11:00 PM,2025,01,24,23,340.1,529,Hazardous,322.0,UG/M3,1 Hr,Valid
Dhaka,PM2.5 - Principal,2025-01-25 12:00 AM,2025,01,25,00,299.5,448,Hazardous,259.0,UG/M3,1 Hr,Valid
Dhaka,PM2.5 - Principal,2025-01-25 01:00 AM,2025,01,25,01,277.0,404,Hazardous,253.0,UG/M3,1 Hr,Valid
Dhaka,PM2.5 - Principal,2025-01-25 02:00 AM,2025,01,25,02,268.9,387,Hazardous,258.0,UG/M3,1 Hr,Valid
Dhaka,PM2.5 - Principal,2025-01-25 03:00 AM,2025,01,25,03,274.9,399,Hazardous,278.0,UG/M3,1 Hr,Valid
Dhaka,PM2.5 - Principal,2025-01-25 04:00 AM,2025,01,25,04,273.7,397,Hazardous,257.0,UG/M3,1 Hr,Valid
Dhaka,PM2.5 - Principal,2025-01-25 05:00 AM,2025,01,25,05,267.2,384,Hazardous,253.0,UG/M3,1 Hr,Valid
Dhaka,PM2.5 - Principal,2025-01-25 06:00 AM,2025,01,25,06,264.1,378,Hazardous,258.0,UG/M3,1 Hr,Valid
Dhaka,PM2.5 - Principal,2025-01-25 07:00 AM,2025,01,25,07,260.6,371,Hazardous,254.0,UG/M3,1 Hr,Valid
Dhaka,PM2.5 - Principal,2025-01-25 08:00 AM,2025,01,25,08,261.3,372,Hazardous,264.0,UG/M3,1 Hr,Valid
Dhaka,PM2.5 - Principal,2025-01-25 09:00 AM,2025,01,25,09,247.0,344,Hazardous,226.0,UG/M3,1 Hr,Valid
Dhaka,PM2.5 - Principal,2025-01-25 10:00 AM,2025,01,25,10,226.0,302,Hazardous,195.0,UG/M3,1 Hr,Valid
Dhaka,PM2.5 - Principal,2025-01-25 11:00 AM,2025,01,25,11,218.1,293,Very Unhealthy,190.0,UG/M3,1 Hr,Valid
Dhaka,PM2.5 - Principal,2025-01-25 12:00 PM,2025,01,25,12,207.1,282,Very Unhealthy,187.0,UG/M3,1 Hr,Valid
Dhaka,PM2.5 - Principal,2025-01-25 01:00 PM,2025,01,25,13,169.6,245,Very Unhealthy,142.0,UG/M3,1 Hr,Valid
Dhaka,PM2.5 - Principal,2025-01-25 02:00 PM,2025,01,25,14,144.4,220,Very Unhealthy,120.0,UG/M3,1 Hr,Valid
Dhaka,PM2.5 - Principal,2025-01-25 03:00 PM,2025,01,25,15,132.6,208,Very Unhealthy,121.0,UG/M3,1 Hr,Valid
Dhaka,PM2.5 - Principal,2025-01-25 04:00 PM,2025,01,25,16,137.8,213,Very Unhealthy,143.0,UG/M3,1 Hr,Valid
Dhaka,PM2.5 - Principal,2025-01-25 05:00 PM,2025,01,25,17,153.9,229,Very Unhealthy,170.0,UG/M3,1 Hr,Valid
Dhaka,PM2.5 - Principal,2025-01-25 06:00 PM,2025,01,25,18,206.4,281,Very Unhealthy,259.0,UG/M3,1 Hr,Valid
Dhaka,PM2.5 - Principal,2025-01-25 07:00 PM,2025,01,25,19,236.2,322,Hazardous,266.0,UG/M3,1 Hr,Valid
Dhaka,PM2.5 - Principal,2025-01-25 08:00 PM,2025,01,25,20,252.6,355,Hazardous,269.0,UG/M3,1 Hr,Valid
Dhaka,PM2.5 - Principal,2025-01-25 09:00 PM,2025,01,25,21,257.8,365,Hazardous,263.0,UG/M3,1 Hr,Valid
Dhaka,PM2.5 - Principal,2025-01-25 10:00 PM,2025,01,25,22,249.9,350,Hazardous,242.0,UG/M3,1 Hr,Valid
Dhaka,PM2.5 - Principal,2025-01-25 11:00 PM,2025,01,25,23,231.9,314,Hazardous,214.0,UG/M3,1 Hr,Valid
Dhaka,PM2.5 - Principal,2025-01-26 12:00 AM,2025,01,26,00,207.9,283,Very Unhealthy,184.0,UG/M3,1 Hr,Valid
Dhaka,PM2.5 - Principal,2025-01-26 01:00 AM,2025,01,26,01,188.9,264,Very Unhealthy,170.0,UG/M3,1 Hr,Valid
Dhaka,PM2.5 - Principal,2025-01-26 02:00 AM,2025,01,26,02,177.5,253,Very Unhealthy,166.0,UG/M3,1 Hr,Valid
Dhaka,PM2.5 - Principal,2025-01-26 03:00 AM,2025,01,26,03,173.6,249,Very Unhealthy,167.0,UG/M3,1 Hr,Valid
Dhaka,PM2.5 - Principal,2025-01-26 04:00 AM,2025,01,26,04,172.5,248,Very Unhealthy,164.0,UG/M3,1 Hr,Valid
Dhaka,PM2.5 - Principal,2025-01-26 05:00 AM,2025,01,26,05,196.6,271,Very Unhealthy,234.0,UG/M3,1 Hr,Valid
Dhaka,PM2.5 - Principal,2025-01-26 06:00 AM,2025,01,26,06,213.1,288,Very Unhealthy,239.0,UG/M3,1 Hr,Valid
Dhaka,PM2.5 - Principal,2025-01-26 07:00 AM,2025,01,26,07,216.1,291,Very Unhealthy,221.0,UG/M3,1 Hr,Valid
Dhaka,PM2.5 - Principal,2025-01-26 08:00 AM,2025,01,26,08,209.5,284,Very Unhealthy,200.0,UG/M3,1 Hr,Valid
Dhaka,PM2.5 - Principal,2025-01-26 09:00 AM,2025,01,26,09,194.2,269,Very Unhealthy,165.0,UG/M3,1 Hr,Valid
Dhaka,PM2.5 - Principal,2025-01-26 10:00 AM,2025,01,26,10,183.1,258,Very Unhealthy,161.0,UG/M3,1 Hr,Valid
Dhaka,PM2.5 - Principal,2025-01-26 11:00 AM,2025,01,26,11,166.6,242,Very Unhealthy,146.0,UG/M3,1 Hr,Valid
Dhaka,PM2.5 - Principal,2025-01-26 12:00 PM,2025,01,26,12,160.1,235,Very Unhealthy,150.0,UG/M3,1 Hr,Valid
Dhaka,PM2.5 - Principal,2025-01-26 01:00 PM,2025,01,26,13,145.9,221,Very Unhealthy,132.0,UG/M3,1 Hr,Valid
Dhaka,PM2.5 - Principal,2025-01-26 02:00 PM,2025,01,26,14,134.5,210,Very Unhealthy,124.0,UG/M3,1 Hr,Valid
Dhaka,PM2.5 - Principal,2025-01-26 03:00 PM,2025,01,26,15,131.3,207,Very Unhealthy,128.0,UG/M3,1 Hr,Valid
Dhaka,PM2.5 - Principal,2025-01-26 04:00 PM,2025,01,26,16,134.0,209,Very Unhealthy,137.0,UG/M3,1 Hr,Valid
Dhaka,PM2.5 - Principal,2025-01-26 05:00 PM,2025,01,26,17,144.1,219,Very Unhealthy,155.0,UG/M3,1 Hr,Valid
Dhaka,PM2.5 - Principal,2025-01-26 06:00 PM,2025,01,26,18,163.0,238,Very Unhealthy,188.0,UG/M3,1 Hr,Valid
Dhaka,PM2.5 - Principal,2025-01-26 07:00 PM,2025,01,26,19,184.5,259,Very Unhealthy,215.0,UG/M3,1 Hr,Valid
Dhaka,PM2.5 - Principal,2025-01-26 08:00 PM,2025,01,26,20,197.4,272,Very Unhealthy,215.0,UG/M3,1 Hr,Valid
Dhaka,PM2.5 - Principal,2025-01-26 09:00 PM,2025,01,26,21,206.0,281,Very Unhealthy,217.0,UG/M3,1 Hr,Valid
Dhaka,PM2.5 - Principal,2025-01-26 10:00 PM,2025,01,26,22,219.8,294,Very Unhealthy,233.0,UG/M3,1 Hr,Valid
Dhaka,PM2.5 - Principal,2025-01-26 11:00 PM,2025,01,26,23,231.7,313,Hazardous,243.0,UG/M3,1 Hr,Valid
Dhaka,PM2.5 - Principal,2025-01-27 12:00 AM,2025,01,27,00,231.9,314,Hazardous,232.0,UG/M3,1 Hr,Valid
Dhaka,PM2.5 - Principal,2025-01-27 01:00 AM,2025,01,27,01,229.0,308,Hazardous,226.0,UG/M3,1 Hr,Valid
Dhaka,PM2.5 - Principal,2025-01-27 02:00 AM,2025,01,27,02,235.6,321,Hazardous,243.0,UG/M3,1 Hr,Valid
Dhaka,PM2.5 - Principal,2025-01-27 03:00 AM,2025,01,27,03,242.4,335,Hazardous,251.0,UG/M3,1 Hr,Valid
Dhaka,PM2.5 - Principal,2025-01-27 04:00 AM,2025,01,27,04,254.3,358,Hazardous,271.0,UG/M3,1 Hr,Valid
Dhaka,PM2.5 - Principal,2025-01-27 05:00 AM,2025,01,27,05,254.9,360,Hazardous,269.0,UG/M3,1 Hr,Valid
Dhaka,PM2.5 - Principal,2025-01-27 06:00 AM,2025,01,27,06,272.3,394,Hazardous,310.0,UG/M3,1 Hr,Valid
Dhaka,PM2.5 - Principal,2025-01-27 07:00 AM,2025,01,27,07,270.2,390,Hazardous,265.0,UG/M3,1 Hr,Valid
Dhaka,PM2.5 - Principal,2025-01-27 08:00 AM,2025,01,27,08,259.8,369,Hazardous,236.0,UG/M3,1 Hr,Valid
Dhaka,PM2.5 - Principal,2025-01-27 09:00 AM,2025,01,27,09,255.0,360,Hazardous,242.0,UG/M3,1 Hr,Valid
Dhaka,PM2.5 - Principal,2025-01-27 10:00 AM,2025,01,27,10,250.4,351,Hazardous,238.0,UG/M3,1 Hr,Valid
Dhaka,PM2.5 - Principal,2025-01-27 11:00 AM,2025,01,27,11,242.4,335,Hazardous,223.0,UG/M3,1 Hr,Valid
Dhaka,PM2.5 - Principal,2025-01-27 12:00 PM,2025,01,27,12,209.8,285,Very Unhealthy,176.0,UG/M3,1 Hr,Valid
Dhaka,PM2.5 - Principal,2025-01-27 01:00 PM,2025,01,27,13,195.6,270,Very Unhealthy,177.0,UG/M3,1 Hr,Valid
Dhaka,PM2.5 - Principal,2025-01-27 02:00 PM,2025,01,27,14,179.8,255,Very Unhealthy,165.0,UG/M3,1 Hr,Valid
Dhaka,PM2.5 - Principal,2025-01-27 03:00 PM,2025,01,27,15,168.4,244,Very Unhealthy,158.0,UG/M3,1 Hr,Valid
Dhaka,PM2.5 - Principal,2025-01-27 04:00 PM,2025,01,27,16,169.1,244,Very Unhealthy,170.0,UG/M3,1 Hr,Valid
Dhaka,PM2.5 - Principal,2025-01-27 05:00 PM,2025,01,27,17,173.9,249,Very Unhealthy,179.0,UG/M3,1 Hr,Valid
Dhaka,PM2.5 - Principal,2025-01-27 06:00 PM,2025,01,27,18,199.8,275,Very Unhealthy,237.0,UG/M3,1 Hr,Valid
Dhaka,PM2.5 - Principal,2025-01-27 07:00 PM,2025,01,27,19,222.5,297,Very Unhealthy,259.0,UG/M3,1 Hr,Valid
Dhaka,PM2.5 - Principal,2025-01-27 08:00 PM,2025,01,27,20,219.9,295,Very Unhealthy,216.0,UG/M3,1 Hr,Valid
Dhaka,PM2.5 - Principal,2025-01-27 09:00 PM,2025,01,27,21,223.4,298,Very Unhealthy,229.0,UG/M3,1 Hr,Valid
Dhaka,PM2.5 - Principal,2025-01-27 10:00 PM,2025,01,27,22,229.1,308,Hazardous,238.0,UG/M3,1 Hr,Valid
Dhaka,PM2.5 - Principal,2025-01-27 11:00 PM,2025,01,27,23,235.3,321,Hazardous,245.0,UG/M3,1 Hr,Valid
Dhaka,PM2.5 - Principal,2025-01-28 12:00 AM,2025,01,28,00,247.6,345,Hazardous,265.0,UG/M3,1 Hr,Valid
Dhaka,PM2.5 - Principal,2025-01-28 01:00 AM,2025,01,28,01,279.5,409,Hazardous,309.0,UG/M3,1 Hr,Valid
Dhaka,PM2.5 - Principal,2025-01-28 02:00 AM,2025,01,28,02,409.2,667,Hazardous,538.0,UG/M3,1 Hr,Valid
Dhaka,PM2.5 - Principal,2025-01-28 03:00 AM,2025,01,28,03,412.6,674,Hazardous,416.0,UG/M3,1 Hr,Valid
Dhaka,PM2.5 - Principal,2025-01-28 04:00 AM,2025,01,28,04,354.8,559,Hazardous,297.0,UG/M3,1 Hr,Valid
Dhaka,PM2.5 - Principal,2025-01-28 05:00 AM,2025,01,28,05,301.9,453,Hazardous,249.0,UG/M3,1 Hr,Valid
Dhaka,PM2.5 - Principal,2025-01-28 06:00 AM,2025,01,28,06,282.4,414,Hazardous,263.0,UG/M3,1 Hr,Valid
Dhaka,PM2.5 - Principal,2025-01-28 07:00 AM,2025,01,28,07,270.2,390,Hazardous,258.0,UG/M3,1 Hr,Valid
Dhaka,PM2.5 - Principal,2025-01-28 08:00 AM,2025,01,28,08,255.1,360,Hazardous,240.0,UG/M3,1 Hr,Valid
Dhaka,PM2.5 - Principal,2025-01-28 09:00 AM,2025,01,28,09,249.0,348,Hazardous,243.0,UG/M3,1 Hr,Valid
Dhaka,PM2.5 - Principal,2025-01-28 10:00 AM,2025,01,28,10,232.5,315,Hazardous,216.0,UG/M3,1 Hr,Valid
Dhaka,PM2.5 - Principal,2025-01-28 11:00 AM,2025,01,28,11,214.7,289,Very Unhealthy,197.0,UG/M3,1 Hr,Valid
Dhaka,PM2.5 - Principal,2025-01-28 12:00 PM,2025,01,28,12,178.3,253,Very Unhealthy,142.0,UG/M3,1 Hr,Valid
Dhaka,PM2.5 - Principal,2025-01-28 01:00 PM,2025,01,28,13,155.1,230,Very Unhealthy,132.0,UG/M3,1 Hr,Valid
Dhaka,PM2.5 - Principal,2025-01-28 02:00 PM,2025,01,28,14,141.0,216,Very Unhealthy,127.0,UG/M3,1 Hr,Valid
Dhaka,PM2.5 - Principal,2025-01-28 03:00 PM,2025,01,28,15,133.4,209,Very Unhealthy,126.0,UG/M3,1 Hr,Valid
Dhaka,PM2.5 - Principal,2025-01-28 04:00 PM,2025,01,28,16,124.2,199,Unhealthy,115.0,UG/M3,1 Hr,Valid
Dhaka,PM2.5 - Principal,2025-01-28 05:00 PM,2025,01,28,17,131.5,207,Very Unhealthy,139.0,UG/M3,1 Hr,Valid
Dhaka,PM2.5 - Principal,2025-01-28 06:00 PM,2025,01,28,18,178.2,253,Very Unhealthy,225.0,UG/M3,1 Hr,Valid
Dhaka,PM2.5 - Principal,2025-01-28 07:00 PM,2025,01,28,19,230.6,311,Hazardous,283.0,UG/M3,1 Hr,Valid
Dhaka,PM2.5 - Principal,2025-01-28 08:00 PM,2025,01,28,20,286.3,422,Hazardous,342.0,UG/M3,1 Hr,Valid
Dhaka,PM2.5 - Principal,2025-01-28 09:00 PM,2025,01,28,21,315.1,479,Hazardous,344.0,UG/M3,1 Hr,Valid
Dhaka,PM2.5 - Principal,2025-01-28 10:00 PM,2025,01,28,22,339.1,527,Hazardous,363.0,UG/M3,1 Hr,Valid
Dhaka,PM2.5 - Principal,2025-01-28 11:00 PM,2025,01,28,23,386.5,622,Hazardous,434.0,UG/M3,1 Hr,Valid
Dhaka,PM2.5 - Principal,2025-01-29 12:00 AM,2025,01,29,00,500.8,849,Hazardous,615.0,UG/M3,1 Hr,Valid
Dhaka,PM2.5 - Principal,2025-01-29 01:00 AM,2025,01,29,01,492.9,834,Hazardous,485.0,UG/M3,1 Hr,Valid
Dhaka,PM2.5 - Principal,2025-01-29 02:00 AM,2025,01,29,02,539.0,925,Hazardous,585.0,UG/M3,1 Hr,Valid
Dhaka,PM2.5 - Principal,2025-01-29 03:00 AM,2025,01,29,03,550.5,948,Hazardous,562.0,UG/M3,1 Hr,Valid
Dhaka,PM2.5 - Principal,2025-01-29 04:00 AM,2025,01,29,04,385.2,619,Hazardous,220.0,UG/M3,1 Hr,Valid
Dhaka,PM2.5 - Principal,2025-01-29 05:00 AM,2025,01,29,05,322.1,493,Hazardous,259.0,UG/M3,1 Hr,Valid
Dhaka,PM2.5 - Principal,2025-01-29 06:00 AM,2025,01,29,06,323.0,495,Hazardous,324.0,UG/M3,1 Hr,Valid
Dhaka,PM2.5 - Principal,2025-01-29 07:00 AM,2025,01,29,07,305.0,459,Hazardous,287.0,UG/M3,1 Hr,Valid
Dhaka,PM2.5 - Principal,2025-01-29 08:00 AM,2025,01,29,08,354.0,557,Hazardous,403.0,UG/M3,1 Hr,Valid
Dhaka,PM2.5 - Principal,2025-01-29 09:00 AM,2025,01,29,09,363.0,575,Hazardous,372.0,UG/M3,1 Hr,Valid
Dhaka,PM2.5 - Principal,2025-01-29 10:00 AM,2025,01,29,10,309.9,469,Hazardous,257.0,UG/M3,1 Hr,Valid
Dhaka,PM2.5 - Principal,2025-01-29 11:00 AM,2025,01,29,11,309.4,468,Hazardous,309.0,UG/M3,1 Hr,Valid
Dhaka,PM2.5 - Principal,2025-01-29 12:00 PM,2025,01,29,12,222.1,297,Very Unhealthy,135.0,UG/M3,1 Hr,Valid
Dhaka,PM2.5 - Principal,2025-01-29 01:00 PM,2025,01,29,13,172.0,247,Very Unhealthy,122.0,UG/M3,1 Hr,Valid
Dhaka,PM2.5 - Principal,2025-01-29 02:00 PM,2025,01,29,14,144.9,220,Very Unhealthy,118.0,UG/M3,1 Hr,Valid
Dhaka,PM2.5 - Principal,2025-01-29 03:00 PM,2025,01,29,15,134.4,210,Very Unhealthy,124.0,UG/M3,1 Hr,Valid
Dhaka,PM2.5 - Principal,2025-01-29 04:00 PM,2025,01,29,16,123.7,199,Unhealthy,113.0,UG/M3,1 Hr,Valid
Dhaka,PM2.5 - Principal,2025-01-29 05:00 PM,2025,01,29,17,145.3,221,Very Unhealthy,167.0,UG/M3,1 Hr,Valid
Dhaka,PM2.5 - Principal,2025-01-29 06:00 PM,2025,01,29,18,212.1,287,Very Unhealthy,279.0,UG/M3,1 Hr,Valid
Dhaka,PM2.5 - Principal,2025-01-29 07:00 PM,2025,01,29,19,309.0,467,Hazardous,406.0,UG/M3,1 Hr,Valid
Dhaka,PM2.5 - Principal,2025-01-29 08:00 PM,2025,01,29,20,391.5,632,Hazardous,474.0,UG/M3,1 Hr,Valid
Dhaka,PM2.5 - Principal,2025-01-29 09:00 PM,2025,01,29,21,385.7,620,Hazardous,380.0,UG/M3,1 Hr,Valid
Dhaka,PM2.5 - Principal,2025-01-29 10:00 PM,2025,01,29,22,442.9,734,Hazardous,500.0,UG/M3,1 Hr,Valid
Dhaka,PM2.5 - Principal,2025-01-29 11:00 PM,2025,01,29,23,556.5,960,Hazardous,670.0,UG/M3,1 Hr,Valid
Dhaka,PM2.5 - Principal,2025-01-30 12:00 AM,2025,01,30,00,694.8,1236,Hazardous,833.0,UG/M3,1 Hr,Valid
Dhaka,PM2.5 - Principal,2025-01-30 01:00 AM,2025,01,30,01,763.0,1372,Hazardous,831.0,UG/M3,1 Hr,Valid
Dhaka,PM2.5 - Principal,2025-01-30 02:00 AM,2025,01,30,02,612.0,1071,Hazardous,461.0,UG/M3,1 Hr,Valid
Dhaka,PM2.5 - Principal,2025-01-30 03:00 AM,2025,01,30,03,593.0,1033,Hazardous,574.0,UG/M3,1 Hr,Valid
Dhaka,PM2.5 - Principal,2025-01-30 04:00 AM,2025,01,30,04,583.0,1013,Hazardous,573.0,UG/M3,1 Hr,Valid
Dhaka,PM2.5 - Principal,2025-01-30 05:00 AM,2025,01,30,05,523.0,894,Hazardous,463.0,UG/M3,1 Hr,Valid
Dhaka,PM2.5 - Principal,2025-01-30 06:00 AM,2025,01,30,06,535.0,918,Hazardous,547.0,UG/M3,1 Hr,Valid
Dhaka,PM2.5 - Principal,2025-01-30 07:00 AM,2025,01,30,07,476.5,801,Hazardous,418.0,UG/M3,1 Hr,Valid
Dhaka,PM2.5 - Principal,2025-01-30 08:00 AM,2025,01,30,08,446.2,741,Hazardous,416.0,UG/M3,1 Hr,Valid
Dhaka,PM2.5 - Principal,2025-01-30 09:00 AM,2025,01,30,09,318.6,486,Hazardous,191.0,UG/M3,1 Hr,Valid
Dhaka,PM2.5 - Principal,2025-01-30 10:00 AM,2025,01,30,10,231.7,313,Hazardous,145.0,UG/M3,1 Hr,Valid
Dhaka,PM2.5 - Principal,2025-01-30 11:00 AM,2025,01,30,11,177.8,253,Very Unhealthy,124.0,UG/M3,1 Hr,Valid
Dhaka,PM2.5 - Principal,2025-01-30 12:00 PM,2025,01,30,12,146.8,222,Very Unhealthy,116.0,UG/M3,1 Hr,Valid
Dhaka,PM2.5 - Principal,2025-01-30 01:00 PM,2025,01,30,13,134.8,210,Very Unhealthy,123.0,UG/M3,1 Hr,Valid
Dhaka,PM2.5 - Principal,2025-01-30 02:00 PM,2025,01,30,14,130.8,206,Very Unhealthy,127.0,UG/M3,1 Hr,Valid
Dhaka,PM2.5 - Principal,2025-01-30 03:00 PM,2025,01,30,15,126.3,202,Very Unhealthy,122.0,UG/M3,1 Hr,Valid
Dhaka,PM2.5 - Principal,2025-01-30 04:00 PM,2025,01,30,16,126.6,202,Very Unhealthy,127.0,UG/M3,1 Hr,Valid
Dhaka,PM2.5 - Principal,2025-01-30 05:00 PM,2025,01,30,17,129.7,205,Very Unhealthy,133.0,UG/M3,1 Hr,Valid
Dhaka,PM2.5 - Principal,2025-01-30 06:00 PM,2025,01,30,18,156.8,232,Very Unhealthy,184.0,UG/M3,1 Hr,Valid
Dhaka,PM2.5 - Principal,2025-01-30 07:00 PM,2025,01,30,19,172.3,247,Very Unhealthy,188.0,UG/M3,1 Hr,Valid
Dhaka,PM2.5 - Principal,2025-01-30 08:00 PM,2025,01,30,20,162.8,238,Very Unhealthy,159.0,UG/M3,1 Hr,Valid
Dhaka,PM2.5 - Principal,2025-01-30 09:00 PM,2025,01,30,21,147.6,223,Very Unhealthy,124.0,UG/M3,1 Hr,Valid
Dhaka,PM2.5 - Principal,2025-01-30 10:00 PM,2025,01,30,22,137.0,212,Very Unhealthy,120.0,UG/M3,1 Hr,Valid
Dhaka,PM2.5 - Principal,2025-01-30 11:00 PM,2025,01,30,23,129.7,205,Very Unhealthy,118.0,UG/M3,1 Hr,Valid
Dhaka,PM2.5 - Principal,2025-01-31 12:00 AM,2025,01,31,00,123.8,199,Unhealthy,115.0,UG/M3,1 Hr,Valid
Dhaka,PM2.5 - Principal,2025-01-31 01:00 AM,2025,01,31,01,120.4,196,Unhealthy,115.0,UG/M3,1 Hr,Valid
Dhaka,PM2.5 - Principal,2025-01-31 02:00 AM,2025,01,31,02,117.7,195,Unhealthy,114.0,UG/M3,1 Hr,Valid
Dhaka,PM2.5 - Principal,2025-01-31 03:00 AM,2025,01,31,03,116.2,194,Unhealthy,114.0,UG/M3,1 Hr,Valid
Dhaka,PM2.5 - Principal,2025-01-31 04:00 AM,2025,01,31,04,114.9,193,Unhealthy,113.0,UG/M3,1 Hr,Valid
Dhaka,PM2.5 - Principal,2025-01-31 05:00 AM,2025,01,31,05,115.3,193,Unhealthy,116.0,UG/M3,1 Hr,Valid
Dhaka,PM2.5 - Principal,2025-01-31 06:00 AM,2025,01,31,06,115.1,193,Unhealthy,115.0,UG/M3,1 Hr,Valid
Dhaka,PM2.5 - Principal,2025-01-31 07:00 AM,2025,01,31,07,117.3,194,Unhealthy,122.0,UG/M3,1 Hr,Valid
Dhaka,PM2.5 - Principal,2025-01-31 08:00 AM,2025,01,31,08,118.8,195,Unhealthy,130.0,UG/M3,1 Hr,Valid
Dhaka,PM2.5 - Principal,2025-01-31 09:00 AM,2025,01,31,09,119.9,196,Unhealthy,127.0,UG/M3,1 Hr,Valid
Dhaka,PM2.5 - Principal,2025-01-31 10:00 AM,2025,01,31,10,119.1,196,Unhealthy,115.0,UG/M3,1 Hr,Valid
Dhaka,PM2.5 - Principal,2025-01-31 11:00 AM,2025,01,31,11,119.3,196,Unhealthy,120.0,UG/M3,1 Hr,Valid
Dhaka,PM2.5 - Principal,2025-01-31 12:00 PM,2025,01,31,12,117.7,195,Unhealthy,109.0,UG/M3,1 Hr,Valid
Dhaka,PM2.5 - Principal,2025-01-31 01:00 PM,2025,01,31,13,116.5,194,Unhealthy,111.0,UG/M3,1 Hr,Valid
Dhaka,PM2.5 - Principal,2025-01-31 02:00 PM,2025,01,31,14,116.5,194,Unhealthy,116.0,UG/M3,1 Hr,Valid
Dhaka,PM2.5 - Principal,2025-01-31 03:00 PM,2025,01,31,15,117.0,194,Unhealthy,119.0,UG/M3,1 Hr,Valid
Dhaka,PM2.5 - Principal,2025-01-31 04:00 PM,2025,01,31,16,116.3,194,Unhealthy,113.0,UG/M3,1 Hr,Valid
Dhaka,PM2.5 - Principal,2025-01-31 05:00 PM,2025,01,31,17,115.7,193,Unhealthy,113.0,UG/M3,1 Hr,Valid
Dhaka,PM2.5 - Principal,2025-01-31 06:00 PM,2025,01,31,18,120.3,196,Unhealthy,138.0,UG/M3,1 Hr,Valid
Dhaka,PM2.5 - Principal,2025-01-31 07:00 PM,2025,01,31,19,129.8,205,Very Unhealthy,151.0,UG/M3,1 Hr,Valid
Dhaka,PM2.5 - Principal,2025-01-31 08:00 PM,2025,01,31,20,136.8,212,Very Unhealthy,153.0,UG/M3,1 Hr,Valid
Dhaka,PM2.5 - Principal,2025-01-31 09:00 PM,2025,01,31,21,155.7,231,Very Unhealthy,178.0,UG/M3,1 Hr,Valid
Dhaka,PM2.5 - Principal,2025-01-31 10:00 PM,2025,01,31,22,184.5,259,Very Unhealthy,210.0,UG/M3,1 Hr,Valid
Dhaka,PM2.5 - Principal,2025-01-31 11:00 PM,2025,01,31,23,202.9,278,Very Unhealthy,220.0,UG/M3,1 Hr,Valid
Dhaka,PM2.5 - Principal,2025-02-01 12:00 AM,2025,02,01,00,202.8,278,Very Unhealthy,203.0,UG/M3,1 Hr,Valid
Dhaka,PM2.5 - Principal,2025-02-01 01:00 AM,2025,02,01,01,209.5,284,Very Unhealthy,217.0,UG/M3,1 Hr,Valid
Dhaka,PM2.5 - Principal,2025-02-01 02:00 AM,2025,02,01,02,207.8,283,Very Unhealthy,206.0,UG/M3,1 Hr,Valid
Dhaka,PM2.5 - Principal,2025-02-01 03:00 AM,2025,02,01,03,228.5,307,Hazardous,249.0,UG/M3,1 Hr,Valid
Dhaka,PM2.5 - Principal,2025-02-01 04:00 AM,2025,02,01,04,189.7,265,Very Unhealthy,151.0,UG/M3,1 Hr,Valid
Dhaka,PM2.5 - Principal,2025-02-01 05:00 AM,2025,02,01,05,187.4,262,Very Unhealthy,181.0,UG/M3,1 Hr,Valid
Dhaka,PM2.5 - Principal,2025-02-01 06:00 AM,2025,02,01,06,153.1,228,Very Unhealthy,121.0,UG/M3,1 Hr,Valid
Dhaka,PM2.5 - Principal,2025-02-01 07:00 AM,2025,02,01,07,148.5,224,Very Unhealthy,144.0,UG/M3,1 Hr,Valid
Dhaka,PM2.5 - Principal,2025-02-01 08:00 AM,2025,02,01,08,193.8,269,Very Unhealthy,239.0,UG/M3,1 Hr,Valid
Dhaka,PM2.5 - Principal,2025-02-01 09:00 AM,2025,02,01,09,174.4,249,Very Unhealthy,155.0,UG/M3,1 Hr,Valid
Dhaka,PM2.5 - Principal,2025-02-01 10:00 AM,2025,02,01,10,172.1,247,Very Unhealthy,170.0,UG/M3,1 Hr,Valid
Dhaka,PM2.5 - Principal,2025-02-01 11:00 AM,2025,02,01,11,151.5,227,Very Unhealthy,131.0,UG/M3,1 Hr,Valid
Dhaka,PM2.5 - Principal,2025-02-01 12:00 PM,2025,02,01,12,138.7,214,Very Unhealthy,126.0,UG/M3,1 Hr,Valid
Dhaka,PM2.5 - Principal,2025-02-01 01:00 PM,2025,02,01,13,129.8,205,Very Unhealthy,121.0,UG/M3,1 Hr,Valid
Dhaka,PM2.5 - Principal,2025-02-01 02:00 PM,2025,02,01,14,118.4,195,Unhealthy,107.0,UG/M3,1 Hr,Valid
Dhaka,PM2.5 - Principal,2025-02-01 03:00 PM,2025,02,01,15,115.1,193,Unhealthy,112.0,UG/M3,1 Hr,Valid
Dhaka,PM2.5 - Principal,2025-02-01 04:00 PM,2025,02,01,16,114.0,192,Unhealthy,113.0,UG/M3,1 Hr,Valid
Dhaka,PM2.5 - Principal,2025-02-01 05:00 PM,2025,02,01,17,123.5,199,Unhealthy,133.0,UG/M3,1 Hr,Valid
Dhaka,PM2.5 - Principal,2025-02-01 06:00 PM,2025,02,01,18,138.2,214,Very Unhealthy,153.0,UG/M3,1 Hr,Valid
Dhaka,PM2.5 - Principal,2025-02-01 07:00 PM,2025,02,01,19,152.1,227,Very Unhealthy,166.0,UG/M3,1 Hr,Valid
Dhaka,PM2.5 - Principal,2025-02-01 08:00 PM,2025,02,01,20,174.1,249,Very Unhealthy,201.0,UG/M3,1 Hr,Valid
Dhaka,PM2.5 - Principal,2025-02-01 09:00 PM,2025,02,01,21,222.7,297,Very Unhealthy,269.0,UG/M3,1 Hr,Valid
Dhaka,PM2.5 - Principal,2025-02-01 10:00 PM,2025,02,01,22,241.9,334,Hazardous,261.0,UG/M3,1 Hr,Valid
Dhaka,PM2.5 - Principal,2025-02-01 11:00 PM,2025,02,01,23,242.9,336,Hazardous,244.0,UG/M3,1 Hr,Valid
Dhaka,PM2.5 - Principal,2025-02-02 12:00 AM,2025,02,02,00,219.9,295,Very Unhealthy,197.0,UG/M3,1 Hr,Valid
Dhaka,PM2.5 - Principal,2025-02-02 01:00 AM,2025,02,02,01,210.0,285,Very Unhealthy,200.0,UG/M3,1 Hr,Valid
Dhaka,PM2.5 - Principal,2025-02-02 02:00 AM,2025,02,02,02,208.0,283,Very Unhealthy,206.0,UG/M3,1 Hr,Valid
Dhaka,PM2.5 - Principal,2025-02-02 03:00 AM,2025,02,02,03,202.5,277,Very Unhealthy,197.0,UG/M3,1 Hr,Valid
Dhaka,PM2.5 - Principal,2025-02-02 04:00 AM,2025,02,02,04,206.2,281,Very Unhealthy,210.0,UG/M3,1 Hr,Valid
Dhaka,PM2.5 - Principal,2025-02-02 05:00 AM,2025,02,02,05,227.9,306,Hazardous,256.0,UG/M3,1 Hr,Valid
Dhaka,PM2.5 - Principal,2025-02-02 06:00 AM,2025,02,02,06,242.2,334,Hazardous,268.0,UG/M3,1 Hr,Valid
Dhaka,PM2.5 - Principal,2025-02-02 07:00 AM,2025,02,02,07,244.7,339,Hazardous,269.0,UG/M3,1 Hr,Valid
Dhaka,PM2.5 - Principal,2025-02-02 08:00 AM,2025,02,02,08,293.3,436,Hazardous,344.0,UG/M3,1 Hr,Valid
Dhaka,PM2.5 - Principal,2025-02-02 09:00 AM,2025,02,02,09,456.3,761,Hazardous,611.0,UG/M3,1 Hr,Valid
Dhaka,PM2.5 - Principal,2025-02-02 10:00 AM,2025,02,02,10,560.2,968,Hazardous,664.0,UG/M3,1 Hr,Valid
Dhaka,PM2.5 - Principal,2025-02-02 11:00 AM,2025,02,02,11,358.1,565,Hazardous,156.0,UG/M3,1 Hr,Valid
Dhaka,PM2.5 - Principal,2025-02-02 12:00 PM,2025,02,02,12,258.5,367,Hazardous,159.0,UG/M3,1 Hr,Valid
Dhaka,PM2.5 - Principal,2025-02-02 01:00 PM,2025,02,02,13,206.2,281,Very Unhealthy,154.0,UG/M3,1 Hr,Valid
Dhaka,PM2.5 - Principal,2025-02-02 02:00 PM,2025,02,02,14,171.6,247,Very Unhealthy,137.0,UG/M3,1 Hr,Valid
Dhaka,PM2.5 - Principal,2025-02-02 03:00 PM,2025,02,02,15,155.8,231,Very Unhealthy,140.0,UG/M3,1 Hr,Valid
Dhaka,PM2.5 - Principal,2025-02-02 04:00 PM,2025,02,02,16,144.8,220,Very Unhealthy,134.0,UG/M3,1 Hr,Valid
Dhaka,PM2.5 - Principal,2025-02-02 05:00 PM,2025,02,02,17,153.4,229,Very Unhealthy,162.0,UG/M3,1 Hr,Valid
Dhaka,PM2.5 - Principal,2025-02-02 06:00 PM,2025,02,02,18,179.7,255,Very Unhealthy,206.0,UG/M3,1 Hr,Valid
Dhaka,PM2.5 - Principal,2025-02-02 07:00 PM,2025,02,02,19,237.3,325,Hazardous,295.0,UG/M3,1 Hr,Valid
Dhaka,PM2.5 - Principal,2025-02-02 08:00 PM,2025,02,02,20,256.6,363,Hazardous,276.0,UG/M3,1 Hr,Valid
Dhaka,PM2.5 - Principal,2025-02-02 09:00 PM,2025,02,02,21,305.8,461,Hazardous,355.0,UG/M3,1 Hr,Valid
Dhaka,PM2.5 - Principal,2025-02-02 10:00 PM,2025,02,02,22,283.3,416,Hazardous,261.0,UG/M3,1 Hr,Valid
Dhaka,PM2.5 - Principal,2025-02-02 11:00 PM,2025,02,02,23,286.6,423,Hazardous,290.0,UG/M3,1 Hr,Valid
Dhaka,PM2.5 - Principal,2025-02-03 12:00 AM,2025,02,03,00,335.8,521,Hazardous,385.0,UG/M3,1 Hr,Valid
Dhaka,PM2.5 - Principal,2025-02-03 01:00 AM,2025,02,03,01,337.9,525,Hazardous,340.0,UG/M3,1 Hr,Valid
Dhaka,PM2.5 - Principal,2025-02-03 02:00 AM,2025,02,03,02,304.4,458,Hazardous,271.0,UG/M3,1 Hr,Valid
Dhaka,PM2.5 - Principal,2025-02-03 03:00 AM,2025,02,03,03,253.7,357,Hazardous,203.0,UG/M3,1 Hr,Valid
Dhaka,PM2.5 - Principal,2025-02-03 04:00 AM,2025,02,03,04,216.3,291,Very Unhealthy,179.0,UG/M3,1 Hr,Valid
Dhaka,PM2.5 - Principal,2025-02-03 05:00 AM,2025,02,03,05,190.1,265,Very Unhealthy,164.0,UG/M3,1 Hr,Valid
Dhaka,PM2.5 - Principal,2025-02-03 06:00 AM,2025,02,03,06,167.0,242,Very Unhealthy,144.0,UG/M3,1 Hr,Valid
Dhaka,PM2.5 - Principal,2025-02-03 07:00 AM,2025,02,03,07,157.5,233,Very Unhealthy,148.0,UG/M3,1 Hr,Valid
Dhaka,PM2.5 - Principal,2025-02-03 08:00 AM,2025,02,03,08,167.7,243,Very Unhealthy,178.0,UG/M3,1 Hr,Valid
Dhaka,PM2.5 - Principal,2025-02-03 09:00 AM,2025,02,03,09,186.8,262,Very Unhealthy,206.0,UG/M3,1 Hr,Valid
Dhaka,PM2.5 - Principal,2025-02-03 10:00 AM,2025,02,03,10,193.9,269,Very Unhealthy,201.0,UG/M3,1 Hr,Valid
Dhaka,PM2.5 - Principal,2025-02-03 11:00 AM,2025,02,03,11,194.4,269,Very Unhealthy,195.0,UG/M3,1 Hr,Valid
Dhaka,PM2.5 - Principal,2025-02-03 12:00 PM,2025,02,03,12,151.1,226,Very Unhealthy,108.0,UG/M3,1 Hr,Valid
Dhaka,PM2.5 - Principal,2025-02-03 01:00 PM,2025,02,03,13,114.0,192,Unhealthy,77.0,UG/M3,1 Hr,Valid
Dhaka,PM2.5 - Principal,2025-02-03 02:00 PM,2025,02,03,14,93.5,178,Unhealthy,73.0,UG/M3,1 Hr,Valid
Dhaka,PM2.5 - Principal,2025-02-03 03:00 PM,2025,02,03,15,87.2,173,Unhealthy,81.0,UG/M3,1 Hr,Valid
Dhaka,PM2.5 - Principal,2025-02-03 04:00 PM,2025,02,03,16,85.1,172,Unhealthy,83.0,UG/M3,1 Hr,Valid
Dhaka,PM2.5 - Principal,2025-02-03 05:00 PM,2025,02,03,17,100.0,182,Unhealthy,115.0,UG/M3,1 Hr,Valid
Dhaka,PM2.5 - Principal,2025-02-03 06:00 PM,2025,02,03,18,118.5,195,Unhealthy,137.0,UG/M3,1 Hr,Valid
Dhaka,PM2.5 - Principal,2025-02-03 07:00 PM,2025,02,03,19,132.7,208,Very Unhealthy,147.0,UG/M3,1 Hr,Valid
Dhaka,PM2.5 - Principal,2025-02-03 08:00 PM,2025,02,03,20,157.8,233,Very Unhealthy,183.0,UG/M3,1 Hr,Valid
Dhaka,PM2.5 - Principal,2025-02-03 09:00 PM,2025,02,03,21,184.9,260,Very Unhealthy,212.0,UG/M3,1 Hr,Valid
Dhaka,PM2.5 - Principal,2025-02-03 10:00 PM,2025,02,03,22,178.4,253,Very Unhealthy,172.0,UG/M3,1 Hr,Valid
Dhaka,PM2.5 - Principal,2025-02-03 11:00 PM,2025,02,03,23,218.2,293,Very Unhealthy,258.0,UG/M3,1 Hr,Valid
Dhaka,PM2.5 - Principal,2025-02-04 12:00 AM,2025,02,04,00,231.6,313,Hazardous,245.0,UG/M3,1 Hr,Valid
Dhaka,PM2.5 - Principal,2025-02-04 01:00 AM,2025,02,04,01,274.3,398,Hazardous,317.0,UG/M3,1 Hr,Valid
Dhaka,PM2.5 - Principal,2025-02-04 02:00 AM,2025,02,04,02,230.1,310,Hazardous,186.0,UG/M3,1 Hr,Valid
Dhaka,PM2.5 - Principal,2025-02-04 03:00 AM,2025,02,04,03,205.1,280,Very Unhealthy,180.0,UG/M3,1 Hr,Valid
Dhaka,PM2.5 - Principal,2025-02-04 04:00 AM,2025,02,04,04,196.0,271,Very Unhealthy,187.0,UG/M3,1 Hr,Valid
Dhaka,PM2.5 - Principal,2025-02-04 05:00 AM,2025,02,04,05,201.0,276,Very Unhealthy,206.0,UG/M3,1 Hr,Valid
Dhaka,PM2.5 - Principal,2025-02-04 06:00 AM,2025,02,04,06,223.5,298,Very Unhealthy,246.0,UG/M3,1 Hr,Valid
Dhaka,PM2.5 - Principal,2025-02-04 07:00 AM,2025,02,04,07,239.9,330,Hazardous,261.0,UG/M3,1 Hr,Valid
Dhaka,PM2.5 - Principal,2025-02-04 08:00 AM,2025,02,04,08,213.8,289,Very Unhealthy,183.0,UG/M3,1 Hr,Valid
Dhaka,PM2.5 - Principal,2025-02-04 09:00 AM,2025,02,04,09,180.3,255,Very Unhealthy,148.0,UG/M3,1 Hr,Valid
Dhaka,PM2.5 - Principal,2025-02-04 10:00 AM,2025,02,04,10,166.1,241,Very Unhealthy,152.0,UG/M3,1 Hr,Valid
Dhaka,PM2.5 - Principal,2025-02-04 11:00 AM,2025,02,04,11,153.5,229,Very Unhealthy,141.0,UG/M3,1 Hr,Valid
Dhaka,PM2.5 - Principal,2025-02-04 12:00 PM,2025,02,04,12,137.7,213,Very Unhealthy,122.0,UG/M3,1 Hr,Valid
Dhaka,PM2.5 - Principal,2025-02-04 01:00 PM,2025,02,04,13,120.3,196,Unhealthy,103.0,UG/M3,1 Hr,Valid
Dhaka,PM2.5 - Principal,2025-02-04 02:00 PM,2025,02,04,14,122.1,198,Unhealthy,124.0,UG/M3,1 Hr,Valid
Dhaka,PM2.5 - Principal,2025-02-04 03:00 PM,2025,02,04,15,127.5,203,Very Unhealthy,133.0,UG/M3,1 Hr,Valid
Dhaka,PM2.5 - Principal,2025-02-04 04:00 PM,2025,02,04,16,135.7,211,Very Unhealthy,144.0,UG/M3,1 Hr,Valid
Dhaka,PM2.5 - Principal,2025-02-04 05:00 PM,2025,02,04,17,155.8,231,Very Unhealthy,176.0,UG/M3,1 Hr,Valid
Dhaka,PM2.5 - Principal,2025-02-04 06:00 PM,2025,02,04,18,181.9,257,Very Unhealthy,208.0,UG/M3,1 Hr,Valid
Dhaka,PM2.5 - Principal,2025-02-04 07:00 PM,2025,02,04,19,188.9,264,Very Unhealthy,196.0,UG/M3,1 Hr,Valid
Dhaka,PM2.5 - Principal,2025-02-04 08:00 PM,2025,02,04,20,189.9,265,Very Unhealthy,191.0,UG/M3,1 Hr,Valid
Dhaka,PM2.5 - Principal,2025-02-04 09:00 PM,2025,02,04,21,193.4,268,Very Unhealthy,197.0,UG/M3,1 Hr,Valid
Dhaka,PM2.5 - Principal,2025-02-04 10:00 PM,2025,02,04,22,213.2,288,Very Unhealthy,233.0,UG/M3,1 Hr,Valid
Dhaka,PM2.5 - Principal,2025-02-04 11:00 PM,2025,02,04,23,221.6,296,Very Unhealthy,230.0,UG/M3,1 Hr,Valid
Dhaka,PM2.5 - Principal,2025-02-05 12:00 AM,2025,02,05,00,241.8,333,Hazardous,262.0,UG/M3,1 Hr,Valid
Dhaka,PM2.5 - Principal,2025-02-05 01:00 AM,2025,02,05,01,249.4,349,Hazardous,257.0,UG/M3,1 Hr,Valid
Dhaka,PM2.5 - Principal,2025-02-05 02:00 AM,2025,02,05,02,258.2,366,Hazardous,267.0,UG/M3,1 Hr,Valid
Dhaka,PM2.5 - Principal,2025-02-05 03:00 AM,2025,02,05,03,254.4,359,Hazardous,252.0,UG/M3,1 Hr,Valid
Dhaka,PM2.5 - Principal,2025-02-05 04:00 AM,2025,02,05,04,255.9,362,Hazardous,266.0,UG/M3,1 Hr,Valid
Dhaka,PM2.5 - Principal,2025-02-05 05:00 AM,2025,02,05,05,269.3,388,Hazardous,293.0,UG/M3,1 Hr,Valid
Dhaka,PM2.5 - Principal,2025-02-05 06:00 AM,2025,02,05,06,276.6,403,Hazardous,290.0,UG/M3,1 Hr,Valid
Dhaka,PM2.5 - Principal,2025-02-05 07:00 AM,2025,02,05,07,281.1,412,Hazardous,289.0,UG/M3,1 Hr,Valid
Dhaka,PM2.5 - Principal,2025-02-05 08:00 AM,2025,02,05,08,275.7,401,Hazardous,266.0,UG/M3,1 Hr,Valid
Dhaka,PM2.5 - Principal,2025-02-05 09:00 AM,2025,02,05,09,267.0,384,Hazardous,245.0,UG/M3,1 Hr,Valid
Dhaka,PM2.5 - Principal,2025-02-05 10:00 AM,2025,02,05,10,259.9,370,Hazardous,234.0,UG/M3,1 Hr,Valid
Dhaka,PM2.5 - Principal,2025-02-05 11:00 AM,2025,02,05,11,192.1,267,Very Unhealthy,137.0,UG/M3,1 Hr,Valid
Dhaka,PM2.5 - Principal,2025-02-05 12:00 PM,2025,02,05,12,174.5,250,Very Unhealthy,157.0,UG/M3,1 Hr,Valid
Dhaka,PM2.5 - Principal,2025-02-05 01:00 PM,2025,02,05,13,160.7,236,Very Unhealthy,147.0,UG/M3,1 Hr,Valid
Dhaka,PM2.5 - Principal,2025-02-05 02:00 PM,2025,02,05,14,146.8,222,Very Unhealthy,133.0,UG/M3,1 Hr,Valid
Dhaka,PM2.5 - Principal,2025-02-05 03:00 PM,2025,02,05,15,132.4,208,Very Unhealthy,118.0,UG/M3,1 Hr,Valid
Dhaka,PM2.5 - Principal,2025-02-05 04:00 PM,2025,02,05,16,132.1,208,Very Unhealthy,132.0,UG/M3,1 Hr,Valid
Dhaka,PM2.5 - Principal,2025-02-05 05:00 PM,2025,02,05,17,154.0,229,Very Unhealthy,176.0,UG/M3,1 Hr,Valid
Dhaka,PM2.5 - Principal,2025-02-05 06:00 PM,2025,02,05,18,190.0,265,Very Unhealthy,226.0,UG/M3,1 Hr,Valid
Dhaka,PM2.5 - Principal,2025-02-05 07:00 PM,2025,02,05,19,219.0,294,Very Unhealthy,248.0,UG/M3,1 Hr,Valid
Dhaka,PM2.5 - Principal,2025-02-05 08:00 PM,2025,02,05,20,241.0,332,Hazardous,263.0,UG/M3,1 Hr,Valid
Dhaka,PM2.5 - Principal,2025-02-05 09:00 PM,2025,02,05,21,322.0,493,Hazardous,403.0,UG/M3,1 Hr,Valid
Dhaka,PM2.5 - Principal,2025-02-05 10:00 PM,2025,02,05,22,416.0,680,Hazardous,510.0,UG/M3,1 Hr,Valid
Dhaka,PM2.5 - Principal,2025-02-05 11:00 PM,2025,02,05,23,450.0,748,Hazardous,484.0,UG/M3,1 Hr,Valid
Dhaka,PM2.5 - Principal,2025-02-06 12:00 AM,2025,02,06,00,479.5,807,Hazardous,509.0,UG/M3,1 Hr,Valid
Dhaka,PM2.5 - Principal,2025-02-06 01:00 AM,2025,02,06,01,425.8,700,Hazardous,372.0,UG/M3,1 Hr,Valid
Dhaka,PM2.5 - Principal,2025-02-06 02:00 AM,2025,02,06,02,452.4,753,Hazardous,479.0,UG/M3,1 Hr,Valid
Dhaka,PM2.5 - Principal,2025-02-06 03:00 AM,2025,02,06,03,555.7,959,Hazardous,659.0,UG/M3,1 Hr,Valid
Dhaka,PM2.5 - Principal,2025-02-06 04:00 AM,2025,02,06,04,569.4,986,Hazardous,583.0,UG/M3,1 Hr,Valid
Dhaka,PM2.5 - Principal,2025-02-06 05:00 AM,2025,02,06,05,479.2,806,Hazardous,389.0,UG/M3,1 Hr,Valid
Dhaka,PM2.5 - Principal,2025-02-06 06:00 AM,2025,02,06,06,422.6,694,Hazardous,366.0,UG/M3,1 Hr,Valid
Dhaka,PM2.5 - Principal,2025-02-06 07:00 AM,2025,02,06,07,408.3,665,Hazardous,394.0,UG/M3,1 Hr,Valid
Dhaka,PM2.5 - Principal,2025-02-06 08:00 AM,2025,02,06,08,347.1,543,Hazardous,286.0,UG/M3,1 Hr,Valid
Dhaka,PM2.5 - Principal,2025-02-06 09:00 AM,2025,02,06,09,260.0,370,Hazardous,173.0,UG/M3,1 Hr,Valid
Dhaka,PM2.5 - Principal,2025-02-06 10:00 AM,2025,02,06,10,192.9,268,Very Unhealthy,126.0,UG/M3,1 Hr,Valid
Dhaka,PM2.5 - Principal,2025-02-06 11:00 AM,2025,02,06,11,165.9,241,Very Unhealthy,139.0,UG/M3,1 Hr,Valid
Dhaka,PM2.5 - Principal,2025-02-06 12:00 PM,2025,02,06,12,142.4,218,Very Unhealthy,119.0,UG/M3,1 Hr,Valid
Dhaka,PM2.5 - Principal,2025-02-06 01:00 PM,2025,02,06,13,132.6,208,Very Unhealthy,123.0,UG/M3,1 Hr,Valid
Dhaka,PM2.5 - Principal,2025-02-06 02:00 PM,2025,02,06,14,171.8,247,Very Unhealthy,211.0,UG/M3,1 Hr,Valid
Dhaka,PM2.5 - Principal,2025-02-06 03:00 PM,2025,02,06,15,131.8,207,Very Unhealthy,92.0,UG/M3,1 Hr,Valid
Dhaka,PM2.5 - Principal,2025-02-06 04:00 PM,2025,02,06,16,111.8,190,Unhealthy,92.0,UG/M3,1 Hr,Valid
Dhaka,PM2.5 - Principal,2025-02-06 05:00 PM,2025,02,06,17,100.8,183,Unhealthy,90.0,UG/M3,1 Hr,Valid
Dhaka,PM2.5 - Principal,2025-02-06 06:00 PM,2025,02,06,18,108.9,188,Unhealthy,117.0,UG/M3,1 Hr,Valid
Dhaka,PM2.5 - Principal,2025-02-06 07:00 PM,2025,02,06,19,118.9,195,Unhealthy,129.0,UG/M3,1 Hr,Valid
Dhaka,PM2.5 - Principal,2025-02-06 08:00 PM,2025,02,06,20,138.9,214,Very Unhealthy,159.0,UG/M3,1 Hr,Valid
Dhaka,PM2.5 - Principal,2025-02-06 09:00 PM,2025,02,06,21,149.4,225,Very Unhealthy,160.0,UG/M3,1 Hr,Valid
Dhaka,PM2.5 - Principal,2025-02-06 10:00 PM,2025,02,06,22,161.7,237,Very Unhealthy,174.0,UG/M3,1 Hr,Valid
Dhaka,PM2.5 - Principal,2025-02-06 11:00 PM,2025,02,06,23,194.3,269,Very Unhealthy,227.0,UG/M3,1 Hr,Valid
Dhaka,PM2.5 - Principal,2025-02-07 12:00 AM,2025,02,07,00,210.7,285,Very Unhealthy,227.0,UG/M3,1 Hr,Valid
Dhaka,PM2.5 - Principal,2025-02-07 01:00 AM,2025,02,07,01,182.3,257,Very Unhealthy,154.0,UG/M3,1 Hr,Valid
Dhaka,PM2.5 - Principal,2025-02-07 02:00 AM,2025,02,07,02,149.6,225,Very Unhealthy,117.0,UG/M3,1 Hr,Valid
Dhaka,PM2.5 - Principal,2025-02-07 03:00 AM,2025,02,07,03,132.3,208,Very Unhealthy,115.0,UG/M3,1 Hr,Valid
Dhaka,PM2.5 - Principal,2025-02-07 04:00 AM,2025,02,07,04,122.1,198,Unhealthy,112.0,UG/M3,1 Hr,Valid
Dhaka,PM2.5 - Principal,2025-02-07 05:00 AM,2025,02,07,05,113.5,192,Unhealthy,105.0,UG/M3,1 Hr,Valid
Dhaka,PM2.5 - Principal,2025-02-07 06:00 AM,2025,02,07,06,113.2,191,Unhealthy,113.0,UG/M3,1 Hr,Valid
Dhaka,PM2.5 - Principal,2025-02-07 07:00 AM,2025,02,07,07,105.1,186,Unhealthy,97.0,UG/M3,1 Hr,Valid
Dhaka,PM2.5 - Principal,2025-02-07 08:00 AM,2025,02,07,08,94.5,178,Unhealthy,84.0,UG/M3,1 Hr,Valid
Dhaka,PM2.5 - Principal,2025-02-07 09:00 AM,2025,02,07,09,87.2,173,Unhealthy,80.0,UG/M3,1 Hr,Valid
Dhaka,PM2.5 - Principal,2025-02-07 10:00 AM,2025,02,07,10,78.1,167,Unhealthy,69.0,UG/M3,1 Hr,Valid
Dhaka,PM2.5 - Principal,2025-02-07 11:00 AM,2025,02,07,11,76.0,165,Unhealthy,74.0,UG/M3,1 Hr,Valid
Dhaka,PM2.5 - Principal,2025-02-07 12:00 PM,2025,02,07,12,74.0,164,Unhealthy,72.0,UG/M3,1 Hr,Valid
Dhaka,PM2.5 - Principal,2025-02-07 01:00 PM,2025,02,07,13,73.7,164,Unhealthy,71.0,UG/M3,1 Hr,Valid
Dhaka,PM2.5 - Principal,2025-02-07 02:00 PM,2025,02,07,14,72.2,163,Unhealthy,70.0,UG/M3,1 Hr,Valid
Dhaka,PM2.5 - Principal,2025-02-07 03:00 PM,2025,02,07,15,69.5,161,Unhealthy,66.0,UG/M3,1 Hr,Valid
Dhaka,PM2.5 - Principal,2025-02-07 04:00 PM,2025,02,07,16,68.0,160,Unhealthy,66.0,UG/M3,1 Hr,Valid
Dhaka,PM2.5 - Principal,2025-02-07 05:00 PM,2025,02,07,17,67.1,159,Unhealthy,66.0,UG/M3,1 Hr,Valid
Dhaka,PM2.5 - Principal,2025-02-07 06:00 PM,2025,02,07,18,101.3,183,Unhealthy,136.0,UG/M3,1 Hr,Valid
Dhaka,PM2.5 - Principal,2025-02-07 07:00 PM,2025,02,07,19,139.1,214,Very Unhealthy,177.0,UG/M3,1 Hr,Valid
Dhaka,PM2.5 - Principal,2025-02-07 08:00 PM,2025,02,07,20,166.5,242,Very Unhealthy,194.0,UG/M3,1 Hr,Valid
Dhaka,PM2.5 - Principal,2025-02-07 09:00 PM,2025,02,07,21,175.8,251,Very Unhealthy,185.0,UG/M3,1 Hr,Valid
Dhaka,PM2.5 - Principal,2025-02-07 10:00 PM,2025,02,07,22,223.9,299,Very Unhealthy,272.0,UG/M3,1 Hr,Valid
Dhaka,PM2.5 - Principal,2025-02-07 11:00 PM,2025,02,07,23,268.9,387,Hazardous,314.0,UG/M3,1 Hr,Valid
Dhaka,PM2.5 - Principal,2025-02-08 12:00 AM,2025,02,08,00,230.0,310,Hazardous,191.0,UG/M3,1 Hr,Valid
Dhaka,PM2.5 - Principal,2025-02-08 01:00 AM,2025,02,08,01,299.0,447,Hazardous,368.0,UG/M3,1 Hr,Valid
Dhaka,PM2.5 - Principal,2025-02-08 02:00 AM,2025,02,08,02,276.0,402,Hazardous,253.0,UG/M3,1 Hr,Valid
Dhaka,PM2.5 - Principal,2025-02-08 03:00 AM,2025,02,08,03,238.5,327,Hazardous,201.0,UG/M3,1 Hr,Valid
Dhaka,PM2.5 - Principal,2025-02-08 04:00 AM,2025,02,08,04,206.7,281,Very Unhealthy,175.0,UG/M3,1 Hr,Valid
Dhaka,PM2.5 - Principal,2025-02-08 05:00 AM,2025,02,08,05,195.9,271,Very Unhealthy,185.0,UG/M3,1 Hr,Valid
Dhaka,PM2.5 - Principal,2025-02-08 06:00 AM,2025,02,08,06,178.9,254,Very Unhealthy,162.0,UG/M3,1 Hr,Valid
Dhaka,PM2.5 - Principal,2025-02-08 07:00 AM,2025,02,08,07,169.4,245,Very Unhealthy,160.0,UG/M3,1 Hr,Valid
Dhaka,PM2.5 - Principal,2025-02-08 08:00 AM,2025,02,08,08,136.2,212,Very Unhealthy,103.0,UG/M3,1 Hr,Valid
Dhaka,PM2.5 - Principal,2025-02-08 09:00 AM,2025,02,08,09,109.6,189,Unhealthy,83.0,UG/M3,1 Hr,Valid
Dhaka,PM2.5 - Principal,2025-02-08 10:00 AM,2025,02,08,10,95.7,179,Unhealthy,82.0,UG/M3,1 Hr,Valid
Dhaka,PM2.5 - Principal,2025-02-08 11:00 AM,2025,02,08,11,84.3,171,Unhealthy,73.0,UG/M3,1 Hr,Valid
Dhaka,PM2.5 - Principal,2025-02-08 12:00 PM,2025,02,08,12,79.6,168,Unhealthy,75.0,UG/M3,1 Hr,Valid
Dhaka,PM2.5 - Principal,2025-02-08 01:00 PM,2025,02,08,13,73.2,163,Unhealthy,67.0,UG/M3,1 Hr,Valid
Dhaka,PM2.5 - Principal,2025-02-08 02:00 PM,2025,02,08,14,68.1,160,Unhealthy,63.0,UG/M3,1 Hr,Valid
Dhaka,PM2.5 - Principal,2025-02-08 03:00 PM,2025,02,08,15,63.5,157,Unhealthy,59.0,UG/M3,1 Hr,Valid
Dhaka,PM2.5 - Principal,2025-02-08 04:00 PM,2025,02,08,16,60.7,155,Unhealthy,58.0,UG/M3,1 Hr,Valid
Dhaka,PM2.5 - Principal,2025-02-08 05:00 PM,2025,02,08,17,68.8,160,Unhealthy,77.0,UG/M3,1 Hr,Valid
Dhaka,PM2.5 - Principal,2025-02-08 06:00 PM,2025,02,08,18,88.9,174,Unhealthy,109.0,UG/M3,1 Hr,Valid
Dhaka,PM2.5 - Principal,2025-02-08 07:00 PM,2025,02,08,19,112.9,191,Unhealthy,137.0,UG/M3,1 Hr,Valid
Dhaka,PM2.5 - Principal,2025-02-08 08:00 PM,2025,02,08,20,120.4,196,Unhealthy,128.0,UG/M3,1 Hr,Valid
Dhaka,PM2.5 - Principal,2025-02-08 09:00 PM,2025,02,08,21,125.2,200,Unhealthy,130.0,UG/M3,1 Hr,Valid
Dhaka,PM2.5 - Principal,2025-02-08 10:00 PM,2025,02,08,22,137.1,212,Very Unhealthy,149.0,UG/M3,1 Hr,Valid
Dhaka,PM2.5 - Principal,2025-02-08 11:00 PM,2025,02,08,23,130.5,206,Very Unhealthy,124.0,UG/M3,1 Hr,Valid
Dhaka,PM2.5 - Principal,2025-02-09 12:00 AM,2025,02,09,00,140.7,216,Very Unhealthy,151.0,UG/M3,1 Hr,Valid
Dhaka,PM2.5 - Principal,2025-02-09 01:00 AM,2025,02,09,01,152.9,228,Very Unhealthy,165.0,UG/M3,1 Hr,Valid
Dhaka,PM2.5 - Principal,2025-02-09 02:00 AM,2025,02,09,02,148.4,224,Very Unhealthy,144.0,UG/M3,1 Hr,Valid
Dhaka,PM2.5 - Principal,2025-02-09 03:00 AM,2025,02,09,03,145.7,221,Very Unhealthy,143.0,UG/M3,1 Hr,Valid
Dhaka,PM2.5 - Principal,2025-02-09 04:00 AM,2025,02,09,04,145.8,221,Very Unhealthy,146.0,UG/M3,1 Hr,Valid
Dhaka,PM2.5 - Principal,2025-02-09 05:00 AM,2025,02,09,05,151.1,226,Very Unhealthy,162.0,UG/M3,1 Hr,Valid
Dhaka,PM2.5 - Principal,2025-02-09 06:00 AM,2025,02,09,06,160.9,236,Very Unhealthy,182.0,UG/M3,1 Hr,Valid
Dhaka,PM2.5 - Principal,2025-02-09 07:00 AM,2025,02,09,07,166.5,242,Very Unhealthy,178.0,UG/M3,1 Hr,Valid
Dhaka,PM2.5 - Principal,2025-02-09 08:00 AM,2025,02,09,08,160.9,236,Very Unhealthy,149.0,UG/M3,1 Hr,Valid
Dhaka,PM2.5 - Principal,2025-02-09 09:00 AM,2025,02,09,09,162.3,237,Very Unhealthy,165.0,UG/M3,1 Hr,Valid
Dhaka,PM2.5 - Principal,2025-02-09 10:00 AM,2025,02,09,10,146.3,222,Very Unhealthy,117.0,UG/M3,1 Hr,Valid
Dhaka,PM2.5 - Principal,2025-02-09 11:00 AM,2025,02,09,11,114.9,193,Unhealthy,90.0,UG/M3,1 Hr,Valid
Dhaka,PM2.5 - Principal,2025-02-09 12:00 PM,2025,02,09,12,103.4,185,Unhealthy,92.0,UG/M3,1 Hr,Valid
Dhaka,PM2.5 - Principal,2025-02-09 01:00 PM,2025,02,09,13,99.7,182,Unhealthy,96.0,UG/M3,1 Hr,Valid
Dhaka,PM2.5 - Principal,2025-02-09 02:00 PM,2025,02,09,14,95.3,179,Unhealthy,91.0,UG/M3,1 Hr,Valid
Dhaka,PM2.5 - Principal,2025-02-09 03:00 PM,2025,02,09,15,94.1,178,Unhealthy,93.0,UG/M3,1 Hr,Valid
Dhaka,PM2.5 - Principal,2025-02-09 04:00 PM,2025,02,09,16,91.5,176,Unhealthy,89.0,UG/M3,1 Hr,Valid
Dhaka,PM2.5 - Principal,2025-02-09 05:00 PM,2025,02,09,17,100.2,182,Unhealthy,109.0,UG/M3,1 Hr,Valid
Dhaka,PM2.5 - Principal,2025-02-09 06:00 PM,2025,02,09,18,125.6,201,Very Unhealthy,151.0,UG/M3,1 Hr,Valid
Dhaka,PM2.5 - Principal,2025-02-09 07:00 PM,2025,02,09,19,148.2,223,Very Unhealthy,173.0,UG/M3,1 Hr,Valid
Dhaka,PM2.5 - Principal,2025-02-09 08:00 PM,2025,02,09,20,182.1,257,Very Unhealthy,215.0,UG/M3,1 Hr,Valid
Dhaka,PM2.5 - Principal,2025-02-09 09:00 PM,2025,02,09,21,217.5,292,Very Unhealthy,253.0,UG/M3,1 Hr,Valid
Dhaka,PM2.5 - Principal,2025-02-09 10:00 PM,2025,02,09,22,248.8,347,Hazardous,280.0,UG/M3,1 Hr,Valid
Dhaka,PM2.5 - Principal,2025-02-09 11:00 PM,2025,02,09,23,285.4,420,Hazardous,322.0,UG/M3,1 Hr,Valid
Dhaka,PM2.5 - Principal,2025-02-10 12:00 AM,2025,02,10,00,306.2,462,Hazardous,327.0,UG/M3,1 Hr,Valid
Dhaka,PM2.5 - Principal,2025-02-10 01:00 AM,2025,02,10,01,312.6,475,Hazardous,319.0,UG/M3,1 Hr,Valid
Dhaka,PM2.5 - Principal,2025-02-10 02:00 AM,2025,02,10,02,324.3,498,Hazardous,336.0,UG/M3,1 Hr,Valid
Dhaka,PM2.5 - Principal,2025-02-10 03:00 AM,2025,02,10,03,325.7,501,Hazardous,327.0,UG/M3,1 Hr,Valid
Dhaka,PM2.5 - Principal,2025-02-10 04:00 AM,2025,02,10,04,372.8,594,Hazardous,420.0,UG/M3,1 Hr,Valid
Dhaka,PM2.5 - Principal,2025-02-10 05:00 AM,2025,02,10,05,319.9,489,Hazardous,267.0,UG/M3,1 Hr,Valid
Dhaka,PM2.5 - Principal,2025-02-10 06:00 AM,2025,02,10,06,305.5,460,Hazardous,291.0,UG/M3,1 Hr,Valid
Dhaka,PM2.5 - Principal,2025-02-10 07:00 AM,2025,02,10,07,393.2,635,Hazardous,481.0,UG/M3,1 Hr,Valid
Dhaka,PM2.5 - Principal,2025-02-10 08:00 AM,2025,02,10,08,596.2,1039,Hazardous,799.0,UG/M3,1 Hr,Valid
Dhaka,PM2.5 - Principal,2025-02-10 09:00 AM,2025,02,10,09,578.6,1004,Hazardous,561.0,UG/M3,1 Hr,Valid
Dhaka,PM2.5 - Principal,2025-02-10 10:00 AM,2025,02,10,10,474.3,797,Hazardous,370.0,UG/M3,1 Hr,Valid
Dhaka,PM2.5 - Principal,2025-02-10 11:00 AM,2025,02,10,11,378.6,606,Hazardous,283.0,UG/M3,1 Hr,Valid
Dhaka,PM2.5 - Principal,2025-02-10 12:00 PM,2025,02,10,12,249.8,349,Hazardous,121.0,UG/M3,1 Hr,Valid
Dhaka,PM2.5 - Principal,2025-02-10 01:00 PM,2025,02,10,13,176.8,252,Very Unhealthy,104.0,UG/M3,1 Hr,Valid
Dhaka,PM2.5 - Principal,2025-02-10 02:00 PM,2025,02,10,14,137.4,213,Very Unhealthy,98.0,UG/M3,1 Hr,Valid
Dhaka,PM2.5 - Principal,2025-02-10 03:00 PM,2025,02,10,15,110.6,190,Unhealthy,84.0,UG/M3,1 Hr,Valid
Dhaka,PM2.5 - Principal,2025-02-10 04:00 PM,2025,02,10,16,105.2,186,Unhealthy,100.0,UG/M3,1 Hr,Valid
Dhaka,PM2.5 - Principal,2025-02-10 05:00 PM,2025,02,10,17,114.1,192,Unhealthy,123.0,UG/M3,1 Hr,Valid
Dhaka,PM2.5 - Principal,2025-02-10 06:00 PM,2025,02,10,18,150.5,226,Very Unhealthy,187.0,UG/M3,1 Hr,Valid
Dhaka,PM2.5 - Principal,2025-02-10 07:00 PM,2025,02,10,19,172.7,248,Very Unhealthy,195.0,UG/M3,1 Hr,Valid
Dhaka,PM2.5 - Principal,2025-02-10 08:00 PM,2025,02,10,20,192.2,267,Very Unhealthy,212.0,UG/M3,1 Hr,Valid
Dhaka,PM2.5 - Principal,2025-02-10 09:00 PM,2025,02,10,21,208.6,283,Very Unhealthy,225.0,UG/M3,1 Hr,Valid
Dhaka,PM2.5 - Principal,2025-02-10 10:00 PM,2025,02,10,22,219.7,294,Very Unhealthy,231.0,UG/M3,1 Hr,Valid
Dhaka,PM2.5 - Principal,2025-02-10 11:00 PM,2025,02,10,23,287.9,425,Hazardous,356.0,UG/M3,1 Hr,Valid
Dhaka,PM2.5 - Principal,2025-02-11 12:00 AM,2025,02,11,00,314.9,479,Hazardous,342.0,UG/M3,1 Hr,Valid
Dhaka,PM2.5 - Principal,2025-02-11 01:00 AM,2025,02,11,01,315.5,480,Hazardous,316.0,UG/M3,1 Hr,Valid
Dhaka,PM2.5 - Principal,2025-02-11 02:00 AM,2025,02,11,02,400.8,650,Hazardous,486.0,UG/M3,1 Hr,Valid
Dhaka,PM2.5 - Principal,2025-02-11 03:00 AM,2025,02,11,03,333.4,516,Hazardous,266.0,UG/M3,1 Hr,Valid
Dhaka,PM2.5 - Principal,2025-02-11 04:00 AM,2025,02,11,04,235.7,321,Hazardous,138.0,UG/M3,1 Hr,Valid
Dhaka,PM2.5 - Principal,2025-02-11 05:00 AM,2025,02,11,05,190.3,265,Very Unhealthy,145.0,UG/M3,1 Hr,Valid
Dhaka,PM2.5 - Principal,2025-02-11 06:00 AM,2025,02,11,06,166.1,241,Very Unhealthy,142.0,UG/M3,1 Hr,Valid
Dhaka,PM2.5 - Principal,2025-02-11 07:00 AM,2025,02,11,07,149.5,225,Very Unhealthy,133.0,UG/M3,1 Hr,Valid
Dhaka,PM2.5 - Principal,2025-02-11 08:00 AM,2025,02,11,08,134.2,210,Very Unhealthy,119.0,UG/M3,1 Hr,Valid
Dhaka,PM2.5 - Principal,2025-02-11 09:00 AM,2025,02,11,09,132.6,208,Very Unhealthy,131.0,UG/M3,1 Hr,Valid
Dhaka,PM2.5 - Principal,2025-02-11 10:00 AM,2025,02,11,10,135.3,211,Very Unhealthy,138.0,UG/M3,1 Hr,Valid
Dhaka,PM2.5 - Principal,2025-02-11 11:00 AM,2025,02,11,11,121.1,197,Unhealthy,107.0,UG/M3,1 Hr,Valid
Dhaka,PM2.5 - Principal,2025-02-11 12:00 PM,2025,02,11,12,115.5,193,Unhealthy,110.0,UG/M3,1 Hr,Valid
Dhaka,PM2.5 - Principal,2025-02-11 01:00 PM,2025,02,11,13,114.2,192,Unhealthy,113.0,UG/M3,1 Hr,Valid
Dhaka,PM2.5 - Principal,2025-02-11 02:00 PM,2025,02,11,14,115.0,193,Unhealthy,116.0,UG/M3,1 Hr,Valid
Dhaka,PM2.5 - Principal,2025-02-11 03:00 PM,2025,02,11,15,114.7,192,Unhealthy,106.0,UG/M3,1 Hr,Valid
Dhaka,PM2.5 - Principal,2025-02-11 04:00 PM,2025,02,11,16,112.2,191,Unhealthy,106.0,UG/M3,1 Hr,Valid
Dhaka,PM2.5 - Principal,2025-02-11 05:00 PM,2025,02,11,17,116.9,194,Unhealthy,130.0,UG/M3,1 Hr,Valid
Dhaka,PM2.5 - Principal,2025-02-11 06:00 PM,2025,02,11,18,165.5,241,Very Unhealthy,212.0,UG/M3,1 Hr,Valid
Dhaka,PM2.5 - Principal,2025-02-11 07:00 PM,2025,02,11,19,197.7,273,Very Unhealthy,230.0,UG/M3,1 Hr,Valid
Dhaka,PM2.5 - Principal,2025-02-11 08:00 PM,2025,02,11,20,215.9,291,Very Unhealthy,234.0,UG/M3,1 Hr,Valid
Dhaka,PM2.5 - Principal,2025-02-11 09:00 PM,2025,02,11,21,251.4,353,Hazardous,287.0,UG/M3,1 Hr,Valid
Dhaka,PM2.5 - Principal,2025-02-11 10:00 PM,2025,02,11,22,239.7,329,Hazardous,228.0,UG/M3,1 Hr,Valid
Dhaka,PM2.5 - Principal,2025-02-11 11:00 PM,2025,02,11,23,205.8,281,Very Unhealthy,172.0,UG/M3,1 Hr,Valid
Dhaka,PM2.5 - Principal,2025-02-12 12:00 AM,2025,02,12,00,179.9,255,Very Unhealthy,154.0,UG/M3,1 Hr,Valid
Dhaka,PM2.5 - Principal,2025-02-12 01:00 AM,2025,02,12,01,214.9,290,Very Unhealthy,250.0,UG/M3,1 Hr,Valid
Dhaka,PM2.5 - Principal,2025-02-12 02:00 AM,2025,02,12,02,167.4,243,Very Unhealthy,120.0,UG/M3,1 Hr,Valid
Dhaka,PM2.5 - Principal,2025-02-12 03:00 AM,2025,02,12,03,124.7,200,Unhealthy,82.0,UG/M3,1 Hr,Valid
Dhaka,PM2.5 - Principal,2025-02-12 04:00 AM,2025,02,12,04,106.3,187,Unhealthy,88.0,UG/M3,1 Hr,Valid
Dhaka,PM2.5 - Principal,2025-02-12 05:00 AM,2025,02,12,05,98.1,181,Unhealthy,90.0,UG/M3,1 Hr,Valid
Dhaka,PM2.5 - Principal,2025-02-12 06:00 AM,2025,02,12,06,94.5,178,Unhealthy,91.0,UG/M3,1 Hr,Valid
Dhaka,PM2.5 - Principal,2025-02-12 07:00 AM,2025,02,12,07,96.7,180,Unhealthy,99.0,UG/M3,1 Hr,Valid
Dhaka,PM2.5 - Principal,2025-02-12 08:00 AM,2025,02,12,08,96.8,180,Unhealthy,97.0,UG/M3,1 Hr,Valid
Dhaka,PM2.5 - Principal,2025-02-12 09:00 AM,2025,02,12,09,100.4,182,Unhealthy,104.0,UG/M3,1 Hr,Valid
Dhaka,PM2.5 - Principal,2025-02-12 10:00 AM,2025,02,12,10,100.1,182,Unhealthy,100.0,UG/M3,1 Hr,Valid
Dhaka,PM2.5 - Principal,2025-02-12 11:00 AM,2025,02,12,11,102.0,184,Unhealthy,104.0,UG/M3,1 Hr,Valid
Dhaka,PM2.5 - Principal,2025-02-12 12:00 PM,2025,02,12,12,103.0,184,Unhealthy,104.0,UG/M3,1 Hr,Valid
Dhaka,PM2.5 - Principal,2025-02-12 01:00 PM,2025,02,12,13,100.4,182,Unhealthy,98.0,UG/M3,1 Hr,Valid
Dhaka,PM2.5 - Principal,2025-02-12 02:00 PM,2025,02,12,14,100.4,182,Unhealthy,104.0,UG/M3,1 Hr,Valid
Dhaka,PM2.5 - Principal,2025-02-12 03:00 PM,2025,02,12,15,99.4,182,Unhealthy,96.0,UG/M3,1 Hr,Valid
Dhaka,PM2.5 - Principal,2025-02-12 04:00 PM,2025,02,12,16,100.2,182,Unhealthy,103.0,UG/M3,1 Hr,Valid
Dhaka,PM2.5 - Principal,2025-02-12 05:00 PM,2025,02,12,17,103.0,184,Unhealthy,112.0,UG/M3,1 Hr,Valid
Dhaka,PM2.5 - Principal,2025-02-12 06:00 PM,2025,02,12,18,105.9,186,Unhealthy,117.0,UG/M3,1 Hr,Valid
Dhaka,PM2.5 - Principal,2025-02-12 07:00 PM,2025,02,12,19,125.8,201,Very Unhealthy,153.0,UG/M3,1 Hr,Valid
Dhaka,PM2.5 - Principal,2025-02-12 08:00 PM,2025,02,12,20,141.0,216,Very Unhealthy,161.0,UG/M3,1 Hr,Valid
Dhaka,PM2.5 - Principal,2025-02-12 09:00 PM,2025,02,12,21,127.3,203,Very Unhealthy,107.0,UG/M3,1 Hr,Valid
Dhaka,PM2.5 - Principal,2025-02-12 10:00 PM,2025,02,12,22,113.4,192,Unhealthy,94.0,UG/M3,1 Hr,Valid
Dhaka,PM2.5 - Principal,2025-02-12 11:00 PM,2025,02,12,23,101.9,184,Unhealthy,89.0,UG/M3,1 Hr,Valid
Dhaka,PM2.5 - Principal,2025-02-13 12:00 AM,2025,02,13,00,89.8,175,Unhealthy,80.0,UG/M3,1 Hr,Valid
Dhaka,PM2.5 - Principal,2025-02-13 01:00 AM,2025,02,13,01,79.4,168,Unhealthy,69.0,UG/M3,1 Hr,Valid
Dhaka,PM2.5 - Principal,2025-02-13 02:00 AM,2025,02,13,02,69.2,161,Unhealthy,59.0,UG/M3,1 Hr,Valid
Dhaka,PM2.5 - Principal,2025-02-13 03:00 AM,2025,02,13,03,64.5,157,Unhealthy,60.0,UG/M3,1 Hr,Valid
Dhaka,PM2.5 - Principal,2025-02-13 04:00 AM,2025,02,13,04,59.7,154,Unhealthy,55.0,UG/M3,1 Hr,Valid
Dhaka,PM2.5 - Principal,2025-02-13 05:00 AM,2025,02,13,05,58.3,153,Unhealthy,57.0,UG/M3,1 Hr,Valid
Dhaka,PM2.5 - Principal,2025-02-13 06:00 AM,2025,02,13,06,61.6,155,Unhealthy,65.0,UG/M3,1 Hr,Valid
Dhaka,PM2.5 - Principal,2025-02-13 07:00 AM,2025,02,13,07,63.8,157,Unhealthy,66.0,UG/M3,1 Hr,Valid
Dhaka,PM2.5 - Principal,2025-02-13 08:00 AM,2025,02,13,08,63.3,156,Unhealthy,63.0,UG/M3,1 Hr,Valid
Dhaka,PM2.5 - Principal,2025-02-13 09:00 AM,2025,02,13,09,67.3,159,Unhealthy,73.0,UG/M3,1 Hr,Valid
Dhaka,PM2.5 - Principal,2025-02-13 10:00 AM,2025,02,13,10,71.5,162,Unhealthy,79.0,UG/M3,1 Hr,Valid
Dhaka,PM2.5 - Principal,2025-02-13 11:00 AM,2025,02,13,11,68.2,160,Unhealthy,64.0,UG/M3,1 Hr,Valid
Dhaka,PM2.5 - Principal,2025-02-13 12:00 PM,2025,02,13,12,65.3,158,Unhealthy,59.0,UG/M3,1 Hr,Valid
Dhaka,PM2.5 - Principal,2025-02-13 01:00 PM,2025,02,13,13,63.0,156,Unhealthy,58.0,UG/M3,1 Hr,Valid
Dhaka,PM2.5 - Principal,2025-02-13 02:00 PM,2025,02,13,14,59.5,154,Unhealthy,53.0,UG/M3,1 Hr,Valid
Dhaka,PM2.5 - Principal,2025-02-13 03:00 PM,2025,02,13,15,59.7,154,Unhealthy,60.0,UG/M3,1 Hr,Valid
Dhaka,PM2.5 - Principal,2025-02-13 04:00 PM,2025,02,13,16,60.8,155,Unhealthy,63.0,UG/M3,1 Hr,Valid
Dhaka,PM2.5 - Principal,2025-02-13 05:00 PM,2025,02,13,17,65.8,158,Unhealthy,76.0,UG/M3,1 Hr,Valid
Dhaka,PM2.5 - Principal,2025-02-13 06:00 PM,2025,02,13,18,97.1,180,Unhealthy,126.0,UG/M3,1 Hr,Valid
Dhaka,PM2.5 - Principal,2025-02-13 07:00 PM,2025,02,13,19,130.1,206,Very Unhealthy,163.0,UG/M3,1 Hr,Valid
Dhaka,PM2.5 - Principal,2025-02-13 08:00 PM,2025,02,13,20,155.0,230,Very Unhealthy,180.0,UG/M3,1 Hr,Valid
Dhaka,PM2.5 - Principal,2025-02-13 09:00 PM,2025,02,13,21,177.5,253,Very Unhealthy,200.0,UG/M3,1 Hr,Valid
Dhaka,PM2.5 - Principal,2025-02-13 10:00 PM,2025,02,13,22,183.2,258,Very Unhealthy,189.0,UG/M3,1 Hr,Valid
Dhaka,PM2.5 - Principal,2025-02-13 11:00 PM,2025,02,13,23,148.6,224,Very Unhealthy,114.0,UG/M3,1 Hr,Valid
Dhaka,PM2.5 - Principal,2025-02-14 12:00 AM,2025,02,14,00,145.3,221,Very Unhealthy,142.0,UG/M3,1 Hr,Valid
Dhaka,PM2.5 - Principal,2025-02-14 01:00 AM,2025,02,14,01,145.6,221,Very Unhealthy,146.0,UG/M3,1 Hr,Valid
Dhaka,PM2.5 - Principal,2025-02-14 02:00 AM,2025,02,14,02,143.3,219,Very Unhealthy,141.0,UG/M3,1 Hr,Valid
Dhaka,PM2.5 - Principal,2025-02-14 03:00 AM,2025,02,14,03,135.1,211,Very Unhealthy,127.0,UG/M3,1 Hr,Valid
Dhaka,PM2.5 - Principal,2025-02-14 04:00 AM,2025,02,14,04,127.5,203,Very Unhealthy,120.0,UG/M3,1 Hr,Valid
Dhaka,PM2.5 - Principal,2025-02-14 05:00 AM,2025,02,14,05,110.8,190,Unhealthy,94.0,UG/M3,1 Hr,Valid
Dhaka,PM2.5 - Principal,2025-02-14 06:00 AM,2025,02,14,06,105.8,186,Unhealthy,101.0,UG/M3,1 Hr,Valid
Dhaka,PM2.5 - Principal,2025-02-14 07:00 AM,2025,02,14,07,98.9,181,Unhealthy,92.0,UG/M3,1 Hr,Valid
Dhaka,PM2.5 - Principal,2025-02-14 08:00 AM,2025,02,14,08,83.9,171,Unhealthy,69.0,UG/M3,1 Hr,Valid
Dhaka,PM2.5 - Principal,2025-02-14 09:00 AM,2025,02,14,09,72.9,163,Unhealthy,62.0,UG/M3,1 Hr,Valid
Dhaka,PM2.5 - Principal,2025-02-14 10:00 AM,2025,02,14,10,62.4,156,Unhealthy,52.0,UG/M3,1 Hr,Valid
Dhaka,PM2.5 - Principal,2025-02-14 11:00 AM,2025,02,14,11,55.2,150,Unhealthy for Sensitive Groups,48.0,UG/M3,1 Hr,Valid
Dhaka,PM2.5 - Principal,2025-02-14 12:00 PM,2025,02,14,12,49.6,136,Unhealthy for Sensitive Groups,44.0,UG/M3,1 Hr,Valid
Dhaka,PM2.5 - Principal,2025-02-14 01:00 PM,2025,02,14,13,47.7,131,Unhealthy for Sensitive Groups,46.0,UG/M3,1 Hr,Valid
Dhaka,PM2.5 - Principal,2025-02-14 02:00 PM,2025,02,14,14,47.8,131,Unhealthy for Sensitive Groups,48.0,UG/M3,1 Hr,Valid
Dhaka,PM2.5 - Principal,2025-02-14 03:00 PM,2025,02,14,15,48.9,134,Unhealthy for Sensitive Groups,50.0,UG/M3,1 Hr,Valid
Dhaka,PM2.5 - Principal,2025-02-14 04:00 PM,2025,02,14,16,48.4,133,Unhealthy for Sensitive Groups,48.0,UG/M3,1 Hr,Valid
Dhaka,PM2.5 - Principal,2025-02-14 05:00 PM,2025,02,14,17,55.7,151,Unhealthy,63.0,UG/M3,1 Hr,Valid
Dhaka,PM2.5 - Principal,2025-02-14 06:00 PM,2025,02,14,18,77.8,167,Unhealthy,100.0,UG/M3,1 Hr,Valid
Dhaka,PM2.5 - Principal,2025-02-14 07:00 PM,2025,02,14,19,117.9,195,Unhealthy,158.0,UG/M3,1 Hr,Valid
Dhaka,PM2.5 - Principal,2025-02-14 08:00 PM,2025,02,14,20,142.9,218,Very Unhealthy,168.0,UG/M3,1 Hr,Valid
Dhaka,PM2.5 - Principal,2025-02-14 09:00 PM,2025,02,14,21,173.5,249,Very Unhealthy,204.0,UG/M3,1 Hr,Valid
Dhaka,PM2.5 - Principal,2025-02-14 10:00 PM,2025,02,14,22,219.7,294,Very Unhealthy,266.0,UG/M3,1 Hr,Valid
Dhaka,PM2.5 - Principal,2025-02-14 11:00 PM,2025,02,14,23,218.4,293,Very Unhealthy,217.0,UG/M3,1 Hr,Valid
Dhaka,PM2.5 - Principal,2025-02-15 12:00 AM,2025,02,15,00,177.2,252,Very Unhealthy,136.0,UG/M3,1 Hr,Valid
Dhaka,PM2.5 - Principal,2025-02-15 01:00 AM,2025,02,15,01,178.6,254,Very Unhealthy,180.0,UG/M3,1 Hr,Valid
Dhaka,PM2.5 - Principal,2025-02-15 02:00 AM,2025,02,15,02,173.8,249,Very Unhealthy,169.0,UG/M3,1 Hr,Valid
Dhaka,PM2.5 - Principal,2025-02-15 03:00 AM,2025,02,15,03,170.9,246,Very Unhealthy,168.0,UG/M3,1 Hr,Valid
Dhaka,PM2.5 - Principal,2025-02-15 04:00 AM,2025,02,15,04,149.9,225,Very Unhealthy,129.0,UG/M3,1 Hr,Valid
Dhaka,PM2.5 - Principal,2025-02-15 05:00 AM,2025,02,15,05,134.9,210,Very Unhealthy,120.0,UG/M3,1 Hr,Valid
Dhaka,PM2.5 - Principal,2025-02-15 06:00 AM,2025,02,15,06,129.4,205,Very Unhealthy,124.0,UG/M3,1 Hr,Valid
Dhaka,PM2.5 - Principal,2025-02-15 07:00 AM,2025,02,15,07,142.2,218,Very Unhealthy,155.0,UG/M3,1 Hr,Valid
Dhaka,PM2.5 - Principal,2025-02-15 08:00 AM,2025,02,15,08,138.1,213,Very Unhealthy,134.0,UG/M3,1 Hr,Valid
Dhaka,PM2.5 - Principal,2025-02-15 09:00 AM,2025,02,15,09,129.0,204,Very Unhealthy,120.0,UG/M3,1 Hr,Valid
Dhaka,PM2.5 - Principal,2025-02-15 10:00 AM,2025,02,15,10,111.5,190,Unhealthy,94.0,UG/M3,1 Hr,Valid
Dhaka,PM2.5 - Principal,2025-02-15 11:00 AM,2025,02,15,11,96.7,180,Unhealthy,82.0,UG/M3,1 Hr,Valid
Dhaka,PM2.5 - Principal,2025-02-15 12:00 PM,2025,02,15,12,101.3,183,Unhealthy,106.0,UG/M3,1 Hr,Valid
Dhaka,PM2.5 - Principal,2025-02-15 01:00 PM,2025,02,15,13,93.1,177,Unhealthy,85.0,UG/M3,1 Hr,Valid
Dhaka,PM2.5 - Principal,2025-02-15 02:00 PM,2025,02,15,14,82.5,170,Unhealthy,72.0,UG/M3,1 Hr,Valid
Dhaka,PM2.5 - Principal,2025-02-15 03:00 PM,2025,02,15,15,72.7,163,Unhealthy,63.0,UG/M3,1 Hr,Valid
Dhaka,PM2.5 - Principal,2025-02-15 04:00 PM,2025,02,15,16,71.8,162,Unhealthy,71.0,UG/M3,1 Hr,Valid
Dhaka,PM2.5 - Principal,2025-02-15 05:00 PM,2025,02,15,17,79.9,168,Unhealthy,88.0,UG/M3,1 Hr,Valid
Dhaka,PM2.5 - Principal,2025-02-15 06:00 PM,2025,02,15,18,102.4,184,Unhealthy,125.0,UG/M3,1 Hr,Valid
Dhaka,PM2.5 - Principal,2025-02-15 07:00 PM,2025,02,15,19,135.2,211,Very Unhealthy,168.0,UG/M3,1 Hr,Valid
Dhaka,PM2.5 - Principal,2025-02-15 08:00 PM,2025,02,15,20,168.6,244,Very Unhealthy,202.0,UG/M3,1 Hr,Valid
Dhaka,PM2.5 - Principal,2025-02-15 09:00 PM,2025,02,15,21,185.3,260,Very Unhealthy,202.0,UG/M3,1 Hr,Valid
Dhaka,PM2.5 - Principal,2025-02-15 10:00 PM,2025,02,15,22,181.6,257,Very Unhealthy,178.0,UG/M3,1 Hr,Valid
Dhaka,PM2.5 - Principal,2025-02-15 11:00 PM,2025,02,15,23,201.3,276,Very Unhealthy,221.0,UG/M3,1 Hr,Valid
Dhaka,PM2.5 - Principal,2025-02-16 12:00 AM,2025,02,16,00,196.6,271,Very Unhealthy,192.0,UG/M3,1 Hr,Valid
Dhaka,PM2.5 - Principal,2025-02-16 01:00 AM,2025,02,16,01,230.3,311,Hazardous,264.0,UG/M3,1 Hr,Valid
Dhaka,PM2.5 - Principal,2025-02-16 02:00 AM,2025,02,16,02,288.7,427,Hazardous,347.0,UG/M3,1 Hr,Valid
Dhaka,PM2.5 - Principal,2025-02-16 03:00 AM,2025,02,16,03,293.3,436,Hazardous,298.0,UG/M3,1 Hr,Valid
Dhaka,PM2.5 - Principal,2025-02-16 04:00 AM,2025,02,16,04,304.7,459,Hazardous,316.0,UG/M3,1 Hr,Valid
Dhaka,PM2.5 - Principal,2025-02-16 05:00 AM,2025,02,16,05,336.3,522,Hazardous,368.0,UG/M3,1 Hr,Valid
Dhaka,PM2.5 - Principal,2025-02-16 06:00 AM,2025,02,16,06,387.2,623,Hazardous,438.0,UG/M3,1 Hr,Valid
Dhaka,PM2.5 - Principal,2025-02-16 07:00 AM,2025,02,16,07,387.2,623,Hazardous,165.0,UG/M3,1 Hr,Invalid
Dhaka,PM2.5 - Principal,2025-02-16 08:00 AM,2025,02,16,08,199.7,275,Very Unhealthy,106.0,UG/M3,1 Hr,Valid
Dhaka,PM2.5 - Principal,2025-02-16 09:00 AM,2025,02,16,09,142.1,217,Very Unhealthy,99.0,UG/M3,1 Hr,Valid
Dhaka,PM2.5 - Principal,2025-02-16 10:00 AM,2025,02,16,10,117.5,194,Unhealthy,96.0,UG/M3,1 Hr,Valid
Dhaka,PM2.5 - Principal,2025-02-16 11:00 AM,2025,02,16,11,97.6,181,Unhealthy,79.0,UG/M3,1 Hr,Valid
Dhaka,PM2.5 - Principal,2025-02-16 12:00 PM,2025,02,16,12,79.5,168,Unhealthy,62.0,UG/M3,1 Hr,Valid
Dhaka,PM2.5 - Principal,2025-02-16 01:00 PM,2025,02,16,13,71.1,162,Unhealthy,63.0,UG/M3,1 Hr,Valid
Dhaka,PM2.5 - Principal,2025-02-16 02:00 PM,2025,02,16,14,74.5,164,Unhealthy,78.0,UG/M3,1 Hr,Valid
Dhaka,PM2.5 - Principal,2025-02-16 03:00 PM,2025,02,16,15,79.2,168,Unhealthy,84.0,UG/M3,1 Hr,Valid
Dhaka,PM2.5 - Principal,2025-02-16 04:00 PM,2025,02,16,16,83.1,170,Unhealthy,87.0,UG/M3,1 Hr,Valid
Dhaka,PM2.5 - Principal,2025-02-16 05:00 PM,2025,02,16,17,98.0,181,Unhealthy,113.0,UG/M3,1 Hr,Valid
Dhaka,PM2.5 - Principal,2025-02-16 06:00 PM,2025,02,16,18,113.9,192,Unhealthy,130.0,UG/M3,1 Hr,Valid
Dhaka,PM2.5 - Principal,2025-02-16 07:00 PM,2025,02,16,19,147.9,223,Very Unhealthy,182.0,UG/M3,1 Hr,Valid
Dhaka,PM2.5 - Principal,2025-02-16 08:00 PM,2025,02,16,20,188.5,263,Very Unhealthy,229.0,UG/M3,1 Hr,Valid
Dhaka,PM2.5 - Principal,2025-02-16 09:00 PM,2025,02,16,21,203.2,278,Very Unhealthy,218.0,UG/M3,1 Hr,Valid
Dhaka,PM2.5 - Principal,2025-02-16 10:00 PM,2025,02,16,22,238.1,326,Hazardous,273.0,UG/M3,1 Hr,Valid
Dhaka,PM2.5 - Principal,2025-02-16 11:00 PM,2025,02,16,23,256.6,363,Hazardous,275.0,UG/M3,1 Hr,Valid
Dhaka,PM2.5 - Principal,2025-02-17 12:00 AM,2025,02,17,00,264.8,379,Hazardous,273.0,UG/M3,1 Hr,Valid
Dhaka,PM2.5 - Principal,2025-02-17 01:00 AM,2025,02,17,01,252.9,356,Hazardous,241.0,UG/M3,1 Hr,Valid
Dhaka,PM2.5 - Principal,2025-02-17 02:00 AM,2025,02,17,02,248.9,348,Hazardous,245.0,UG/M3,1 Hr,Valid
Dhaka,PM2.5 - Principal,2025-02-17 03:00 AM,2025,02,17,03,277.5,405,Hazardous,306.0,UG/M3,1 Hr,Valid
Dhaka,PM2.5 - Principal,2025-02-17 04:00 AM,2025,02,17,04,315.7,481,Hazardous,354.0,UG/M3,1 Hr,Valid
Dhaka,PM2.5 - Principal,2025-02-17 05:00 AM,2025,02,17,05,330.4,510,Hazardous,345.0,UG/M3,1 Hr,Valid
Dhaka,PM2.5 - Principal,2025-02-17 06:00 AM,2025,02,17,06,342.4,534,Hazardous,356.0,UG/M3,1 Hr,Valid
Dhaka,PM2.5 - Principal,2025-02-17 07:00 AM,2025,02,17,07,369.1,587,Hazardous,403.0,UG/M3,1 Hr,Valid
Dhaka,PM2.5 - Principal,2025-02-17 08:00 AM,2025,02,17,08,345.7,540,Hazardous,318.0,UG/M3,1 Hr,Valid
Dhaka,PM2.5 - Principal,2025-02-17 09:00 AM,2025,02,17,09,229.2,308,Hazardous,113.0,UG/M3,1 Hr,Valid
Dhaka,PM2.5 - Principal,2025-02-17 10:00 AM,2025,02,17,10,178.6,254,Very Unhealthy,128.0,UG/M3,1 Hr,Valid
Dhaka,PM2.5 - Principal,2025-02-17 11:00 AM,2025,02,17,11,143.7,219,Very Unhealthy,109.0,UG/M3,1 Hr,Valid
Dhaka,PM2.5 - Principal,2025-02-17 12:00 PM,2025,02,17,12,157.3,233,Very Unhealthy,171.0,UG/M3,1 Hr,Valid
Dhaka,PM2.5 - Principal,2025-02-17 01:00 PM,2025,02,17,13,124.6,199,Unhealthy,92.0,UG/M3,1 Hr,Valid
Dhaka,PM2.5 - Principal,2025-02-17 02:00 PM,2025,02,17,14,101.8,183,Unhealthy,79.0,UG/M3,1 Hr,Valid
Dhaka,PM2.5 - Principal,2025-02-17 03:00 PM,2025,02,17,15,94.3,178,Unhealthy,87.0,UG/M3,1 Hr,Valid
Dhaka,PM2.5 - Principal,2025-02-17 04:00 PM,2025,02,17,16,97.6,181,Unhealthy,101.0,UG/M3,1 Hr,Valid
Dhaka,PM2.5 - Principal,2025-02-17 05:00 PM,2025,02,17,17,102.8,184,Unhealthy,108.0,UG/M3,1 Hr,Valid
Dhaka,PM2.5 - Principal,2025-02-17 06:00 PM,2025,02,17,18,114.3,192,Unhealthy,126.0,UG/M3,1 Hr,Valid
Dhaka,PM2.5 - Principal,2025-02-17 07:00 PM,2025,02,17,19,112.1,191,Unhealthy,110.0,UG/M3,1 Hr,Valid
Dhaka,PM2.5 - Principal,2025-02-17 08:00 PM,2025,02,17,20,116.5,194,Unhealthy,121.0,UG/M3,1 Hr,Valid
Dhaka,PM2.5 - Principal,2025-02-17 09:00 PM,2025,02,17,21,121.2,197,Unhealthy,126.0,UG/M3,1 Hr,Valid
Dhaka,PM2.5 - Principal,2025-02-17 10:00 PM,2025,02,17,22,140.1,215,Very Unhealthy,159.0,UG/M3,1 Hr,Valid
Dhaka,PM2.5 - Principal,2025-02-17 11:00 PM,2025,02,17,23,135.5,211,Very Unhealthy,131.0,UG/M3,1 Hr,Valid
Dhaka,PM2.5 - Principal,2025-02-18 12:00 AM,2025,02,18,00,177.7,253,Very Unhealthy,220.0,UG/M3,1 Hr,Valid
Dhaka,PM2.5 - Principal,2025-02-18 01:00 AM,2025,02,18,01,163.4,239,Very Unhealthy,149.0,UG/M3,1 Hr,Valid
Dhaka,PM2.5 - Principal,2025-02-18 02:00 AM,2025,02,18,02,226.7,303,Hazardous,290.0,UG/M3,1 Hr,Valid
Dhaka,PM2.5 - Principal,2025-02-18 03:00 AM,2025,02,18,03,287.8,425,Hazardous,349.0,UG/M3,1 Hr,Valid
Dhaka,PM2.5 - Principal,2025-02-18 04:00 AM,2025,02,18,04,278.9,407,Hazardous,270.0,UG/M3,1 Hr,Valid
Dhaka,PM2.5 - Principal,2025-02-18 05:00 AM,2025,02,18,05,179.9,255,Very Unhealthy,81.0,UG/M3,1 Hr,Valid
Dhaka,PM2.5 - Principal,2025-02-18 06:00 AM,2025,02,18,06,132.4,208,Very Unhealthy,85.0,UG/M3,1 Hr,Valid
Dhaka,PM2.5 - Principal,2025-02-18 07:00 AM,2025,02,18,07,112.7,191,Unhealthy,93.0,UG/M3,1 Hr,Valid
Dhaka,PM2.5 - Principal,2025-02-18 08:00 AM,2025,02,18,08,109.8,189,Unhealthy,107.0,UG/M3,1 Hr,Valid
Dhaka,PM2.5 - Principal,2025-02-18 09:00 AM,2025,02,18,09,108.4,188,Unhealthy,107.0,UG/M3,1 Hr,Valid
Dhaka,PM2.5 - Principal,2025-02-18 10:00 AM,2025,02,18,10,108.2,188,Unhealthy,108.0,UG/M3,1 Hr,Valid
Dhaka,PM2.5 - Principal,2025-02-18 11:00 AM,2025,02,18,11,106.1,186,Unhealthy,104.0,UG/M3,1 Hr,Valid
Dhaka,PM2.5 - Principal,2025-02-18 12:00 PM,2025,02,18,12,106.5,187,Unhealthy,107.0,UG/M3,1 Hr,Valid
Dhaka,PM2.5 - Principal,2025-02-18 01:00 PM,2025,02,18,13,112.2,191,Unhealthy,118.0,UG/M3,1 Hr,Valid
Dhaka,PM2.5 - Principal,2025-02-18 02:00 PM,2025,02,18,14,116.6,194,Unhealthy,121.0,UG/M3,1 Hr,Valid
Dhaka,PM2.5 - Principal,2025-02-18 03:00 PM,2025,02,18,15,128.7,204,Very Unhealthy,141.0,UG/M3,1 Hr,Valid
Dhaka,PM2.5 - Principal,2025-02-18 04:00 PM,2025,02,18,16,136.5,212,Very Unhealthy,148.0,UG/M3,1 Hr,Valid
Dhaka,PM2.5 - Principal,2025-02-18 05:00 PM,2025,02,18,17,134.0,209,Very Unhealthy,132.0,UG/M3,1 Hr,Valid
Dhaka,PM2.5 - Principal,2025-02-18 06:00 PM,2025,02,18,18,140.5,216,Very Unhealthy,152.0,UG/M3,1 Hr,Valid
Dhaka,PM2.5 - Principal,2025-02-18 07:00 PM,2025,02,18,19,131.6,207,Very Unhealthy,118.0,UG/M3,1 Hr,Valid
Dhaka,PM2.5 - Principal,2025-02-18 08:00 PM,2025,02,18,20,129.2,205,Very Unhealthy,124.0,UG/M3,1 Hr,Valid
Dhaka,PM2.5 - Principal,2025-02-18 09:00 PM,2025,02,18,21,134.3,210,Very Unhealthy,145.0,UG/M3,1 Hr,Valid
Dhaka,PM2.5 - Principal,2025-02-18 10:00 PM,2025,02,18,22,149.8,225,Very Unhealthy,172.0,UG/M3,1 Hr,Valid
Dhaka,PM2.5 - Principal,2025-02-18 11:00 PM,2025,02,18,23,177.9,253,Very Unhealthy,205.0,UG/M3,1 Hr,Valid
Dhaka,PM2.5 - Principal,2025-02-19 12:00 AM,2025,02,19,00,199.6,274,Very Unhealthy,224.0,UG/M3,1 Hr,Valid
Dhaka,PM2.5 - Principal,2025-02-19 01:00 AM,2025,02,19,01,198.3,273,Very Unhealthy,197.0,UG/M3,1 Hr,Valid
Dhaka,PM2.5 - Principal,2025-02-19 02:00 AM,2025,02,19,02,201.5,276,Very Unhealthy,205.0,UG/M3,1 Hr,Valid
Dhaka,PM2.5 - Principal,2025-02-19 03:00 AM,2025,02,19,03,196.0,271,Very Unhealthy,190.0,UG/M3,1 Hr,Valid
Dhaka,PM2.5 - Principal,2025-02-19 04:00 AM,2025,02,19,04,192.2,267,Very Unhealthy,188.0,UG/M3,1 Hr,Valid
Dhaka,PM2.5 - Principal,2025-02-19 05:00 AM,2025,02,19,05,189.7,265,Very Unhealthy,187.0,UG/M3,1 Hr,Valid
Dhaka,PM2.5 - Principal,2025-02-19 06:00 AM,2025,02,19,06,181.8,257,Very Unhealthy,173.0,UG/M3,1 Hr,Valid
Dhaka,PM2.5 - Principal,2025-02-19 07:00 AM,2025,02,19,07,193.8,269,Very Unhealthy,208.0,UG/M3,1 Hr,Valid
Dhaka,PM2.5 - Principal,2025-02-19 08:00 AM,2025,02,19,08,200.1,275,Very Unhealthy,213.0,UG/M3,1 Hr,Valid
Dhaka,PM2.5 - Principal,2025-02-19 09:00 AM,2025,02,19,09,200.5,275,Very Unhealthy,208.0,UG/M3,1 Hr,Valid
Dhaka,PM2.5 - Principal,2025-02-19 10:00 AM,2025,02,19,10,179.6,255,Very Unhealthy,140.0,UG/M3,1 Hr,Valid
Dhaka,PM2.5 - Principal,2025-02-19 11:00 AM,2025,02,19,11,166.1,241,Very Unhealthy,144.0,UG/M3,1 Hr,Valid
Dhaka,PM2.5 - Principal,2025-02-19 12:00 PM,2025,02,19,12,152.8,228,Very Unhealthy,132.0,UG/M3,1 Hr,Valid
Dhaka,PM2.5 - Principal,2025-02-19 01:00 PM,2025,02,19,13,146.3,222,Very Unhealthy,136.0,UG/M3,1 Hr,Valid
Dhaka,PM2.5 - Principal,2025-02-19 02:00 PM,2025,02,19,14,146.9,222,Very Unhealthy,148.0,UG/M3,1 Hr,Valid
Dhaka,PM2.5 - Principal,2025-02-19 03:00 PM,2025,02,19,15,156.8,232,Very Unhealthy,173.0,UG/M3,1 Hr,Valid
Dhaka,PM2.5 - Principal,2025-02-19 04:00 PM,2025,02,19,16,147.3,223,Very Unhealthy,132.0,UG/M3,1 Hr,Valid
Dhaka,PM2.5 - Principal,2025-02-19 05:00 PM,2025,02,19,17,142.9,218,Very Unhealthy,136.0,UG/M3,1 Hr,Valid
Dhaka,PM2.5 - Principal,2025-02-19 06:00 PM,2025,02,19,18,166.5,242,Very Unhealthy,205.0,UG/M3,1 Hr,Valid
Dhaka,PM2.5 - Principal,2025-02-19 07:00 PM,2025,02,19,19,186.6,262,Very Unhealthy,217.0,UG/M3,1 Hr,Valid
Dhaka,PM2.5 - Principal,2025-02-19 08:00 PM,2025,02,19,20,222.5,297,Very Unhealthy,254.0,UG/M3,1 Hr,Valid
Dhaka,PM2.5 - Principal,2025-02-19 09:00 PM,2025,02,19,21,244.2,338,Hazardous,264.0,UG/M3,1 Hr,Valid
Dhaka,PM2.5 - Principal,2025-02-19 10:00 PM,2025,02,19,22,262.1,374,Hazardous,280.0,UG/M3,1 Hr,Valid
Dhaka,PM2.5 - Principal,2025-02-19 11:00 PM,2025,02,19,23,264.5,379,Hazardous,267.0,UG/M3,1 Hr,Valid
Dhaka,PM2.5 - Principal,2025-02-20 12:00 AM,2025,02,20,00,294.3,438,Hazardous,324.0,UG/M3,1 Hr,Valid
Dhaka,PM2.5 - Principal,2025-02-20 01:00 AM,2025,02,20,01,301.1,452,Hazardous,308.0,UG/M3,1 Hr,Valid
Dhaka,PM2.5 - Principal,2025-02-20 02:00 AM,2025,02,20,02,302.1,454,Hazardous,303.0,UG/M3,1 Hr,Valid
Dhaka,PM2.5 - Principal,2025-02-20 03:00 AM,2025,02,20,03,308.0,465,Hazardous,314.0,UG/M3,1 Hr,Valid
Dhaka,PM2.5 - Principal,2025-02-20 04:00 AM,2025,02,20,04,278.0,406,Hazardous,248.0,UG/M3,1 Hr,Valid
Dhaka,PM2.5 - Principal,2025-02-20 05:00 AM,2025,02,20,05,256.1,362,Hazardous,210.0,UG/M3,1 Hr,Valid
Dhaka,PM2.5 - Principal,2025-02-20 06:00 AM,2025,02,20,06,231.6,313,Hazardous,197.0,UG/M3,1 Hr,Valid
Dhaka,PM2.5 - Principal,2025-02-20 07:00 AM,2025,02,20,07,224.7,299,Very Unhealthy,214.0,UG/M3,1 Hr,Valid
Dhaka,PM2.5 - Principal,2025-02-20 08:00 AM,2025,02,20,08,197.6,272,Very Unhealthy,173.0,UG/M3,1 Hr,Valid
Dhaka,PM2.5 - Principal,2025-02-20 09:00 AM,2025,02,20,09,168.5,244,Very Unhealthy,142.0,UG/M3,1 Hr,Valid
Dhaka,PM2.5 - Principal,2025-02-20 10:00 AM,2025,02,20,10,147.2,223,Very Unhealthy,126.0,UG/M3,1 Hr,Valid
Dhaka,PM2.5 - Principal,2025-02-20 11:00 AM,2025,02,20,11,130.6,206,Very Unhealthy,114.0,UG/M3,1 Hr,Valid
Dhaka,PM2.5 - Principal,2025-02-20 12:00 PM,2025,02,20,12,114.2,192,Unhealthy,98.0,UG/M3,1 Hr,Valid
Dhaka,PM2.5 - Principal,2025-02-20 01:00 PM,2025,02,20,13,100.1,182,Unhealthy,86.0,UG/M3,1 Hr,Valid
Dhaka,PM2.5 - Principal,2025-02-20 02:00 PM,2025,02,20,14,96.0,179,Unhealthy,92.0,UG/M3,1 Hr,Valid
Dhaka,PM2.5 - Principal,2025-02-20 03:00 PM,2025,02,20,15,91.9,177,Unhealthy,88.0,UG/M3,1 Hr,Valid
Dhaka,PM2.5 - Principal,2025-02-20 04:00 PM,2025,02,20,16,100.4,182,Unhealthy,109.0,UG/M3,1 Hr,Valid
Dhaka,PM2.5 - Principal,2025-02-20 05:00 PM,2025,02,20,17,126.7,202,Very Unhealthy,153.0,UG/M3,1 Hr,Valid
Dhaka,PM2.5 - Principal,2025-02-20 06:00 PM,2025,02,20,18,156.3,232,Very Unhealthy,186.0,UG/M3,1 Hr,Valid
Dhaka,PM2.5 - Principal,2025-02-20 07:00 PM,2025,02,20,19,190.6,266,Very Unhealthy,225.0,UG/M3,1 Hr,Valid
Dhaka,PM2.5 - Principal,2025-02-20 08:00 PM,2025,02,20,20,212.8,288,Very Unhealthy,235.0,UG/M3,1 Hr,Valid
Dhaka,PM2.5 - Principal,2025-02-20 09:00 PM,2025,02,20,21,227.4,305,Hazardous,242.0,UG/M3,1 Hr,Valid
Dhaka,PM2.5 - Principal,2025-02-20 10:00 PM,2025,02,20,22,226.7,303,Hazardous,226.0,UG/M3,1 Hr,Valid
Dhaka,PM2.5 - Principal,2025-02-20 11:00 PM,2025,02,20,23,220.3,295,Very Unhealthy,214.0,UG/M3,1 Hr,Valid
Dhaka,PM2.5 - Principal,2025-02-21 12:00 AM,2025,02,21,00,219.2,294,Very Unhealthy,218.0,UG/M3,1 Hr,Valid
Dhaka,PM2.5 - Principal,2025-02-21 01:00 AM,2025,02,21,01,222.6,297,Very Unhealthy,226.0,UG/M3,1 Hr,Valid
Dhaka,PM2.5 - Principal,2025-02-21 02:00 AM,2025,02,21,02,220.8,295,Very Unhealthy,219.0,UG/M3,1 Hr,Valid
Dhaka,PM2.5 - Principal,2025-02-21 03:00 AM,2025,02,21,03,228.9,308,Hazardous,237.0,UG/M3,1 Hr,Valid
Dhaka,PM2.5 - Principal,2025-02-21 04:00 AM,2025,02,21,04,232.5,315,Hazardous,242.0,UG/M3,1 Hr,Valid
Dhaka,PM2.5 - Principal,2025-02-21 05:00 AM,2025,02,21,05,237.3,325,Hazardous,255.0,UG/M3,1 Hr,Valid
Dhaka,PM2.5 - Principal,2025-02-21 06:00 AM,2025,02,21,06,234.7,319,Hazardous,237.0,UG/M3,1 Hr,Valid
Dhaka,PM2.5 - Principal,2025-02-21 07:00 AM,2025,02,21,07,235.9,322,Hazardous,240.0,UG/M3,1 Hr,Valid
Dhaka,PM2.5 - Principal,2025-02-21 08:00 AM,2025,02,21,08,230.7,311,Hazardous,208.0,UG/M3,1 Hr,Valid
Dhaka,PM2.5 - Principal,2025-02-21 09:00 AM,2025,02,21,09,218.1,293,Very Unhealthy,187.0,UG/M3,1 Hr,Valid
Dhaka,PM2.5 - Principal,2025-02-21 10:00 AM,2025,02,21,10,197.0,272,Very Unhealthy,166.0,UG/M3,1 Hr,Valid
Dhaka,PM2.5 - Principal,2025-02-21 11:00 AM,2025,02,21,11,171.6,247,Very Unhealthy,146.0,UG/M3,1 Hr,Valid
Dhaka,PM2.5 - Principal,2025-02-21 12:00 PM,2025,02,21,12,141.9,217,Very Unhealthy,118.0,UG/M3,1 Hr,Valid
Dhaka,PM2.5 - Principal,2025-02-21 01:00 PM,2025,02,21,13,133.4,209,Very Unhealthy,125.0,UG/M3,1 Hr,Valid
Dhaka,PM2.5 - Principal,2025-02-21 02:00 PM,2025,02,21,14,119.2,196,Unhealthy,105.0,UG/M3,1 Hr,Valid
Dhaka,PM2.5 - Principal,2025-02-21 03:00 PM,2025,02,21,15,106.5,187,Unhealthy,94.0,UG/M3,1 Hr,Valid
Dhaka,PM2.5 - Principal,2025-02-21 04:00 PM,2025,02,21,16,88.2,174,Unhealthy,70.0,UG/M3,1 Hr,Valid
Dhaka,PM2.5 - Principal,2025-02-21 05:00 PM,2025,02,21,17,86.6,173,Unhealthy,85.0,UG/M3,1 Hr,Valid
Dhaka,PM2.5 - Principal,2025-02-21 06:00 PM,2025,02,21,18,108.7,188,Unhealthy,131.0,UG/M3,1 Hr,Valid
Dhaka,PM2.5 - Principal,2025-02-21 07:00 PM,2025,02,21,19,115.8,193,Unhealthy,123.0,UG/M3,1 Hr,Valid
Dhaka,PM2.5 - Principal,2025-02-21 08:00 PM,2025,02,21,20,110.4,189,Unhealthy,105.0,UG/M3,1 Hr,Valid
Dhaka,PM2.5 - Principal,2025-02-21 09:00 PM,2025,02,21,21,113.2,191,Unhealthy,116.0,UG/M3,1 Hr,Valid
Dhaka,PM2.5 - Principal,2025-02-21 10:00 PM,2025,02,21,22,110.0,189,Unhealthy,107.0,UG/M3,1 Hr,Valid
Dhaka,PM2.5 - Principal,2025-02-21 11:00 PM,2025,02,21,23,120.9,197,Unhealthy,133.0,UG/M3,1 Hr,Valid
Dhaka,PM2.5 - Principal,2025-02-22 12:00 AM,2025,02,22,00,125.2,200,Unhealthy,130.0,UG/M3,1 Hr,Valid
Dhaka,PM2.5 - Principal,2025-02-22 01:00 AM,2025,02,22,01,127.0,202,Very Unhealthy,129.0,UG/M3,1 Hr,Valid
Dhaka,PM2.5 - Principal,2025-02-22 02:00 AM,2025,02,22,02,136.6,212,Very Unhealthy,146.0,UG/M3,1 Hr,Valid
Dhaka,PM2.5 - Principal,2025-02-22 03:00 AM,2025,02,22,03,124.8,200,Unhealthy,113.0,UG/M3,1 Hr,Valid
Dhaka,PM2.5 - Principal,2025-02-22 04:00 AM,2025,02,22,04,129.0,204,Very Unhealthy,134.0,UG/M3,1 Hr,Valid
Dhaka,PM2.5 - Principal,2025-02-22 05:00 AM,2025,02,22,05,128.6,204,Very Unhealthy,130.0,UG/M3,1 Hr,Valid
Dhaka,PM2.5 - Principal,2025-02-22 06:00 AM,2025,02,22,06,131.6,207,Very Unhealthy,139.0,UG/M3,1 Hr,Valid
Dhaka,PM2.5 - Principal,2025-02-22 07:00 AM,2025,02,22,07,128.9,204,Very Unhealthy,122.0,UG/M3,1 Hr,Valid
Dhaka,PM2.5 - Principal,2025-02-22 08:00 AM,2025,02,22,08,138.9,214,Very Unhealthy,159.0,UG/M3,1 Hr,Valid
Dhaka,PM2.5 - Principal,2025-02-22 09:00 AM,2025,02,22,09,148.1,223,Very Unhealthy,164.0,UG/M3,1 Hr,Valid
Dhaka,PM2.5 - Principal,2025-02-22 10:00 AM,2025,02,22,10,161.2,236,Very Unhealthy,181.0,UG/M3,1 Hr,Valid
Dhaka,PM2.5 - Principal,2025-02-22 11:00 AM,2025,02,22,11,148.7,224,Very Unhealthy,128.0,UG/M3,1 Hr,Valid
Dhaka,PM2.5 - Principal,2025-02-22 12:00 PM,2025,02,22,12,142.4,218,Very Unhealthy,132.0,UG/M3,1 Hr,Valid
Dhaka,PM2.5 - Principal,2025-02-22 01:00 PM,2025,02,22,13,142.6,218,Very Unhealthy,143.0,UG/M3,1 Hr,Valid
Dhaka,PM2.5 - Principal,2025-02-22 02:00 PM,2025,02,22,14,134.5,210,Very Unhealthy,121.0,UG/M3,1 Hr,Valid
Dhaka,PM2.5 - Principal,2025-02-22 03:00 PM,2025,02,22,15,108.1,188,Unhealthy,85.0,UG/M3,1 Hr,Valid
Dhaka,PM2.5 - Principal,2025-02-22 04:00 PM,2025,02,22,16,87.5,173,Unhealthy,67.0,UG/M3,1 Hr,Valid
Dhaka,PM2.5 - Principal,2025-02-22 05:00 PM,2025,02,22,17,95.2,179,Unhealthy,103.0,UG/M3,1 Hr,Valid
Dhaka,PM2.5 - Principal,2025-02-22 06:00 PM,2025,02,22,18,95.2,179,Unhealthy,496.0,UG/M3,1 Hr,Invalid
Dhaka,PM2.5 - Principal,2025-02-22 07:00 PM,2025,02,22,19,89.7,175,Unhealthy,87.0,UG/M3,1 Hr,Valid
Dhaka,PM2.5 - Principal,2025-02-22 08:00 PM,2025,02,22,20,84.1,171,Unhealthy,80.0,UG/M3,1 Hr,Valid
Dhaka,PM2.5 - Principal,2025-02-22 09:00 PM,2025,02,22,21,85.6,172,Unhealthy,87.0,UG/M3,1 Hr,Valid
Dhaka,PM2.5 - Principal,2025-02-22 10:00 PM,2025,02,22,22,117.8,195,Unhealthy,148.0,UG/M3,1 Hr,Valid
Dhaka,PM2.5 - Principal,2025-02-22 11:00 PM,2025,02,22,23,199.2,274,Very Unhealthy,278.0,UG/M3,1 Hr,Valid
Dhaka,PM2.5 - Principal,2025-02-23 12:00 AM,2025,02,23,00,227.8,306,Hazardous,256.0,UG/M3,1 Hr,Valid
Dhaka,PM2.5 - Principal,2025-02-23 01:00 AM,2025,02,23,01,250.0,350,Hazardous,272.0,UG/M3,1 Hr,Valid
Dhaka,PM2.5 - Principal,2025-02-23 02:00 AM,2025,02,23,02,282.0,414,Hazardous,314.0,UG/M3,1 Hr,Valid
Dhaka,PM2.5 - Principal,2025-02-23 03:00 AM,2025,02,23,03,232.0,314,Hazardous,182.0,UG/M3,1 Hr,Valid
Dhaka,PM2.5 - Principal,2025-02-23 04:00 AM,2025,02,23,04,164.4,240,Very Unhealthy,97.0,UG/M3,1 Hr,Valid
Dhaka,PM2.5 - Principal,2025-02-23 05:00 AM,2025,02,23,05,147.7,223,Very Unhealthy,131.0,UG/M3,1 Hr,Valid
Dhaka,PM2.5 - Principal,2025-02-23 06:00 AM,2025,02,23,06,131.3,207,Very Unhealthy,115.0,UG/M3,1 Hr,Valid
Dhaka,PM2.5 - Principal,2025-02-23 07:00 AM,2025,02,23,07,133.1,209,Very Unhealthy,135.0,UG/M3,1 Hr,Valid
Dhaka,PM2.5 - Principal,2025-02-23 08:00 AM,2025,02,23,08,132.1,208,Very Unhealthy,131.0,UG/M3,1 Hr,Valid
Dhaka,PM2.5 - Principal,2025-02-23 09:00 AM,2025,02,23,09,133.0,208,Very Unhealthy,134.0,UG/M3,1 Hr,Valid
Dhaka,PM2.5 - Principal,2025-02-23 10:00 AM,2025,02,23,10,130.0,205,Very Unhealthy,127.0,UG/M3,1 Hr,Valid
Dhaka,PM2.5 - Principal,2025-02-23 11:00 AM,2025,02,23,11,171.0,246,Very Unhealthy,212.0,UG/M3,1 Hr,Valid
Dhaka,PM2.5 - Principal,2025-02-23 12:00 PM,2025,02,23,12,151.9,227,Very Unhealthy,133.0,UG/M3,1 Hr,Valid
Dhaka,PM2.5 - Principal,2025-02-23 01:00 PM,2025,02,23,13,138.9,214,Very Unhealthy,126.0,UG/M3,1 Hr,Valid
Dhaka,PM2.5 - Principal,2025-02-23 02:00 PM,2025,02,23,14,101.9,184,Unhealthy,65.0,UG/M3,1 Hr,Valid
Dhaka,PM2.5 - Principal,2025-02-23 03:00 PM,2025,02,23,15,81.4,169,Unhealthy,61.0,UG/M3,1 Hr,Valid
Dhaka,PM2.5 - Principal,2025-02-23 04:00 PM,2025,02,23,16,70.2,161,Unhealthy,59.0,UG/M3,1 Hr,Valid
Dhaka,PM2.5 - Principal,2025-02-23 05:00 PM,2025,02,23,17,72.6,163,Unhealthy,75.0,UG/M3,1 Hr,Valid
Dhaka,PM2.5 - Principal,2025-02-23 06:00 PM,2025,02,23,18,80.8,169,Unhealthy,89.0,UG/M3,1 Hr,Valid
Dhaka,PM2.5 - Principal,2025-02-23 07:00 PM,2025,02,23,19,98.8,181,Unhealthy,117.0,UG/M3,1 Hr,Valid
Dhaka,PM2.5 - Principal,2025-02-23 08:00 PM,2025,02,23,20,108.9,188,Unhealthy,119.0,UG/M3,1 Hr,Valid
Dhaka,PM2.5 - Principal,2025-02-23 09:00 PM,2025,02,23,21,106.4,187,Unhealthy,104.0,UG/M3,1 Hr,Valid
Dhaka,PM2.5 - Principal,2025-02-23 10:00 PM,2025,02,23,22,95.2,179,Unhealthy,84.0,UG/M3,1 Hr,Valid
Dhaka,PM2.5 - Principal,2025-02-23 11:00 PM,2025,02,23,23,87.0,173,Unhealthy,79.0,UG/M3,1 Hr,Valid
Dhaka,PM2.5 - Principal,2025-02-24 12:00 AM,2025,02,24,00,92.0,177,Unhealthy,97.0,UG/M3,1 Hr,Valid
Dhaka,PM2.5 - Principal,2025-02-24 01:00 AM,2025,02,24,01,115.5,193,Unhealthy,139.0,UG/M3,1 Hr,Valid
Dhaka,PM2.5 - Principal,2025-02-24 02:00 AM,2025,02,24,02,108.7,188,Unhealthy,102.0,UG/M3,1 Hr,Valid
Dhaka,PM2.5 - Principal,2025-02-24 03:00 AM,2025,02,24,03,97.8,181,Unhealthy,87.0,UG/M3,1 Hr,Valid
Dhaka,PM2.5 - Principal,2025-02-24 04:00 AM,2025,02,24,04,89.5,175,Unhealthy,79.0,UG/M3,1 Hr,Valid
Dhaka,PM2.5 - Principal,2025-02-24 05:00 AM,2025,02,24,05,83.5,171,Unhealthy,76.0,UG/M3,1 Hr,Valid
Dhaka,PM2.5 - Principal,2025-02-24 06:00 AM,2025,02,24,06,87.3,173,Unhealthy,92.0,UG/M3,1 Hr,Valid
Dhaka,PM2.5 - Principal,2025-02-24 07:00 AM,2025,02,24,07,89.0,174,Unhealthy,91.0,UG/M3,1 Hr,Valid
Dhaka,PM2.5 - Principal,2025-02-24 08:00 AM,2025,02,24,08,86.2,173,Unhealthy,83.0,UG/M3,1 Hr,Valid
Dhaka,PM2.5 - Principal,2025-02-24 09:00 AM,2025,02,24,09,86.1,172,Unhealthy,86.0,UG/M3,1 Hr,Valid
Dhaka,PM2.5 - Principal,2025-02-24 10:00 AM,2025,02,24,10,86.0,172,Unhealthy,86.0,UG/M3,1 Hr,Valid
Dhaka,PM2.5 - Principal,2025-02-24 11:00 AM,2025,02,24,11,76.5,166,Unhealthy,67.0,UG/M3,1 Hr,Valid
Dhaka,PM2.5 - Principal,2025-02-24 12:00 PM,2025,02,24,12,65.2,158,Unhealthy,54.0,UG/M3,1 Hr,Valid
Dhaka,PM2.5 - Principal,2025-02-24 01:00 PM,2025,02,24,13,67.9,160,Unhealthy,70.0,UG/M3,1 Hr,Valid
Dhaka,PM2.5 - Principal,2025-02-24 02:00 PM,2025,02,24,14,66.8,159,Unhealthy,64.0,UG/M3,1 Hr,Valid
Dhaka,PM2.5 - Principal,2025-02-24 03:00 PM,2025,02,24,15,63.5,157,Unhealthy,59.0,UG/M3,1 Hr,Valid
Dhaka,PM2.5 - Principal,2025-02-24 04:00 PM,2025,02,24,16,56.3,152,Unhealthy,49.0,UG/M3,1 Hr,Valid
Dhaka,PM2.5 - Principal,2025-02-24 05:00 PM,2025,02,24,17,64.1,157,Unhealthy,73.0,UG/M3,1 Hr,Valid
Dhaka,PM2.5 - Principal,2025-02-24 06:00 PM,2025,02,24,18,93.6,178,Unhealthy,123.0,UG/M3,1 Hr,Valid
Dhaka,PM2.5 - Principal,2025-02-24 07:00 PM,2025,02,24,19,118.3,195,Unhealthy,143.0,UG/M3,1 Hr,Valid
Dhaka,PM2.5 - Principal,2025-02-24 08:00 PM,2025,02,24,20,122.6,198,Unhealthy,127.0,UG/M3,1 Hr,Valid
Dhaka,PM2.5 - Principal,2025-02-24 09:00 PM,2025,02,24,21,149.3,225,Very Unhealthy,176.0,UG/M3,1 Hr,Valid
Dhaka,PM2.5 - Principal,2025-02-24 10:00 PM,2025,02,24,22,146.1,221,Very Unhealthy,143.0,UG/M3,1 Hr,Valid
Dhaka,PM2.5 - Principal,2025-02-24 11:00 PM,2025,02,24,23,134.0,209,Very Unhealthy,122.0,UG/M3,1 Hr,Valid
Dhaka,PM2.5 - Principal,2025-02-25 12:00 AM,2025,02,25,00,126.5,202,Very Unhealthy,119.0,UG/M3,1 Hr,Valid
Dhaka,PM2.5 - Principal,2025-02-25 01:00 AM,2025,02,25,01,117.7,195,Unhealthy,109.0,UG/M3,1 Hr,Valid
Dhaka,PM2.5 - Principal,2025-02-25 02:00 AM,2025,02,25,02,133.9,209,Very Unhealthy,150.0,UG/M3,1 Hr,Valid
Dhaka,PM2.5 - Principal,2025-02-25 03:00 AM,2025,02,25,03,148.9,224,Very Unhealthy,164.0,UG/M3,1 Hr,Valid
Dhaka,PM2.5 - Principal,2025-02-25 04:00 AM,2025,02,25,04,175.5,251,Very Unhealthy,202.0,UG/M3,1 Hr,Valid
Dhaka,PM2.5 - Principal,2025-02-25 05:00 AM,2025,02,25,05,185.7,261,Very Unhealthy,201.0,UG/M3,1 Hr,Valid
Dhaka,PM2.5 - Principal,2025-02-25 06:00 AM,2025,02,25,06,176.1,251,Very Unhealthy,165.0,UG/M3,1 Hr,Valid
Dhaka,PM2.5 - Principal,2025-02-25 07:00 AM,2025,02,25,07,175.6,251,Very Unhealthy,175.0,UG/M3,1 Hr,Valid
Dhaka,PM2.5 - Principal,2025-02-25 08:00 AM,2025,02,25,08,165.6,241,Very Unhealthy,154.0,UG/M3,1 Hr,Valid
Dhaka,PM2.5 - Principal,2025-02-25 09:00 AM,2025,02,25,09,159.3,234,Very Unhealthy,152.0,UG/M3,1 Hr,Valid
Dhaka,PM2.5 - Principal,2025-02-25 10:00 AM,2025,02,25,10,144.0,219,Very Unhealthy,126.0,UG/M3,1 Hr,Valid
Dhaka,PM2.5 - Principal,2025-02-25 11:00 AM,2025,02,25,11,110.1,189,Unhealthy,78.0,UG/M3,1 Hr,Valid
Dhaka,PM2.5 - Principal,2025-02-25 12:00 PM,2025,02,25,12,97.0,180,Unhealthy,84.0,UG/M3,1 Hr,Valid
Dhaka,PM2.5 - Principal,2025-02-25 01:00 PM,2025,02,25,13,96.0,179,Unhealthy,95.0,UG/M3,1 Hr,Valid
Dhaka,PM2.5 - Principal,2025-02-25 02:00 PM,2025,02,25,14,97.5,180,Unhealthy,99.0,UG/M3,1 Hr,Valid
Dhaka,PM2.5 - Principal,2025-02-25 03:00 PM,2025,02,25,15,103.7,185,Unhealthy,110.0,UG/M3,1 Hr,Valid
Dhaka,PM2.5 - Principal,2025-02-25 04:00 PM,2025,02,25,16,109.3,189,Unhealthy,115.0,UG/M3,1 Hr,Valid
Dhaka,PM2.5 - Principal,2025-02-25 05:00 PM,2025,02,25,17,113.6,192,Unhealthy,118.0,UG/M3,1 Hr,Valid
Dhaka,PM2.5 - Principal,2025-02-25 06:00 PM,2025,02,25,18,127.3,203,Very Unhealthy,141.0,UG/M3,1 Hr,Valid
Dhaka,PM2.5 - Principal,2025-02-25 07:00 PM,2025,02,25,19,131.9,207,Very Unhealthy,137.0,UG/M3,1 Hr,Valid
Dhaka,PM2.5 - Principal,2025-02-25 08:00 PM,2025,02,25,20,140.1,215,Very Unhealthy,149.0,UG/M3,1 Hr,Valid
Dhaka,PM2.5 - Principal,2025-02-25 09:00 PM,2025,02,25,21,138.4,214,Very Unhealthy,137.0,UG/M3,1 Hr,Valid
Dhaka,PM2.5 - Principal,2025-02-25 10:00 PM,2025,02,25,22,133.9,209,Very Unhealthy,129.0,UG/M3,1 Hr,Valid
Dhaka,PM2.5 - Principal,2025-02-25 11:00 PM,2025,02,25,23,126.5,202,Very Unhealthy,117.0,UG/M3,1 Hr,Valid
Dhaka,PM2.5 - Principal,2025-02-26 12:00 AM,2025,02,26,00,128.8,204,Very Unhealthy,131.0,UG/M3,1 Hr,Valid
Dhaka,PM2.5 - Principal,2025-02-26 01:00 AM,2025,02,26,01,198.6,273,Very Unhealthy,269.0,UG/M3,1 Hr,Valid
Dhaka,PM2.5 - Principal,2025-02-26 02:00 AM,2025,02,26,02,296.3,442,Hazardous,394.0,UG/M3,1 Hr,Valid
Dhaka,PM2.5 - Principal,2025-02-26 03:00 AM,2025,02,26,03,340.2,529,Hazardous,384.0,UG/M3,1 Hr,Valid
Dhaka,PM2.5 - Principal,2025-02-26 04:00 AM,2025,02,26,04,311.6,473,Hazardous,283.0,UG/M3,1 Hr,Valid
Dhaka,PM2.5 - Principal,2025-02-26 05:00 AM,2025,02,26,05,276.3,402,Hazardous,241.0,UG/M3,1 Hr,Valid
Dhaka,PM2.5 - Principal,2025-02-26 06:00 AM,2025,02,26,06,265.6,381,Hazardous,255.0,UG/M3,1 Hr,Valid
Dhaka,PM2.5 - Principal,2025-02-26 07:00 AM,2025,02,26,07,222.8,297,Very Unhealthy,180.0,UG/M3,1 Hr,Valid
Dhaka,PM2.5 - Principal,2025-02-26 08:00 AM,2025,02,26,08,179.9,255,Very Unhealthy,137.0,UG/M3,1 Hr,Valid
Dhaka,PM2.5 - Principal,2025-02-26 09:00 AM,2025,02,26,09,163.4,239,Very Unhealthy,147.0,UG/M3,1 Hr,Valid
Dhaka,PM2.5 - Principal,2025-02-26 10:00 AM,2025,02,26,10,137.7,213,Very Unhealthy,112.0,UG/M3,1 Hr,Valid
Dhaka,PM2.5 - Principal,2025-02-26 11:00 AM,2025,02,26,11,113.8,192,Unhealthy,90.0,UG/M3,1 Hr,Valid
Dhaka,PM2.5 - Principal,2025-02-26 12:00 PM,2025,02,26,12,94.9,179,Unhealthy,76.0,UG/M3,1 Hr,Valid
Dhaka,PM2.5 - Principal,2025-02-26 01:00 PM,2025,02,26,13,83.4,171,Unhealthy,72.0,UG/M3,1 Hr,Valid
Dhaka,PM2.5 - Principal,2025-02-26 02:00 PM,2025,02,26,14,78.6,167,Unhealthy,74.0,UG/M3,1 Hr,Valid
Dhaka,PM2.5 - Principal,2025-02-26 03:00 PM,2025,02,26,15,67.8,160,Unhealthy,57.0,UG/M3,1 Hr,Valid
Dhaka,PM2.5 - Principal,2025-02-26 04:00 PM,2025,02,26,16,63.8,157,Unhealthy,60.0,UG/M3,1 Hr,Valid
Dhaka,PM2.5 - Principal,2025-02-26 05:00 PM,2025,02,26,17,71.4,162,Unhealthy,79.0,UG/M3,1 Hr,Valid
Dhaka,PM2.5 - Principal,2025-02-26 06:00 PM,2025,02,26,18,85.1,172,Unhealthy,99.0,UG/M3,1 Hr,Valid
Dhaka,PM2.5 - Principal,2025-02-26 07:00 PM,2025,02,26,19,105.5,186,Unhealthy,126.0,UG/M3,1 Hr,Valid
Dhaka,PM2.5 - Principal,2025-02-26 08:00 PM,2025,02,26,20,134.2,210,Very Unhealthy,163.0,UG/M3,1 Hr,Valid
Dhaka,PM2.5 - Principal,2025-02-26 09:00 PM,2025,02,26,21,155.6,231,Very Unhealthy,177.0,UG/M3,1 Hr,Valid
Dhaka,PM2.5 - Principal,2025-02-26 10:00 PM,2025,02,26,22,170.3,245,Very Unhealthy,185.0,UG/M3,1 Hr,Valid
Dhaka,PM2.5 - Principal,2025-02-26 11:00 PM,2025,02,26,23,179.6,255,Very Unhealthy,189.0,UG/M3,1 Hr,Valid
Dhaka,PM2.5 - Principal,2025-02-27 12:00 AM,2025,02,27,00,193.3,268,Very Unhealthy,207.0,UG/M3,1 Hr,Valid
Dhaka,PM2.5 - Principal,2025-02-27 01:00 AM,2025,02,27,01,218.6,293,Very Unhealthy,244.0,UG/M3,1 Hr,Valid
Dhaka,PM2.5 - Principal,2025-02-27 02:00 AM,2025,02,27,02,206.8,282,Very Unhealthy,195.0,UG/M3,1 Hr,Valid
Dhaka,PM2.5 - Principal,2025-02-27 03:00 AM,2025,02,27,03,191.9,267,Very Unhealthy,177.0,UG/M3,1 Hr,Valid
Dhaka,PM2.5 - Principal,2025-02-27 04:00 AM,2025,02,27,04,205.9,281,Very Unhealthy,220.0,UG/M3,1 Hr,Valid
Dhaka,PM2.5 - Principal,2025-02-27 05:00 AM,2025,02,27,05,197.0,272,Very Unhealthy,188.0,UG/M3,1 Hr,Valid
Dhaka,PM2.5 - Principal,2025-02-27 06:00 AM,2025,02,27,06,194.2,269,Very Unhealthy,191.0,UG/M3,1 Hr,Valid
Dhaka,PM2.5 - Principal,2025-02-27 07:00 AM,2025,02,27,07,180.1,255,Very Unhealthy,154.0,UG/M3,1 Hr,Valid
Dhaka,PM2.5 - Principal,2025-02-27 08:00 AM,2025,02,27,08,168.6,244,Very Unhealthy,151.0,UG/M3,1 Hr,Valid
Dhaka,PM2.5 - Principal,2025-02-27 09:00 AM,2025,02,27,09,156.3,232,Very Unhealthy,142.0,UG/M3,1 Hr,Valid
Dhaka,PM2.5 - Principal,2025-02-27 10:00 AM,2025,02,27,10,131.1,207,Very Unhealthy,110.0,UG/M3,1 Hr,Valid
Dhaka,PM2.5 - Principal,2025-02-27 11:00 AM,2025,02,27,11,117.5,194,Unhealthy,104.0,UG/M3,1 Hr,Valid
Dhaka,PM2.5 - Principal,2025-02-27 12:00 PM,2025,02,27,12,108.2,188,Unhealthy,99.0,UG/M3,1 Hr,Valid
Dhaka,PM2.5 - Principal,2025-02-27 01:00 PM,2025,02,27,13,101.1,183,Unhealthy,94.0,UG/M3,1 Hr,Valid
Dhaka,PM2.5 - Principal,2025-02-27 02:00 PM,2025,02,27,14,89.5,175,Unhealthy,78.0,UG/M3,1 Hr,Valid
Dhaka,PM2.5 - Principal,2025-02-27 03:00 PM,2025,02,27,15,89.7,175,Unhealthy,90.0,UG/M3,1 Hr,Valid
Dhaka,PM2.5 - Principal,2025-02-27 04:00 PM,2025,02,27,16,94.8,179,Unhealthy,100.0,UG/M3,1 Hr,Valid
Dhaka,PM2.5 - Principal,2025-02-27 05:00 PM,2025,02,27,17,93.9,178,Unhealthy,93.0,UG/M3,1 Hr,Valid
Dhaka,PM2.5 - Principal,2025-02-27 06:00 PM,2025,02,27,18,103.8,185,Unhealthy,114.0,UG/M3,1 Hr,Valid
Dhaka,PM2.5 - Principal,2025-02-27 07:00 PM,2025,02,27,19,114.4,192,Unhealthy,126.0,UG/M3,1 Hr,Valid
Dhaka,PM2.5 - Principal,2025-02-27 08:00 PM,2025,02,27,20,136.9,212,Very Unhealthy,159.0,UG/M3,1 Hr,Valid
Dhaka,PM2.5 - Principal,2025-02-27 09:00 PM,2025,02,27,21,152.4,228,Very Unhealthy,168.0,UG/M3,1 Hr,Valid
Dhaka,PM2.5 - Principal,2025-02-27 10:00 PM,2025,02,27,22,174.2,249,Very Unhealthy,196.0,UG/M3,1 Hr,Valid
Dhaka,PM2.5 - Principal,2025-02-27 11:00 PM,2025,02,27,23,187.6,263,Very Unhealthy,201.0,UG/M3,1 Hr,Valid
Dhaka,PM2.5 - Principal,2025-02-28 12:00 AM,2025,02,28,00,206.3,281,Very Unhealthy,225.0,UG/M3,1 Hr,Valid
Dhaka,PM2.5 - Principal,2025-02-28 01:00 AM,2025,02,28,01,219.1,294,Very Unhealthy,232.0,UG/M3,1 Hr,Valid
Dhaka,PM2.5 - Principal,2025-02-28 02:00 AM,2025,02,28,02,198.6,273,Very Unhealthy,178.0,UG/M3,1 Hr,Valid
Dhaka,PM2.5 - Principal,2025-02-28 03:00 AM,2025,02,28,03,222.8,297,Very Unhealthy,247.0,UG/M3,1 Hr,Valid
Dhaka,PM2.5 - Principal,2025-02-28 04:00 AM,2025,02,28,04,234.4,319,Hazardous,246.0,UG/M3,1 Hr,Valid
Dhaka,PM2.5 - Principal,2025-02-28 05:00 AM,2025,02,28,05,236.7,323,Hazardous,239.0,UG/M3,1 Hr,Valid
Dhaka,PM2.5 - Principal,2025-02-28 06:00 AM,2025,02,28,06,232.8,316,Hazardous,229.0,UG/M3,1 Hr,Valid
Dhaka,PM2.5 - Principal,2025-02-28 07:00 AM,2025,02,28,07,196.0,271,Very Unhealthy,145.0,UG/M3,1 Hr,Valid
Dhaka,PM2.5 - Principal,2025-02-28 08:00 AM,2025,02,28,08,143.4,219,Very Unhealthy,98.0,UG/M3,1 Hr,Valid
Dhaka,PM2.5 - Principal,2025-02-28 09:00 AM,2025,02,28,09,142.7,218,Very Unhealthy,142.0,UG/M3,1 Hr,Valid
Dhaka,PM2.5 - Principal,2025-02-28 10:00 AM,2025,02,28,10,194.8,270,Very Unhealthy,247.0,UG/M3,1 Hr,Valid
Dhaka,PM2.5 - Principal,2025-02-28 11:00 AM,2025,02,28,11,181.4,256,Very Unhealthy,168.0,UG/M3,1 Hr,Valid
Dhaka,PM2.5 - Principal,2025-02-28 12:00 PM,2025,02,28,12,173.7,249,Very Unhealthy,166.0,UG/M3,1 Hr,Valid
Dhaka,PM2.5 - Principal,2025-02-28 01:00 PM,2025,02,28,13,174.3,249,Very Unhealthy,175.0,UG/M3,1 Hr,Valid
Dhaka,PM2.5 - Principal,2025-02-28 02:00 PM,2025,02,28,14,173.6,249,Very Unhealthy,173.0,UG/M3,1 Hr,Valid
Dhaka,PM2.5 - Principal,2025-02-28 03:00 PM,2025,02,28,15,160.8,236,Very Unhealthy,148.0,UG/M3,1 Hr,Valid
Dhaka,PM2.5 - Principal,2025-02-28 04:00 PM,2025,02,28,16,156.4,232,Very Unhealthy,152.0,UG/M3,1 Hr,Valid
Dhaka,PM2.5 - Principal,2025-02-28 05:00 PM,2025,02,28,17,152.1,227,Very Unhealthy,148.0,UG/M3,1 Hr,Valid
Dhaka,PM2.5 - Principal,2025-02-28 06:00 PM,2025,02,28,18,160.0,235,Very Unhealthy,168.0,UG/M3,1 Hr,Valid
Dhaka,PM2.5 - Principal,2025-02-28 07:00 PM,2025,02,28,19,175.0,250,Very Unhealthy,190.0,UG/M3,1 Hr,Valid
Dhaka,PM2.5 - Principal,2025-02-28 08:00 PM,2025,02,28,20,189.0,264,Very Unhealthy,211.0,UG/M3,1 Hr,Valid
Dhaka,PM2.5 - Principal,2025-02-28 09:00 PM,2025,02,28,21,204.3,279,Very Unhealthy,229.0,UG/M3,1 Hr,Valid
Dhaka,PM2.5 - Principal,2025-02-28 10:00 PM,2025,02,28,22,236.6,323,Hazardous,271.0,UG/M3,1 Hr,Valid
Dhaka,PM2.5 - Principal,2025-02-28 11:00 PM,2025,02,28,23,225.4,300,Very Unhealthy,212.0,UG/M3,1 Hr,Valid
Dhaka,PM2.5 - Principal,2025-03-01 12:00 AM,2025,03,01,00,219.8,294,Very Unhealthy,213.0,UG/M3,1 Hr,Valid
Dhaka,PM2.5 - Principal,2025-03-01 01:00 AM,2025,03,01,01,220.3,295,Very Unhealthy,221.0,UG/M3,1 Hr,Valid
Dhaka,PM2.5 - Principal,2025-03-01 02:00 AM,2025,03,01,02,237.4,325,Hazardous,258.0,UG/M3,1 Hr,Valid
Dhaka,PM2.5 - Principal,2025-03-01 03:00 AM,2025,03,01,03,249.0,348,Hazardous,263.0,UG/M3,1 Hr,Valid
Dhaka,PM2.5 - Principal,2025-03-01 04:00 AM,2025,03,01,04,294.0,437,Hazardous,337.0,UG/M3,1 Hr,Valid
Dhaka,PM2.5 - Principal,2025-03-01 05:00 AM,2025,03,01,05,363.0,575,Hazardous,432.0,UG/M3,1 Hr,Valid
Dhaka,PM2.5 - Principal,2025-03-01 06:00 AM,2025,03,01,06,399.0,647,Hazardous,435.0,UG/M3,1 Hr,Valid
Dhaka,PM2.5 - Principal,2025-03-01 07:00 AM,2025,03,01,07,356.5,562,Hazardous,314.0,UG/M3,1 Hr,Valid
Dhaka,PM2.5 - Principal,2025-03-01 08:00 AM,2025,03,01,08,392.3,633,Hazardous,428.0,UG/M3,1 Hr,Valid
Dhaka,PM2.5 - Principal,2025-03-01 09:00 AM,2025,03,01,09,392.3,633,Hazardous,167.0,UG/M3,1 Hr,Invalid
Dhaka,PM2.5 - Principal,2025-03-01 10:00 AM,2025,03,01,10,230.7,311,Hazardous,150.0,UG/M3,1 Hr,Valid
Dhaka,PM2.5 - Principal,2025-03-01 11:00 AM,2025,03,01,11,169.7,245,Very Unhealthy,124.0,UG/M3,1 Hr,Valid
Dhaka,PM2.5 - Principal,2025-03-01 12:00 PM,2025,03,01,12,133.5,209,Very Unhealthy,102.0,UG/M3,1 Hr,Valid
Dhaka,PM2.5 - Principal,2025-03-01 01:00 PM,2025,03,01,13,110.0,189,Unhealthy,88.0,UG/M3,1 Hr,Valid
Dhaka,PM2.5 - Principal,2025-03-01 02:00 PM,2025,03,01,14,105.9,186,Unhealthy,102.0,UG/M3,1 Hr,Valid
Dhaka,PM2.5 - Principal,2025-03-01 03:00 PM,2025,03,01,15,99.3,182,Unhealthy,93.0,UG/M3,1 Hr,Valid
Dhaka,PM2.5 - Principal,2025-03-01 04:00 PM,2025,03,01,16,92.6,177,Unhealthy,86.0,UG/M3,1 Hr,Valid
Dhaka,PM2.5 - Principal,2025-03-01 05:00 PM,2025,03,01,17,91.7,176,Unhealthy,91.0,UG/M3,1 Hr,Valid
Dhaka,PM2.5 - Principal,2025-03-01 06:00 PM,2025,03,01,18,92.3,177,Unhealthy,93.0,UG/M3,1 Hr,Valid
Dhaka,PM2.5 - Principal,2025-03-01 07:00 PM,2025,03,01,19,100.6,183,Unhealthy,109.0,UG/M3,1 Hr,Valid
Dhaka,PM2.5 - Principal,2025-03-01 08:00 PM,2025,03,01,20,107.4,187,Unhealthy,118.0,UG/M3,1 Hr,Valid
Dhaka,PM2.5 - Principal,2025-03-01 09:00 PM,2025,03,01,21,112.3,191,Unhealthy,119.0,UG/M3,1 Hr,Valid
Dhaka,PM2.5 - Principal,2025-03-01 10:00 PM,2025,03,01,22,107.7,188,Unhealthy,105.0,UG/M3,1 Hr,Valid
Dhaka,PM2.5 - Principal,2025-03-01 11:00 PM,2025,03,01,23,104.2,185,Unhealthy,97.0,UG/M3,1 Hr,Valid
Dhaka,PM2.5 - Principal,2025-03-02 12:00 AM,2025,03,02,00,100.1,182,Unhealthy,90.0,UG/M3,1 Hr,Valid
Dhaka,PM2.5 - Principal,2025-03-02 01:00 AM,2025,03,02,01,93.1,177,Unhealthy,80.0,UG/M3,1 Hr,Valid
Dhaka,PM2.5 - Principal,2025-03-02 02:00 AM,2025,03,02,02,85.6,172,Unhealthy,75.0,UG/M3,1 Hr,Valid
Dhaka,PM2.5 - Principal,2025-03-02 03:00 AM,2025,03,02,03,83.1,170,Unhealthy,79.0,UG/M3,1 Hr,Valid
Dhaka,PM2.5 - Principal,2025-03-02 04:00 AM,2025,03,02,04,81.9,170,Unhealthy,80.0,UG/M3,1 Hr,Valid
Dhaka,PM2.5 - Principal,2025-03-02 05:00 AM,2025,03,02,05,80.1,168,Unhealthy,77.0,UG/M3,1 Hr,Valid
Dhaka,PM2.5 - Principal,2025-03-02 06:00 AM,2025,03,02,06,80.4,168,Unhealthy,81.0,UG/M3,1 Hr,Valid
Dhaka,PM2.5 - Principal,2025-03-02 07:00 AM,2025,03,02,07,84.3,171,Unhealthy,91.0,UG/M3,1 Hr,Valid
Dhaka,PM2.5 - Principal,2025-03-02 08:00 AM,2025,03,02,08,86.7,173,Unhealthy,91.0,UG/M3,1 Hr,Valid
Dhaka,PM2.5 - Principal,2025-03-02 09:00 AM,2025,03,02,09,88.1,174,Unhealthy,94.0,UG/M3,1 Hr,Valid
Dhaka,PM2.5 - Principal,2025-03-02 10:00 AM,2025,03,02,10,106.3,187,Unhealthy,129.0,UG/M3,1 Hr,Valid
Dhaka,PM2.5 - Principal,2025-03-02 11:00 AM,2025,03,02,11,113.7,192,Unhealthy,124.0,UG/M3,1 Hr,Valid
Dhaka,PM2.5 - Principal,2025-03-02 12:00 PM,2025,03,02,12,111.7,190,Unhealthy,109.0,UG/M3,1 Hr,Valid
Dhaka,PM2.5 - Principal,2025-03-02 01:00 PM,2025,03,02,13,100.9,183,Unhealthy,86.0,UG/M3,1 Hr,Valid
Dhaka,PM2.5 - Principal,2025-03-02 02:00 PM,2025,03,02,14,92.2,177,Unhealthy,79.0,UG/M3,1 Hr,Valid
Dhaka,PM2.5 - Principal,2025-03-02 03:00 PM,2025,03,02,15,94.5,178,Unhealthy,98.0,UG/M3,1 Hr,Valid
Dhaka,PM2.5 - Principal,2025-03-02 04:00 PM,2025,03,02,16,93.1,177,Unhealthy,91.0,UG/M3,1 Hr,Valid
Dhaka,PM2.5 - Principal,2025-03-02 05:00 PM,2025,03,02,17,103.7,185,Unhealthy,120.0,UG/M3,1 Hr,Valid
Dhaka,PM2.5 - Principal,2025-03-02 06:00 PM,2025,03,02,18,125.2,200,Unhealthy,148.0,UG/M3,1 Hr,Valid
Dhaka,PM2.5 - Principal,2025-03-02 07:00 PM,2025,03,02,19,155.5,231,Very Unhealthy,184.0,UG/M3,1 Hr,Valid
Dhaka,PM2.5 - Principal,2025-03-02 08:00 PM,2025,03,02,20,182.7,258,Very Unhealthy,210.0,UG/M3,1 Hr,Valid
Dhaka,PM2.5 - Principal,2025-03-02 09:00 PM,2025,03,02,21,215.9,291,Very Unhealthy,249.0,UG/M3,1 Hr,Valid
Dhaka,PM2.5 - Principal,2025-03-02 10:00 PM,2025,03,02,22,224.4,299,Very Unhealthy,233.0,UG/M3,1 Hr,Valid
Dhaka,PM2.5 - Principal,2025-03-02 11:00 PM,2025,03,02,23,237.7,325,Hazardous,251.0,UG/M3,1 Hr,Valid
Dhaka,PM2.5 - Principal,2025-03-03 12:00 AM,2025,03,03,00,276.4,402,Hazardous,315.0,UG/M3,1 Hr,Valid
Dhaka,PM2.5 - Principal,2025-03-03 01:00 AM,2025,03,03,01,331.2,512,Hazardous,386.0,UG/M3,1 Hr,Valid
Dhaka,PM2.5 - Principal,2025-03-03 02:00 AM,2025,03,03,02,356.1,561,Hazardous,381.0,UG/M3,1 Hr,Valid
Dhaka,PM2.5 - Principal,2025-03-03 03:00 AM,2025,03,03,03,360.6,570,Hazardous,365.0,UG/M3,1 Hr,Valid
Dhaka,PM2.5 - Principal,2025-03-03 04:00 AM,2025,03,03,04,342.8,535,Hazardous,325.0,UG/M3,1 Hr,Valid
Dhaka,PM2.5 - Principal,2025-03-03 05:00 AM,2025,03,03,05,306.9,463,Hazardous,271.0,UG/M3,1 Hr,Valid
Dhaka,PM2.5 - Principal,2025-03-03 06:00 AM,2025,03,03,06,293.9,437,Hazardous,281.0,UG/M3,1 Hr,Valid
Dhaka,PM2.5 - Principal,2025-03-03 07:00 AM,2025,03,03,07,309.2,468,Hazardous,324.0,UG/M3,1 Hr,Valid
Dhaka,PM2.5 - Principal,2025-03-03 08:00 AM,2025,03,03,08,327.9,505,Hazardous,355.0,UG/M3,1 Hr,Valid
Dhaka,PM2.5 - Principal,2025-03-03 09:00 AM,2025,03,03,09,236.9,324,Hazardous,142.0,UG/M3,1 Hr,Valid
Dhaka,PM2.5 - Principal,2025-03-03 10:00 AM,2025,03,03,10,151.4,227,Very Unhealthy,66.0,UG/M3,1 Hr,Valid
Dhaka,PM2.5 - Principal,2025-03-03 11:00 AM,2025,03,03,11,109.2,189,Unhealthy,67.0,UG/M3,1 Hr,Valid
Dhaka,PM2.5 - Principal,2025-03-03 12:00 PM,2025,03,03,12,81.5,169,Unhealthy,54.0,UG/M3,1 Hr,Valid
Dhaka,PM2.5 - Principal,2025-03-03 01:00 PM,2025,03,03,13,65.2,158,Unhealthy,49.0,UG/M3,1 Hr,Valid
Dhaka,PM2.5 - Principal,2025-03-03 02:00 PM,2025,03,03,14,56.0,151,Unhealthy,47.0,UG/M3,1 Hr,Valid
Dhaka,PM2.5 - Principal,2025-03-03 03:00 PM,2025,03,03,15,51.5,140,Unhealthy for Sensitive Groups,47.0,UG/M3,1 Hr,Valid
Dhaka,PM2.5 - Principal,2025-03-03 04:00 PM,2025,03,03,16,51.7,141,Unhealthy for Sensitive Groups,52.0,UG/M3,1 Hr,Valid
Dhaka,PM2.5 - Principal,2025-03-03 05:00 PM,2025,03,03,17,59.3,154,Unhealthy,67.0,UG/M3,1 Hr,Valid
Dhaka,PM2.5 - Principal,2025-03-03 06:00 PM,2025,03,03,18,75.6,165,Unhealthy,92.0,UG/M3,1 Hr,Valid
Dhaka,PM2.5 - Principal,2025-03-03 07:00 PM,2025,03,03,19,98.2,181,Unhealthy,121.0,UG/M3,1 Hr,Valid
Dhaka,PM2.5 - Principal,2025-03-03 08:00 PM,2025,03,03,20,112.1,191,Unhealthy,126.0,UG/M3,1 Hr,Valid
Dhaka,PM2.5 - Principal,2025-03-03 09:00 PM,2025,03,03,21,125.5,201,Very Unhealthy,139.0,UG/M3,1 Hr,Valid
Dhaka,PM2.5 - Principal,2025-03-03 10:00 PM,2025,03,03,22,130.2,206,Very Unhealthy,135.0,UG/M3,1 Hr,Valid
Dhaka,PM2.5 - Principal,2025-03-03 11:00 PM,2025,03,03,23,127.1,203,Very Unhealthy,124.0,UG/M3,1 Hr,Valid
Dhaka,PM2.5 - Principal,2025-03-04 12:00 AM,2025,03,04,00,122.0,198,Unhealthy,117.0,UG/M3,1 Hr,Valid
Dhaka,PM2.5 - Principal,2025-03-04 01:00 AM,2025,03,04,01,127.0,202,Very Unhealthy,132.0,UG/M3,1 Hr,Valid
Dhaka,PM2.5 - Principal,2025-03-04 02:00 AM,2025,03,04,02,138.0,213,Very Unhealthy,149.0,UG/M3,1 Hr,Valid
Dhaka,PM2.5 - Principal,2025-03-04 03:00 AM,2025,03,04,03,113.5,192,Unhealthy,89.0,UG/M3,1 Hr,Valid
Dhaka,PM2.5 - Principal,2025-03-04 04:00 AM,2025,03,04,04,107.7,188,Unhealthy,102.0,UG/M3,1 Hr,Valid
Dhaka,PM2.5 - Principal,2025-03-04 05:00 AM,2025,03,04,05,104.4,185,Unhealthy,95.0,UG/M3,1 Hr,Valid
Dhaka,PM2.5 - Principal,2025-03-04 06:00 AM,2025,03,04,06,175.7,251,Very Unhealthy,250.0,UG/M3,1 Hr,Valid
Dhaka,PM2.5 - Principal,2025-03-04 07:00 AM,2025,03,04,07,148.3,224,Very Unhealthy,121.0,UG/M3,1 Hr,Valid
Dhaka,PM2.5 - Principal,2025-03-04 08:00 AM,2025,03,04,08,111.1,190,Unhealthy,74.0,UG/M3,1 Hr,Valid
Dhaka,PM2.5 - Principal,2025-03-04 09:00 AM,2025,03,04,09,87.5,173,Unhealthy,64.0,UG/M3,1 Hr,Valid
Dhaka,PM2.5 - Principal,2025-03-04 10:00 AM,2025,03,04,10,84.7,171,Unhealthy,82.0,UG/M3,1 Hr,Valid
Dhaka,PM2.5 - Principal,2025-03-04 11:00 AM,2025,03,04,11,76.8,166,Unhealthy,69.0,UG/M3,1 Hr,Valid
Dhaka,PM2.5 - Principal,2025-03-04 12:00 PM,2025,03,04,12,79.9,168,Unhealthy,83.0,UG/M3,1 Hr,Valid
Dhaka,PM2.5 - Principal,2025-03-04 01:00 PM,2025,03,04,13,70.9,162,Unhealthy,62.0,UG/M3,1 Hr,Valid
Dhaka,PM2.5 - Principal,2025-03-04 02:00 PM,2025,03,04,14,61.9,155,Unhealthy,53.0,UG/M3,1 Hr,Valid
Dhaka,PM2.5 - Principal,2025-03-04 03:00 PM,2025,03,04,15,56.4,152,Unhealthy,51.0,UG/M3,1 Hr,Valid
Dhaka,PM2.5 - Principal,2025-03-04 04:00 PM,2025,03,04,16,57.2,152,Unhealthy,58.0,UG/M3,1 Hr,Valid
Dhaka,PM2.5 - Principal,2025-03-04 05:00 PM,2025,03,04,17,64.6,157,Unhealthy,72.0,UG/M3,1 Hr,Valid
Dhaka,PM2.5 - Principal,2025-03-04 06:00 PM,2025,03,04,18,83.7,171,Unhealthy,103.0,UG/M3,1 Hr,Valid
Dhaka,PM2.5 - Principal,2025-03-04 07:00 PM,2025,03,04,19,94.8,179,Unhealthy,106.0,UG/M3,1 Hr,Valid
Dhaka,PM2.5 - Principal,2025-03-04 08:00 PM,2025,03,04,20,114.9,193,Unhealthy,135.0,UG/M3,1 Hr,Valid
Dhaka,PM2.5 - Principal,2025-03-04 09:00 PM,2025,03,04,21,119.4,196,Unhealthy,124.0,UG/M3,1 Hr,Valid
Dhaka,PM2.5 - Principal,2025-03-04 10:00 PM,2025,03,04,22,138.7,214,Very Unhealthy,158.0,UG/M3,1 Hr,Valid
Dhaka,PM2.5 - Principal,2025-03-04 11:00 PM,2025,03,04,23,146.3,222,Very Unhealthy,154.0,UG/M3,1 Hr,Valid
Dhaka,PM2.5 - Principal,2025-03-05 12:00 AM,2025,03,05,00,139.6,215,Very Unhealthy,133.0,UG/M3,1 Hr,Valid
Dhaka,PM2.5 - Principal,2025-03-05 01:00 AM,2025,03,05,01,129.3,205,Very Unhealthy,119.0,UG/M3,1 Hr,Valid
Dhaka,PM2.5 - Principal,2025-03-05 02:00 AM,2025,03,05,02,123.6,199,Unhealthy,118.0,UG/M3,1 Hr,Valid
Dhaka,PM2.5 - Principal,2025-03-05 03:00 AM,2025,03,05,03,116.8,194,Unhealthy,110.0,UG/M3,1 Hr,Valid
Dhaka,PM2.5 - Principal,2025-03-05 04:00 AM,2025,03,05,04,96.9,180,Unhealthy,77.0,UG/M3,1 Hr,Valid
Dhaka,PM2.5 - Principal,2025-03-05 05:00 AM,2025,03,05,05,96.9,180,Unhealthy,97.0,UG/M3,1 Hr,Valid
Dhaka,PM2.5 - Principal,2025-03-05 06:00 AM,2025,03,05,06,111.4,190,Unhealthy,126.0,UG/M3,1 Hr,Valid
Dhaka,PM2.5 - Principal,2025-03-05 07:00 AM,2025,03,05,07,120.2,196,Unhealthy,129.0,UG/M3,1 Hr,Valid
Dhaka,PM2.5 - Principal,2025-03-05 08:00 AM,2025,03,05,08,108.1,188,Unhealthy,96.0,UG/M3,1 Hr,Valid
Dhaka,PM2.5 - Principal,2025-03-05 09:00 AM,2025,03,05,09,86.0,172,Unhealthy,64.0,UG/M3,1 Hr,Valid
Dhaka,PM2.5 - Principal,2025-03-05 10:00 AM,2025,03,05,10,74.0,164,Unhealthy,62.0,UG/M3,1 Hr,Valid
Dhaka,PM2.5 - Principal,2025-03-05 11:00 AM,2025,03,05,11,68.4,160,Unhealthy,63.0,UG/M3,1 Hr,Valid
Dhaka,PM2.5 - Principal,2025-03-05 12:00 PM,2025,03,05,12,57.7,153,Unhealthy,47.0,UG/M3,1 Hr,Valid
Dhaka,PM2.5 - Principal,2025-03-05 01:00 PM,2025,03,05,13,57.3,152,Unhealthy,57.0,UG/M3,1 Hr,Valid
Dhaka,PM2.5 - Principal,2025-03-05 02:00 PM,2025,03,05,14,56.1,151,Unhealthy,55.0,UG/M3,1 Hr,Valid
Dhaka,PM2.5 - Principal,2025-03-05 03:00 PM,2025,03,05,15,56.0,151,Unhealthy,56.0,UG/M3,1 Hr,Valid
Dhaka,PM2.5 - Principal,2025-03-05 04:00 PM,2025,03,05,16,60.0,154,Unhealthy,64.0,UG/M3,1 Hr,Valid
Dhaka,PM2.5 - Principal,2025-03-05 05:00 PM,2025,03,05,17,67.5,159,Unhealthy,75.0,UG/M3,1 Hr,Valid
Dhaka,PM2.5 - Principal,2025-03-05 06:00 PM,2025,03,05,18,73.2,163,Unhealthy,79.0,UG/M3,1 Hr,Valid
Dhaka,PM2.5 - Principal,2025-03-05 07:00 PM,2025,03,05,19,89.1,175,Unhealthy,105.0,UG/M3,1 Hr,Valid
Dhaka,PM2.5 - Principal,2025-03-05 08:00 PM,2025,03,05,20,113.0,191,Unhealthy,137.0,UG/M3,1 Hr,Valid
Dhaka,PM2.5 - Principal,2025-03-05 09:00 PM,2025,03,05,21,144.0,219,Very Unhealthy,175.0,UG/M3,1 Hr,Valid
Dhaka,PM2.5 - Principal,2025-03-05 10:00 PM,2025,03,05,22,233.0,316,Hazardous,322.0,UG/M3,1 Hr,Valid
Dhaka,PM2.5 - Principal,2025-03-05 11:00 PM,2025,03,05,23,217.5,292,Very Unhealthy,202.0,UG/M3,1 Hr,Valid
Dhaka,PM2.5 - Principal,2025-03-06 12:00 AM,2025,03,06,00,184.2,259,Very Unhealthy,151.0,UG/M3,1 Hr,Valid
Dhaka,PM2.5 - Principal,2025-03-06 01:00 AM,2025,03,06,01,178.6,254,Very Unhealthy,173.0,UG/M3,1 Hr,Valid
Dhaka,PM2.5 - Principal,2025-03-06 02:00 AM,2025,03,06,02,161.8,237,Very Unhealthy,145.0,UG/M3,1 Hr,Valid
Dhaka,PM2.5 - Principal,2025-03-06 03:00 AM,2025,03,06,03,139.4,215,Very Unhealthy,117.0,UG/M3,1 Hr,Valid
Dhaka,PM2.5 - Principal,2025-03-06 04:00 AM,2025,03,06,04,141.2,217,Very Unhealthy,143.0,UG/M3,1 Hr,Valid
Dhaka,PM2.5 - Principal,2025-03-06 05:00 AM,2025,03,06,05,124.1,199,Unhealthy,107.0,UG/M3,1 Hr,Valid
Dhaka,PM2.5 - Principal,2025-03-06 06:00 AM,2025,03,06,06,122.0,198,Unhealthy,120.0,UG/M3,1 Hr,Valid
Dhaka,PM2.5 - Principal,2025-03-06 07:00 AM,2025,03,06,07,108.5,188,Unhealthy,95.0,UG/M3,1 Hr,Valid
Dhaka,PM2.5 - Principal,2025-03-06 08:00 AM,2025,03,06,08,101.2,183,Unhealthy,94.0,UG/M3,1 Hr,Valid
Dhaka,PM2.5 - Principal,2025-03-06 09:00 AM,2025,03,06,09,91.1,176,Unhealthy,81.0,UG/M3,1 Hr,Valid
Dhaka,PM2.5 - Principal,2025-03-06 10:00 AM,2025,03,06,10,82.5,170,Unhealthy,74.0,UG/M3,1 Hr,Valid
Dhaka,PM2.5 - Principal,2025-03-06 11:00 AM,2025,03,06,11,73.7,164,Unhealthy,65.0,UG/M3,1 Hr,Valid
Dhaka,PM2.5 - Principal,2025-03-06 12:00 PM,2025,03,06,12,60.3,154,Unhealthy,47.0,UG/M3,1 Hr,Valid
Dhaka,PM2.5 - Principal,2025-03-06 01:00 PM,2025,03,06,13,58.1,153,Unhealthy,56.0,UG/M3,1 Hr,Valid
Dhaka,PM2.5 - Principal,2025-03-06 02:00 PM,2025,03,06,14,55.5,151,Unhealthy,53.0,UG/M3,1 Hr,Valid
Dhaka,PM2.5 - Principal,2025-03-06 03:00 PM,2025,03,06,15,63.7,157,Unhealthy,72.0,UG/M3,1 Hr,Valid
Dhaka,PM2.5 - Principal,2025-03-06 04:00 PM,2025,03,06,16,72.3,163,Unhealthy,81.0,UG/M3,1 Hr,Valid
Dhaka,PM2.5 - Principal,2025-03-06 05:00 PM,2025,03,06,17,88.1,174,Unhealthy,104.0,UG/M3,1 Hr,Valid
Dhaka,PM2.5 - Principal,2025-03-06 06:00 PM,2025,03,06,18,89.0,174,Unhealthy,90.0,UG/M3,1 Hr,Valid
Dhaka,PM2.5 - Principal,2025-03-06 07:00 PM,2025,03,06,19,101.5,183,Unhealthy,114.0,UG/M3,1 Hr,Valid
Dhaka,PM2.5 - Principal,2025-03-06 08:00 PM,2025,03,06,20,108.7,188,Unhealthy,116.0,UG/M3,1 Hr,Valid
Dhaka,PM2.5 - Principal,2025-03-06 09:00 PM,2025,03,06,21,111.8,190,Unhealthy,115.0,UG/M3,1 Hr,Valid
Dhaka,PM2.5 - Principal,2025-03-06 10:00 PM,2025,03,06,22,126.4,202,Very Unhealthy,141.0,UG/M3,1 Hr,Valid
Dhaka,PM2.5 - Principal,2025-03-06 11:00 PM,2025,03,06,23,122.2,198,Unhealthy,118.0,UG/M3,1 Hr,Valid
Dhaka,PM2.5 - Principal,2025-03-07 12:00 AM,2025,03,07,00,117.6,195,Unhealthy,113.0,UG/M3,1 Hr,Valid
Dhaka,PM2.5 - Principal,2025-03-07 01:00 AM,2025,03,07,01,130.3,206,Very Unhealthy,143.0,UG/M3,1 Hr,Valid
Dhaka,PM2.5 - Principal,2025-03-07 02:00 AM,2025,03,07,02,134.1,210,Very Unhealthy,138.0,UG/M3,1 Hr,Valid
Dhaka,PM2.5 - Principal,2025-03-07 03:00 AM,2025,03,07,03,134.6,210,Very Unhealthy,137.0,UG/M3,1 Hr,Valid
Dhaka,PM2.5 - Principal,2025-03-07 04:00 AM,2025,03,07,04,132.5,208,Very Unhealthy,131.0,UG/M3,1 Hr,Valid
Dhaka,PM2.5 - Principal,2025-03-07 05:00 AM,2025,03,07,05,131.2,207,Very Unhealthy,129.0,UG/M3,1 Hr,Valid
Dhaka,PM2.5 - Principal,2025-03-07 06:00 AM,2025,03,07,06,140.6,216,Very Unhealthy,162.0,UG/M3,1 Hr,Valid
Dhaka,PM2.5 - Principal,2025-03-07 07:00 AM,2025,03,07,07,143.2,219,Very Unhealthy,149.0,UG/M3,1 Hr,Valid
Dhaka,PM2.5 - Principal,2025-03-07 08:00 AM,2025,03,07,08,137.1,212,Very Unhealthy,123.0,UG/M3,1 Hr,Valid
Dhaka,PM2.5 - Principal,2025-03-07 09:00 AM,2025,03,07,09,105.1,186,Unhealthy,75.0,UG/M3,1 Hr,Valid
Dhaka,PM2.5 - Principal,2025-03-07 10:00 AM,2025,03,07,10,88.5,174,Unhealthy,72.0,UG/M3,1 Hr,Valid
Dhaka,PM2.5 - Principal,2025-03-07 11:00 AM,2025,03,07,11,74.2,164,Unhealthy,60.0,UG/M3,1 Hr,Valid
Dhaka,PM2.5 - Principal,2025-03-07 12:00 PM,2025,03,07,12,65.6,158,Unhealthy,57.0,UG/M3,1 Hr,Valid
Dhaka,PM2.5 - Principal,2025-03-07 01:00 PM,2025,03,07,13,55.8,151,Unhealthy,46.0,UG/M3,1 Hr,Valid
Dhaka,PM2.5 - Principal,2025-03-07 02:00 PM,2025,03,07,14,49.8,136,Unhealthy for Sensitive Groups,44.0,UG/M3,1 Hr,Valid
Dhaka,PM2.5 - Principal,2025-03-07 03:00 PM,2025,03,07,15,52.4,143,Unhealthy for Sensitive Groups,55.0,UG/M3,1 Hr,Valid
Dhaka,PM2.5 - Principal,2025-03-07 04:00 PM,2025,03,07,16,53.7,146,Unhealthy for Sensitive Groups,55.0,UG/M3,1 Hr,Valid
Dhaka,PM2.5 - Principal,2025-03-07 05:00 PM,2025,03,07,17,59.8,154,Unhealthy,66.0,UG/M3,1 Hr,Valid
Dhaka,PM2.5 - Principal,2025-03-07 06:00 PM,2025,03,07,18,71.9,162,Unhealthy,84.0,UG/M3,1 Hr,Valid
Dhaka,PM2.5 - Principal,2025-03-07 07:00 PM,2025,03,07,19,90.4,175,Unhealthy,109.0,UG/M3,1 Hr,Valid
Dhaka,PM2.5 - Principal,2025-03-07 08:00 PM,2025,03,07,20,118.7,195,Unhealthy,147.0,UG/M3,1 Hr,Valid
Dhaka,PM2.5 - Principal,2025-03-07 09:00 PM,2025,03,07,21,133.8,209,Very Unhealthy,149.0,UG/M3,1 Hr,Valid
Dhaka,PM2.5 - Principal,2025-03-07 10:00 PM,2025,03,07,22,164.9,240,Very Unhealthy,196.0,UG/M3,1 Hr,Valid
Dhaka,PM2.5 - Principal,2025-03-07 11:00 PM,2025,03,07,23,152.4,228,Very Unhealthy,140.0,UG/M3,1 Hr,Valid
Dhaka,PM2.5 - Principal,2025-03-08 12:00 AM,2025,03,08,00,196.2,271,Very Unhealthy,240.0,UG/M3,1 Hr,Valid
Dhaka,PM2.5 - Principal,2025-03-08 01:00 AM,2025,03,08,01,211.6,286,Very Unhealthy,227.0,UG/M3,1 Hr,Valid
Dhaka,PM2.5 - Principal,2025-03-08 02:00 AM,2025,03,08,02,198.8,274,Very Unhealthy,186.0,UG/M3,1 Hr,Valid
Dhaka,PM2.5 - Principal,2025-03-08 03:00 AM,2025,03,08,03,239.9,330,Hazardous,281.0,UG/M3,1 Hr,Valid
Dhaka,PM2.5 - Principal,2025-03-08 04:00 AM,2025,03,08,04,236.9,324,Hazardous,234.0,UG/M3,1 Hr,Valid
Dhaka,PM2.5 - Principal,2025-03-08 05:00 AM,2025,03,08,05,259.0,368,Hazardous,281.0,UG/M3,1 Hr,Valid
Dhaka,PM2.5 - Principal,2025-03-08 06:00 AM,2025,03,08,06,250.5,351,Hazardous,242.0,UG/M3,1 Hr,Valid
Dhaka,PM2.5 - Principal,2025-03-08 07:00 AM,2025,03,08,07,264.2,378,Hazardous,278.0,UG/M3,1 Hr,Valid
Dhaka,PM2.5 - Principal,2025-03-08 08:00 AM,2025,03,08,08,252.6,355,Hazardous,241.0,UG/M3,1 Hr,Valid
Dhaka,PM2.5 - Principal,2025-03-08 09:00 AM,2025,03,08,09,275.3,400,Hazardous,298.0,UG/M3,1 Hr,Valid
Dhaka,PM2.5 - Principal,2025-03-08 10:00 AM,2025,03,08,10,183.1,258,Very Unhealthy,91.0,UG/M3,1 Hr,Valid
Dhaka,PM2.5 - Principal,2025-03-08 11:00 AM,2025,03,08,11,132.0,207,Very Unhealthy,81.0,UG/M3,1 Hr,Valid
Dhaka,PM2.5 - Principal,2025-03-08 12:00 PM,2025,03,08,12,103.5,185,Unhealthy,75.0,UG/M3,1 Hr,Valid
Dhaka,PM2.5 - Principal,2025-03-08 01:00 PM,2025,03,08,13,85.7,172,Unhealthy,68.0,UG/M3,1 Hr,Valid
Dhaka,PM2.5 - Principal,2025-03-08 02:00 PM,2025,03,08,14,78.8,167,Unhealthy,72.0,UG/M3,1 Hr,Valid
Dhaka,PM2.5 - Principal,2025-03-08 03:00 PM,2025,03,08,15,77.9,167,Unhealthy,77.0,UG/M3,1 Hr,Valid
Dhaka,PM2.5 - Principal,2025-03-08 04:00 PM,2025,03,08,16,78.4,167,Unhealthy,79.0,UG/M3,1 Hr,Valid
Dhaka,PM2.5 - Principal,2025-03-08 05:00 PM,2025,03,08,17,81.1,169,Unhealthy,84.0,UG/M3,1 Hr,Valid
Dhaka,PM2.5 - Principal,2025-03-08 06:00 PM,2025,03,08,18,85.0,172,Unhealthy,89.0,UG/M3,1 Hr,Valid
Dhaka,PM2.5 - Principal,2025-03-08 07:00 PM,2025,03,08,19,88.5,174,Unhealthy,92.0,UG/M3,1 Hr,Valid
Dhaka,PM2.5 - Principal,2025-03-08 08:00 PM,2025,03,08,20,93.2,177,Unhealthy,98.0,UG/M3,1 Hr,Valid
Dhaka,PM2.5 - Principal,2025-03-08 09:00 PM,2025,03,08,21,96.0,179,Unhealthy,106.0,UG/M3,1 Hr,Valid
Dhaka,PM2.5 - Principal,2025-03-08 10:00 PM,2025,03,08,22,105.8,186,Unhealthy,117.0,UG/M3,1 Hr,Valid
Dhaka,PM2.5 - Principal,2025-03-08 11:00 PM,2025,03,08,23,104.2,185,Unhealthy,102.0,UG/M3,1 Hr,Valid
Dhaka,PM2.5 - Principal,2025-03-09 12:00 AM,2025,03,09,00,107.9,188,Unhealthy,113.0,UG/M3,1 Hr,Valid
Dhaka,PM2.5 - Principal,2025-03-09 01:00 AM,2025,03,09,01,101.4,183,Unhealthy,92.0,UG/M3,1 Hr,Valid
Dhaka,PM2.5 - Principal,2025-03-09 02:00 AM,2025,03,09,02,97.2,180,Unhealthy,89.0,UG/M3,1 Hr,Valid
Dhaka,PM2.5 - Principal,2025-03-09 03:00 AM,2025,03,09,03,86.4,173,Unhealthy,71.0,UG/M3,1 Hr,Valid
Dhaka,PM2.5 - Principal,2025-03-09 04:00 AM,2025,03,09,04,82.3,170,Unhealthy,76.0,UG/M3,1 Hr,Valid
Dhaka,PM2.5 - Principal,2025-03-09 05:00 AM,2025,03,09,05,84.9,172,Unhealthy,89.0,UG/M3,1 Hr,Valid
Dhaka,PM2.5 - Principal,2025-03-09 06:00 AM,2025,03,09,06,86.9,173,Unhealthy,90.0,UG/M3,1 Hr,Valid
Dhaka,PM2.5 - Principal,2025-03-09 07:00 AM,2025,03,09,07,87.3,173,Unhealthy,88.0,UG/M3,1 Hr,Valid
Dhaka,PM2.5 - Principal,2025-03-09 08:00 AM,2025,03,09,08,92.3,177,Unhealthy,100.0,UG/M3,1 Hr,Valid
Dhaka,PM2.5 - Principal,2025-03-09 09:00 AM,2025,03,09,09,98.8,181,Unhealthy,109.0,UG/M3,1 Hr,Valid
Dhaka,PM2.5 - Principal,2025-03-09 10:00 AM,2025,03,09,10,108.9,188,Unhealthy,122.0,UG/M3,1 Hr,Valid
Dhaka,PM2.5 - Principal,2025-03-09 11:00 AM,2025,03,09,11,112.7,191,Unhealthy,118.0,UG/M3,1 Hr,Valid
Dhaka,PM2.5 - Principal,2025-03-09 12:00 PM,2025,03,09,12,112.8,191,Unhealthy,113.0,UG/M3,1 Hr,Valid
Dhaka,PM2.5 - Principal,2025-03-09 01:00 PM,2025,03,09,13,104.5,185,Unhealthy,93.0,UG/M3,1 Hr,Valid
Dhaka,PM2.5 - Principal,2025-03-09 02:00 PM,2025,03,09,14,95.1,179,Unhealthy,82.0,UG/M3,1 Hr,Valid
Dhaka,PM2.5 - Principal,2025-03-09 03:00 PM,2025,03,09,15,89.3,175,Unhealthy,78.0,UG/M3,1 Hr,Valid
Dhaka,PM2.5 - Principal,2025-03-09 04:00 PM,2025,03,09,16,89.9,175,Unhealthy,90.0,UG/M3,1 Hr,Valid
Dhaka,PM2.5 - Principal,2025-03-09 05:00 PM,2025,03,09,17,115.0,193,Unhealthy,146.0,UG/M3,1 Hr,Valid
Dhaka,PM2.5 - Principal,2025-03-09 06:00 PM,2025,03,09,18,136.4,212,Very Unhealthy,156.0,UG/M3,1 Hr,Valid
Dhaka,PM2.5 - Principal,2025-03-09 07:00 PM,2025,03,09,19,179.2,254,Very Unhealthy,222.0,UG/M3,1 Hr,Valid
Dhaka,PM2.5 - Principal,2025-03-09 08:00 PM,2025,03,09,20,204.1,279,Very Unhealthy,229.0,UG/M3,1 Hr,Valid
Dhaka,PM2.5 - Principal,2025-03-09 09:00 PM,2025,03,09,21,249.5,349,Hazardous,295.0,UG/M3,1 Hr,Valid
Dhaka,PM2.5 - Principal,2025-03-09 10:00 PM,2025,03,09,22,258.3,366,Hazardous,267.0,UG/M3,1 Hr,Valid
Dhaka,PM2.5 - Principal,2025-03-09 11:00 PM,2025,03,09,23,298.1,446,Hazardous,338.0,UG/M3,1 Hr,Valid
Dhaka,PM2.5 - Principal,2025-03-10 12:00 AM,2025,03,10,00,318.6,486,Hazardous,339.0,UG/M3,1 Hr,Valid
Dhaka,PM2.5 - Principal,2025-03-10 01:00 AM,2025,03,10,01,294.8,439,Hazardous,271.0,UG/M3,1 Hr,Valid
Dhaka,PM2.5 - Principal,2025-03-10 02:00 AM,2025,03,10,02,270.4,390,Hazardous,246.0,UG/M3,1 Hr,Valid
Dhaka,PM2.5 - Principal,2025-03-10 03:00 AM,2025,03,10,03,250.2,350,Hazardous,230.0,UG/M3,1 Hr,Valid
Dhaka,PM2.5 - Principal,2025-03-10 04:00 AM,2025,03,10,04,258.6,367,Hazardous,267.0,UG/M3,1 Hr,Valid
Dhaka,PM2.5 - Principal,2025-03-10 05:00 AM,2025,03,10,05,381.3,611,Hazardous,504.0,UG/M3,1 Hr,Valid
Dhaka,PM2.5 - Principal,2025-03-10 06:00 AM,2025,03,10,06,333.1,515,Hazardous,285.0,UG/M3,1 Hr,Valid
Dhaka,PM2.5 - Principal,2025-03-10 07:00 AM,2025,03,10,07,289.6,429,Hazardous,246.0,UG/M3,1 Hr,Valid
Dhaka,PM2.5 - Principal,2025-03-10 08:00 AM,2025,03,10,08,243.2,336,Hazardous,197.0,UG/M3,1 Hr,Valid
Dhaka,PM2.5 - Principal,2025-03-10 09:00 AM,2025,03,10,09,209.1,284,Very Unhealthy,175.0,UG/M3,1 Hr,Valid
Dhaka,PM2.5 - Principal,2025-03-10 10:00 AM,2025,03,10,10,190.5,265,Very Unhealthy,172.0,UG/M3,1 Hr,Valid
Dhaka,PM2.5 - Principal,2025-03-10 11:00 AM,2025,03,10,11,161.2,236,Very Unhealthy,132.0,UG/M3,1 Hr,Valid
Dhaka,PM2.5 - Principal,2025-03-10 12:00 PM,2025,03,10,12,138.5,214,Very Unhealthy,116.0,UG/M3,1 Hr,Valid
Dhaka,PM2.5 - Principal,2025-03-10 01:00 PM,2025,03,10,13,126.2,202,Very Unhealthy,114.0,UG/M3,1 Hr,Valid
Dhaka,PM2.5 - Principal,2025-03-10 02:00 PM,2025,03,10,14,119.1,196,Unhealthy,112.0,UG/M3,1 Hr,Valid
Dhaka,PM2.5 - Principal,2025-03-10 03:00 PM,2025,03,10,15,113.0,191,Unhealthy,107.0,UG/M3,1 Hr,Valid
Dhaka,PM2.5 - Principal,2025-03-10 04:00 PM,2025,03,10,16,110.5,190,Unhealthy,108.0,UG/M3,1 Hr,Valid
Dhaka,PM2.5 - Principal,2025-03-10 05:00 PM,2025,03,10,17,114.7,192,Unhealthy,119.0,UG/M3,1 Hr,Valid
Dhaka,PM2.5 - Principal,2025-03-10 06:00 PM,2025,03,10,18,134.3,210,Very Unhealthy,154.0,UG/M3,1 Hr,Valid
Dhaka,PM2.5 - Principal,2025-03-10 07:00 PM,2025,03,10,19,162.0,237,Very Unhealthy,197.0,UG/M3,1 Hr,Valid
Dhaka,PM2.5 - Principal,2025-03-10 08:00 PM,2025,03,10,20,187.7,263,Very Unhealthy,211.0,UG/M3,1 Hr,Valid
Dhaka,PM2.5 - Principal,2025-03-10 09:00 PM,2025,03,10,21,197.2,272,Very Unhealthy,207.0,UG/M3,1 Hr,Valid
Dhaka,PM2.5 - Principal,2025-03-10 10:00 PM,2025,03,10,22,248.8,347,Hazardous,300.0,UG/M3,1 Hr,Valid
Dhaka,PM2.5 - Principal,2025-03-10 11:00 PM,2025,03,10,23,320.9,491,Hazardous,393.0,UG/M3,1 Hr,Valid
Dhaka,PM2.5 - Principal,2025-03-11 12:00 AM,2025,03,11,00,340.0,529,Hazardous,359.0,UG/M3,1 Hr,Valid
Dhaka,PM2.5 - Principal,2025-03-11 01:00 AM,2025,03,11,01,368.0,585,Hazardous,396.0,UG/M3,1 Hr,Valid
Dhaka,PM2.5 - Principal,2025-03-11 02:00 AM,2025,03,11,02,388.5,626,Hazardous,409.0,UG/M3,1 Hr,Valid
Dhaka,PM2.5 - Principal,2025-03-11 03:00 AM,2025,03,11,03,302.2,454,Hazardous,216.0,UG/M3,1 Hr,Valid
Dhaka,PM2.5 - Principal,2025-03-11 04:00 AM,2025,03,11,04,301.1,452,Hazardous,300.0,UG/M3,1 Hr,Valid
Dhaka,PM2.5 - Principal,2025-03-11 05:00 AM,2025,03,11,05,220.0,295,Very Unhealthy,139.0,UG/M3,1 Hr,Valid
Dhaka,PM2.5 - Principal,2025-03-11 06:00 AM,2025,03,11,06,183.0,258,Very Unhealthy,146.0,UG/M3,1 Hr,Valid
Dhaka,PM2.5 - Principal,2025-03-11 07:00 AM,2025,03,11,07,165.0,240,Very Unhealthy,147.0,UG/M3,1 Hr,Valid
Dhaka,PM2.5 - Principal,2025-03-11 08:00 AM,2025,03,11,08,150.9,226,Very Unhealthy,137.0,UG/M3,1 Hr,Valid
Dhaka,PM2.5 - Principal,2025-03-11 09:00 AM,2025,03,11,09,130.9,206,Very Unhealthy,111.0,UG/M3,1 Hr,Valid
Dhaka,PM2.5 - Principal,2025-03-11 10:00 AM,2025,03,11,10,117.4,194,Unhealthy,104.0,UG/M3,1 Hr,Valid
Dhaka,PM2.5 - Principal,2025-03-11 11:00 AM,2025,03,11,11,104.1,185,Unhealthy,91.0,UG/M3,1 Hr,Valid
Dhaka,PM2.5 - Principal,2025-03-11 12:00 PM,2025,03,11,12,96.0,179,Unhealthy,88.0,UG/M3,1 Hr,Valid
Dhaka,PM2.5 - Principal,2025-03-11 01:00 PM,2025,03,11,13,84.4,171,Unhealthy,73.0,UG/M3,1 Hr,Valid
Dhaka,PM2.5 - Principal,2025-03-11 02:00 PM,2025,03,11,14,86.7,173,Unhealthy,89.0,UG/M3,1 Hr,Valid
Dhaka,PM2.5 - Principal,2025-03-11 03:00 PM,2025,03,11,15,81.3,169,Unhealthy,76.0,UG/M3,1 Hr,Valid
Dhaka,PM2.5 - Principal,2025-03-11 04:00 PM,2025,03,11,16,81.6,169,Unhealthy,82.0,UG/M3,1 Hr,Valid
Dhaka,PM2.5 - Principal,2025-03-11 05:00 PM,2025,03,11,17,79.8,168,Unhealthy,78.0,UG/M3,1 Hr,Valid
Dhaka,PM2.5 - Principal,2025-03-11 06:00 PM,2025,03,11,18,85.4,172,Unhealthy,91.0,UG/M3,1 Hr,Valid
Dhaka,PM2.5 - Principal,2025-03-11 07:00 PM,2025,03,11,19,87.8,174,Unhealthy,91.0,UG/M3,1 Hr,Valid
Dhaka,PM2.5 - Principal,2025-03-11 08:00 PM,2025,03,11,20,92.7,177,Unhealthy,104.0,UG/M3,1 Hr,Valid
Dhaka,PM2.5 - Principal,2025-03-11 09:00 PM,2025,03,11,21,91.4,176,Unhealthy,91.0,UG/M3,1 Hr,Valid
Dhaka,PM2.5 - Principal,2025-03-11 10:00 PM,2025,03,11,22,97.0,180,Unhealthy,108.0,UG/M3,1 Hr,Valid
Dhaka,PM2.5 - Principal,2025-03-11 11:00 PM,2025,03,11,23,101.6,183,Unhealthy,110.0,UG/M3,1 Hr,Valid
Dhaka,PM2.5 - Principal,2025-03-12 12:00 AM,2025,03,12,00,97.7,181,Unhealthy,90.0,UG/M3,1 Hr,Valid
Dhaka,PM2.5 - Principal,2025-03-12 01:00 AM,2025,03,12,01,96.5,180,Unhealthy,94.0,UG/M3,1 Hr,Valid
Dhaka,PM2.5 - Principal,2025-03-12 02:00 AM,2025,03,12,02,98.2,181,Unhealthy,102.0,UG/M3,1 Hr,Valid
Dhaka,PM2.5 - Principal,2025-03-12 03:00 AM,2025,03,12,03,100.8,183,Unhealthy,107.0,UG/M3,1 Hr,Valid
Dhaka,PM2.5 - Principal,2025-03-12 04:00 AM,2025,03,12,04,109.5,189,Unhealthy,123.0,UG/M3,1 Hr,Valid
Dhaka,PM2.5 - Principal,2025-03-12 05:00 AM,2025,03,12,05,116.5,194,Unhealthy,133.0,UG/M3,1 Hr,Valid
Dhaka,PM2.5 - Principal,2025-03-12 06:00 AM,2025,03,12,06,123.0,198,Unhealthy,135.0,UG/M3,1 Hr,Valid
Dhaka,PM2.5 - Principal,2025-03-12 07:00 AM,2025,03,12,07,129.8,205,Very Unhealthy,140.0,UG/M3,1 Hr,Valid
Dhaka,PM2.5 - Principal,2025-03-12 08:00 AM,2025,03,12,08,135.1,211,Very Unhealthy,143.0,UG/M3,1 Hr,Valid
Dhaka,PM2.5 - Principal,2025-03-12 09:00 AM,2025,03,12,09,147.8,223,Very Unhealthy,161.0,UG/M3,1 Hr,Valid
Dhaka,PM2.5 - Principal,2025-03-12 10:00 AM,2025,03,12,10,148.7,224,Very Unhealthy,150.0,UG/M3,1 Hr,Valid
Dhaka,PM2.5 - Principal,2025-03-12 11:00 AM,2025,03,12,11,140.9,216,Very Unhealthy,131.0,UG/M3,1 Hr,Valid
Dhaka,PM2.5 - Principal,2025-03-12 12:00 PM,2025,03,12,12,128.5,204,Very Unhealthy,111.0,UG/M3,1 Hr,Valid
Dhaka,PM2.5 - Principal,2025-03-12 01:00 PM,2025,03,12,13,104.4,185,Unhealthy,82.0,UG/M3,1 Hr,Valid
Dhaka,PM2.5 - Principal,2025-03-12 02:00 PM,2025,03,12,14,91.9,177,Unhealthy,80.0,UG/M3,1 Hr,Valid
Dhaka,PM2.5 - Principal,2025-03-12 03:00 PM,2025,03,12,15,89.9,175,Unhealthy,88.0,UG/M3,1 Hr,Valid
Dhaka,PM2.5 - Principal,2025-03-12 04:00 PM,2025,03,12,16,87.9,174,Unhealthy,86.0,UG/M3,1 Hr,Valid
Dhaka,PM2.5 - Principal,2025-03-12 05:00 PM,2025,03,12,17,95.4,179,Unhealthy,103.0,UG/M3,1 Hr,Valid
Dhaka,PM2.5 - Principal,2025-03-12 06:00 PM,2025,03,12,18,115.2,193,Unhealthy,135.0,UG/M3,1 Hr,Valid
Dhaka,PM2.5 - Principal,2025-03-12 07:00 PM,2025,03,12,19,128.6,204,Very Unhealthy,142.0,UG/M3,1 Hr,Valid
Dhaka,PM2.5 - Principal,2025-03-12 08:00 PM,2025,03,12,20,126.8,202,Very Unhealthy,125.0,UG/M3,1 Hr,Valid
Dhaka,PM2.5 - Principal,2025-03-12 09:00 PM,2025,03,12,21,180.9,256,Very Unhealthy,235.0,UG/M3,1 Hr,Valid
Dhaka,PM2.5 - Principal,2025-03-12 10:00 PM,2025,03,12,22,158.4,234,Very Unhealthy,136.0,UG/M3,1 Hr,Valid
Dhaka,PM2.5 - Principal,2025-03-12 11:00 PM,2025,03,12,23,115.2,193,Unhealthy,72.0,UG/M3,1 Hr,Valid
Dhaka,PM2.5 - Principal,2025-03-13 12:00 AM,2025,03,13,00,89.1,175,Unhealthy,63.0,UG/M3,1 Hr,Valid
Dhaka,PM2.5 - Principal,2025-03-13 01:00 AM,2025,03,13,01,74.0,164,Unhealthy,59.0,UG/M3,1 Hr,Valid
Dhaka,PM2.5 - Principal,2025-03-13 02:00 AM,2025,03,13,02,64.0,157,Unhealthy,54.0,UG/M3,1 Hr,Valid
Dhaka,PM2.5 - Principal,2025-03-13 03:00 AM,2025,03,13,03,61.0,155,Unhealthy,58.0,UG/M3,1 Hr,Valid
Dhaka,PM2.5 - Principal,2025-03-13 04:00 AM,2025,03,13,04,64.0,157,Unhealthy,67.0,UG/M3,1 Hr,Valid
Dhaka,PM2.5 - Principal,2025-03-13 05:00 AM,2025,03,13,05,56.4,152,Unhealthy,49.0,UG/M3,1 Hr,Valid
Dhaka,PM2.5 - Principal,2025-03-13 06:00 AM,2025,03,13,06,49.2,135,Unhealthy for Sensitive Groups,42.0,UG/M3,1 Hr,Valid
Dhaka,PM2.5 - Principal,2025-03-13 07:00 AM,2025,03,13,07,49.6,136,Unhealthy for Sensitive Groups,50.0,UG/M3,1 Hr,Valid
Dhaka,PM2.5 - Principal,2025-03-13 08:00 AM,2025,03,13,08,50.2,137,Unhealthy for Sensitive Groups,51.0,UG/M3,1 Hr,Valid
Dhaka,PM2.5 - Principal,2025-03-13 09:00 AM,2025,03,13,09,56.1,151,Unhealthy,62.0,UG/M3,1 Hr,Valid
Dhaka,PM2.5 - Principal,2025-03-13 10:00 AM,2025,03,13,10,60.6,155,Unhealthy,68.0,UG/M3,1 Hr,Valid
Dhaka,PM2.5 - Principal,2025-03-13 11:00 AM,2025,03,13,11,60.7,155,Unhealthy,62.0,UG/M3,1 Hr,Valid
Dhaka,PM2.5 - Principal,2025-03-13 12:00 PM,2025,03,13,12,64.6,157,Unhealthy,70.0,UG/M3,1 Hr,Valid
Dhaka,PM2.5 - Principal,2025-03-13 01:00 PM,2025,03,13,13,64.7,157,Unhealthy,65.0,UG/M3,1 Hr,Valid
Dhaka,PM2.5 - Principal,2025-03-13 02:00 PM,2025,03,13,14,64.0,157,Unhealthy,63.0,UG/M3,1 Hr,Valid
Dhaka,PM2.5 - Principal,2025-03-13 03:00 PM,2025,03,13,15,63.6,157,Unhealthy,63.0,UG/M3,1 Hr,Valid
Dhaka,PM2.5 - Principal,2025-03-13 04:00 PM,2025,03,13,16,66.6,159,Unhealthy,71.0,UG/M3,1 Hr,Valid
Dhaka,PM2.5 - Principal,2025-03-13 05:00 PM,2025,03,13,17,78.6,167,Unhealthy,90.0,UG/M3,1 Hr,Valid
Dhaka,PM2.5 - Principal,2025-03-13 06:00 PM,2025,03,13,18,92.3,177,Unhealthy,106.0,UG/M3,1 Hr,Valid
Dhaka,PM2.5 - Principal,2025-03-13 07:00 PM,2025,03,13,19,100.1,182,Unhealthy,108.0,UG/M3,1 Hr,Valid
Dhaka,PM2.5 - Principal,2025-03-13 08:00 PM,2025,03,13,20,93.3,177,Unhealthy,88.0,UG/M3,1 Hr,Valid
Dhaka,PM2.5 - Principal,2025-03-13 09:00 PM,2025,03,13,21,85.1,172,Unhealthy,74.0,UG/M3,1 Hr,Valid
Dhaka,PM2.5 - Principal,2025-03-13 10:00 PM,2025,03,13,22,82.5,170,Unhealthy,79.0,UG/M3,1 Hr,Valid
Dhaka,PM2.5 - Principal,2025-03-13 11:00 PM,2025,03,13,23,76.9,166,Unhealthy,69.0,UG/M3,1 Hr,Valid
Dhaka,PM2.5 - Principal,2025-03-14 12:00 AM,2025,03,14,00,74.4,164,Unhealthy,71.0,UG/M3,1 Hr,Valid
Dhaka,PM2.5 - Principal,2025-03-14 01:00 AM,2025,03,14,01,66.4,159,Unhealthy,58.0,UG/M3,1 Hr,Valid
Dhaka,PM2.5 - Principal,2025-03-14 02:00 AM,2025,03,14,02,67.6,159,Unhealthy,69.0,UG/M3,1 Hr,Valid
Dhaka,PM2.5 - Principal,2025-03-14 03:00 AM,2025,03,14,03,68.2,160,Unhealthy,69.0,UG/M3,1 Hr,Valid
Dhaka,PM2.5 - Principal,2025-03-14 04:00 AM,2025,03,14,04,59.5,154,Unhealthy,51.0,UG/M3,1 Hr,Valid
Dhaka,PM2.5 - Principal,2025-03-14 05:00 AM,2025,03,14,05,54.7,148,Unhealthy for Sensitive Groups,50.0,UG/M3,1 Hr,Valid
Dhaka,PM2.5 - Principal,2025-03-14 06:00 AM,2025,03,14,06,54.3,147,Unhealthy for Sensitive Groups,54.0,UG/M3,1 Hr,Valid
Dhaka,PM2.5 - Principal,2025-03-14 07:00 AM,2025,03,14,07,56.8,152,Unhealthy,59.0,UG/M3,1 Hr,Valid
Dhaka,PM2.5 - Principal,2025-03-14 08:00 AM,2025,03,14,08,59.6,154,Unhealthy,64.0,UG/M3,1 Hr,Valid
Dhaka,PM2.5 - Principal,2025-03-14 09:00 AM,2025,03,14,09,59.0,153,Unhealthy,58.0,UG/M3,1 Hr,Valid
Dhaka,PM2.5 - Principal,2025-03-14 10:00 AM,2025,03,14,10,59.9,154,Unhealthy,62.0,UG/M3,1 Hr,Valid
Dhaka,PM2.5 - Principal,2025-03-14 11:00 AM,2025,03,14,11,59.8,154,Unhealthy,60.0,UG/M3,1 Hr,Valid
Dhaka,PM2.5 - Principal,2025-03-14 12:00 PM,2025,03,14,12,64.5,157,Unhealthy,74.0,UG/M3,1 Hr,Valid
Dhaka,PM2.5 - Principal,2025-03-14 01:00 PM,2025,03,14,13,67.3,159,Unhealthy,73.0,UG/M3,1 Hr,Valid
Dhaka,PM2.5 - Principal,2025-03-14 02:00 PM,2025,03,14,14,67.8,160,Unhealthy,69.0,UG/M3,1 Hr,Valid
Dhaka,PM2.5 - Principal,2025-03-14 03:00 PM,2025,03,14,15,68.5,160,Unhealthy,70.0,UG/M3,1 Hr,Valid
Dhaka,PM2.5 - Principal,2025-03-14 04:00 PM,2025,03,14,16,72.7,163,Unhealthy,79.0,UG/M3,1 Hr,Valid
Dhaka,PM2.5 - Principal,2025-03-14 05:00 PM,2025,03,14,17,76.7,166,Unhealthy,84.0,UG/M3,1 Hr,Valid
Dhaka,PM2.5 - Principal,2025-03-14 06:00 PM,2025,03,14,18,78.0,167,Unhealthy,83.0,UG/M3,1 Hr,Valid
Dhaka,PM2.5 - Principal,2025-03-14 07:00 PM,2025,03,14,19,82.4,170,Unhealthy,89.0,UG/M3,1 Hr,Valid
Dhaka,PM2.5 - Principal,2025-03-14 08:00 PM,2025,03,14,20,91.2,176,Unhealthy,101.0,UG/M3,1 Hr,Valid
Dhaka,PM2.5 - Principal,2025-03-14 09:00 PM,2025,03,14,21,93.6,178,Unhealthy,98.0,UG/M3,1 Hr,Valid
Dhaka,PM2.5 - Principal,2025-03-14 10:00 PM,2025,03,14,22,90.9,176,Unhealthy,87.0,UG/M3,1 Hr,Valid
Dhaka,PM2.5 - Principal,2025-03-14 11:00 PM,2025,03,14,23,95.4,179,Unhealthy,105.0,UG/M3,1 Hr,Valid
Dhaka,PM2.5 - Principal,2025-03-15 12:00 AM,2025,03,15,00,85.9,172,Unhealthy,68.0,UG/M3,1 Hr,Valid
Dhaka,PM2.5 - Principal,2025-03-15 01:00 AM,2025,03,15,01,64.5,157,Unhealthy,46.0,UG/M3,1 Hr,Valid
Dhaka,PM2.5 - Principal,2025-03-15 02:00 AM,2025,03,15,02,56.7,152,Unhealthy,49.0,UG/M3,1 Hr,Valid
Dhaka,PM2.5 - Principal,2025-03-15 03:00 AM,2025,03,15,03,50.8,139,Unhealthy for Sensitive Groups,45.0,UG/M3,1 Hr,Valid
Dhaka,PM2.5 - Principal,2025-03-15 04:00 AM,2025,03,15,04,46.9,129,Unhealthy for Sensitive Groups,43.0,UG/M3,1 Hr,Valid
Dhaka,PM2.5 - Principal,2025-03-15 05:00 AM,2025,03,15,05,45.4,125,Unhealthy for Sensitive Groups,44.0,UG/M3,1 Hr,Valid
Dhaka,PM2.5 - Principal,2025-03-15 06:00 AM,2025,03,15,06,47.2,130,Unhealthy for Sensitive Groups,49.0,UG/M3,1 Hr,Valid
Dhaka,PM2.5 - Principal,2025-03-15 07:00 AM,2025,03,15,07,51.1,139,Unhealthy for Sensitive Groups,55.0,UG/M3,1 Hr,Valid
Dhaka,PM2.5 - Principal,2025-03-15 08:00 AM,2025,03,15,08,57.5,152,Unhealthy,64.0,UG/M3,1 Hr,Valid
Dhaka,PM2.5 - Principal,2025-03-15 09:00 AM,2025,03,15,09,66.7,159,Unhealthy,76.0,UG/M3,1 Hr,Valid
Dhaka,PM2.5 - Principal,2025-03-15 10:00 AM,2025,03,15,10,68.8,160,Unhealthy,71.0,UG/M3,1 Hr,Valid
Dhaka,PM2.5 - Principal,2025-03-15 11:00 AM,2025,03,15,11,67.7,160,Unhealthy,68.0,UG/M3,1 Hr,Valid
Dhaka,PM2.5 - Principal,2025-03-15 12:00 PM,2025,03,15,12,69.1,161,Unhealthy,71.0,UG/M3,1 Hr,Valid
Dhaka,PM2.5 - Principal,2025-03-15 01:00 PM,2025,03,15,13,69.9,161,Unhealthy,71.0,UG/M3,1 Hr,Valid
Dhaka,PM2.5 - Principal,2025-03-15 02:00 PM,2025,03,15,14,73.1,163,Unhealthy,77.0,UG/M3,1 Hr,Valid
Dhaka,PM2.5 - Principal,2025-03-15 03:00 PM,2025,03,15,15,74.4,164,Unhealthy,76.0,UG/M3,1 Hr,Valid
Dhaka,PM2.5 - Principal,2025-03-15 04:00 PM,2025,03,15,16,71.6,162,Unhealthy,68.0,UG/M3,1 Hr,Valid
Dhaka,PM2.5 - Principal,2025-03-15 05:00 PM,2025,03,15,17,69.9,161,Unhealthy,67.0,UG/M3,1 Hr,Valid
Dhaka,PM2.5 - Principal,2025-03-15 06:00 PM,2025,03,15,18,75.3,165,Unhealthy,85.0,UG/M3,1 Hr,Valid
Dhaka,PM2.5 - Principal,2025-03-15 07:00 PM,2025,03,15,19,76.8,166,Unhealthy,84.0,UG/M3,1 Hr,Valid
Dhaka,PM2.5 - Principal,2025-03-15 08:00 PM,2025,03,15,20,74.3,164,Unhealthy,67.0,UG/M3,1 Hr,Valid
Dhaka,PM2.5 - Principal,2025-03-15 09:00 PM,2025,03,15,21,70.9,162,Unhealthy,62.0,UG/M3,1 Hr,Valid
Dhaka,PM2.5 - Principal,2025-03-15 10:00 PM,2025,03,15,22,67.5,159,Unhealthy,60.0,UG/M3,1 Hr,Valid
Dhaka,PM2.5 - Principal,2025-03-15 11:00 PM,2025,03,15,23,59.7,154,Unhealthy,51.0,UG/M3,1 Hr,Valid
Dhaka,PM2.5 - Principal,2025-03-16 12:00 AM,2025,03,16,00,60.6,155,Unhealthy,62.0,UG/M3,1 Hr,Valid
Dhaka,PM2.5 - Principal,2025-03-16 01:00 AM,2025,03,16,01,52.8,144,Unhealthy for Sensitive Groups,45.0,UG/M3,1 Hr,Valid
Dhaka,PM2.5 - Principal,2025-03-16 02:00 AM,2025,03,16,02,51.5,140,Unhealthy for Sensitive Groups,50.0,UG/M3,1 Hr,Valid
Dhaka,PM2.5 - Principal,2025-03-16 03:00 AM,2025,03,16,03,55.9,151,Unhealthy,61.0,UG/M3,1 Hr,Valid
Dhaka,PM2.5 - Principal,2025-03-16 04:00 AM,2025,03,16,04,49.6,136,Unhealthy for Sensitive Groups,43.0,UG/M3,1 Hr,Valid
Dhaka,PM2.5 - Principal,2025-03-16 05:00 AM,2025,03,16,05,50.2,137,Unhealthy for Sensitive Groups,51.0,UG/M3,1 Hr,Valid
Dhaka,PM2.5 - Principal,2025-03-16 06:00 AM,2025,03,16,06,50.6,138,Unhealthy for Sensitive Groups,51.0,UG/M3,1 Hr,Valid
Dhaka,PM2.5 - Principal,2025-03-16 07:00 AM,2025,03,16,07,52.4,143,Unhealthy for Sensitive Groups,55.0,UG/M3,1 Hr,Valid
Dhaka,PM2.5 - Principal,2025-03-16 08:00 AM,2025,03,16,08,55.0,149,Unhealthy for Sensitive Groups,61.0,UG/M3,1 Hr,Valid
Dhaka,PM2.5 - Principal,2025-03-16 09:00 AM,2025,03,16,09,68.7,160,Unhealthy,82.0,UG/M3,1 Hr,Valid
Dhaka,PM2.5 - Principal,2025-03-16 10:00 AM,2025,03,16,10,79.7,168,Unhealthy,90.0,UG/M3,1 Hr,Valid
Dhaka,PM2.5 - Principal,2025-03-16 11:00 AM,2025,03,16,11,81.3,169,Unhealthy,83.0,UG/M3,1 Hr,Valid
Dhaka,PM2.5 - Principal,2025-03-16 12:00 PM,2025,03,16,12,74.1,164,Unhealthy,67.0,UG/M3,1 Hr,Valid
Dhaka,PM2.5 - Principal,2025-03-16 01:00 PM,2025,03,16,13,68.5,160,Unhealthy,63.0,UG/M3,1 Hr,Valid
Dhaka,PM2.5 - Principal,2025-03-16 02:00 PM,2025,03,16,14,66.2,159,Unhealthy,64.0,UG/M3,1 Hr,Valid
Dhaka,PM2.5 - Principal,2025-03-16 03:00 PM,2025,03,16,15,68.1,160,Unhealthy,70.0,UG/M3,1 Hr,Valid
Dhaka,PM2.5 - Principal,2025-03-16 04:00 PM,2025,03,16,16,68.6,160,Unhealthy,69.0,UG/M3,1 Hr,Valid
Dhaka,PM2.5 - Principal,2025-03-16 05:00 PM,2025,03,16,17,87.2,173,Unhealthy,106.0,UG/M3,1 Hr,Valid
Dhaka,PM2.5 - Principal,2025-03-16 06:00 PM,2025,03,16,18,91.1,176,Unhealthy,96.0,UG/M3,1 Hr,Valid
Dhaka,PM2.5 - Principal,2025-03-16 07:00 PM,2025,03,16,19,92.2,177,Unhealthy,96.0,UG/M3,1 Hr,Valid
Dhaka,PM2.5 - Principal,2025-03-16 08:00 PM,2025,03,16,20,90.6,176,Unhealthy,89.0,UG/M3,1 Hr,Valid
Dhaka,PM2.5 - Principal,2025-03-16 09:00 PM,2025,03,16,21,80.6,169,Unhealthy,66.0,UG/M3,1 Hr,Valid
Dhaka,PM2.5 - Principal,2025-03-16 10:00 PM,2025,03,16,22,96.8,180,Unhealthy,117.0,UG/M3,1 Hr,Valid
Dhaka,PM2.5 - Principal,2025-03-16 11:00 PM,2025,03,16,23,96.4,180,Unhealthy,96.0,UG/M3,1 Hr,Valid
Dhaka,PM2.5 - Principal,2025-03-17 12:00 AM,2025,03,17,00,80.3,168,Unhealthy,62.0,UG/M3,1 Hr,Valid
Dhaka,PM2.5 - Principal,2025-03-17 01:00 AM,2025,03,17,01,68.7,160,Unhealthy,58.0,UG/M3,1 Hr,Valid
Dhaka,PM2.5 - Principal,2025-03-17 02:00 AM,2025,03,17,02,65.3,158,Unhealthy,62.0,UG/M3,1 Hr,Valid
Dhaka,PM2.5 - Principal,2025-03-17 03:00 AM,2025,03,17,03,58.1,153,Unhealthy,51.0,UG/M3,1 Hr,Valid
Dhaka,PM2.5 - Principal,2025-03-17 04:00 AM,2025,03,17,04,55.5,151,Unhealthy,53.0,UG/M3,1 Hr,Valid
Dhaka,PM2.5 - Principal,2025-03-17 05:00 AM,2025,03,17,05,53.7,146,Unhealthy for Sensitive Groups,52.0,UG/M3,1 Hr,Valid
Dhaka,PM2.5 - Principal,2025-03-17 06:00 AM,2025,03,17,06,50.8,139,Unhealthy for Sensitive Groups,48.0,UG/M3,1 Hr,Valid
Dhaka,PM2.5 - Principal,2025-03-17 07:00 AM,2025,03,17,07,49.4,135,Unhealthy for Sensitive Groups,48.0,UG/M3,1 Hr,Valid
Dhaka,PM2.5 - Principal,2025-03-17 08:00 AM,2025,03,17,08,56.2,151,Unhealthy,63.0,UG/M3,1 Hr,Valid
Dhaka,PM2.5 - Principal,2025-03-17 09:00 AM,2025,03,17,09,60.1,154,Unhealthy,64.0,UG/M3,1 Hr,Valid
Dhaka,PM2.5 - Principal,2025-03-17 10:00 AM,2025,03,17,10,64.5,157,Unhealthy,69.0,UG/M3,1 Hr,Valid
Dhaka,PM2.5 - Principal,2025-03-17 11:00 AM,2025,03,17,11,60.4,154,Unhealthy,59.0,UG/M3,1 Hr,Valid
Dhaka,PM2.5 - Principal,2025-03-17 12:00 PM,2025,03,17,12,59.7,154,Unhealthy,58.0,UG/M3,1 Hr,Valid
Dhaka,PM2.5 - Principal,2025-03-17 01:00 PM,2025,03,17,13,58.8,153,Unhealthy,57.0,UG/M3,1 Hr,Valid
Dhaka,PM2.5 - Principal,2025-03-17 02:00 PM,2025,03,17,14,58.9,153,Unhealthy,59.0,UG/M3,1 Hr,Valid
Dhaka,PM2.5 - Principal,2025-03-17 03:00 PM,2025,03,17,15,59.2,154,Unhealthy,60.0,UG/M3,1 Hr,Valid
Dhaka,PM2.5 - Principal,2025-03-17 04:00 PM,2025,03,17,16,62.2,156,Unhealthy,69.0,UG/M3,1 Hr,Valid
Dhaka,PM2.5 - Principal,2025-03-17 05:00 PM,2025,03,17,17,65.7,158,Unhealthy,72.0,UG/M3,1 Hr,Valid
Dhaka,PM2.5 - Principal,2025-03-17 06:00 PM,2025,03,17,18,72.0,163,Unhealthy,80.0,UG/M3,1 Hr,Valid
Dhaka,PM2.5 - Principal,2025-03-17 07:00 PM,2025,03,17,19,83.1,170,Unhealthy,98.0,UG/M3,1 Hr,Valid
Dhaka,PM2.5 - Principal,2025-03-17 08:00 PM,2025,03,17,20,115.0,193,Unhealthy,144.0,UG/M3,1 Hr,Valid
Dhaka,PM2.5 - Principal,2025-03-17 09:00 PM,2025,03,17,21,108.0,188,Unhealthy,101.0,UG/M3,1 Hr,Valid
Dhaka,PM2.5 - Principal,2025-03-17 10:00 PM,2025,03,17,22,97.0,180,Unhealthy,86.0,UG/M3,1 Hr,Valid
Dhaka,PM2.5 - Principal,2025-03-17 11:00 PM,2025,03,17,23,82.0,170,Unhealthy,67.0,UG/M3,1 Hr,Valid
Dhaka,PM2.5 - Principal,2025-03-18 12:00 AM,2025,03,18,00,70.5,162,Unhealthy,59.0,UG/M3,1 Hr,Valid
Dhaka,PM2.5 - Principal,2025-03-18 01:00 AM,2025,03,18,01,56.7,152,Unhealthy,43.0,UG/M3,1 Hr,Valid
Dhaka,PM2.5 - Principal,2025-03-18 02:00 AM,2025,03,18,02,48.8,134,Unhealthy for Sensitive Groups,41.0,UG/M3,1 Hr,Valid
Dhaka,PM2.5 - Principal,2025-03-18 03:00 AM,2025,03,18,03,39.4,111,Unhealthy for Sensitive Groups,30.0,UG/M3,1 Hr,Valid
Dhaka,PM2.5 - Principal,2025-03-18 04:00 AM,2025,03,18,04,74.7,164,Unhealthy,110.0,UG/M3,1 Hr,Valid
Dhaka,PM2.5 - Principal,2025-03-18 05:00 AM,2025,03,18,05,93.3,177,Unhealthy,112.0,UG/M3,1 Hr,Valid
Dhaka,PM2.5 - Principal,2025-03-18 06:00 AM,2025,03,18,06,133.6,209,Very Unhealthy,174.0,UG/M3,1 Hr,Valid
Dhaka,PM2.5 - Principal,2025-03-18 07:00 AM,2025,03,18,07,122.3,198,Unhealthy,111.0,UG/M3,1 Hr,Valid
Dhaka,PM2.5 - Principal,2025-03-18 08:00 AM,2025,03,18,08,102.1,184,Unhealthy,82.0,UG/M3,1 Hr,Valid
Dhaka,PM2.5 - Principal,2025-03-18 09:00 AM,2025,03,18,09,86.5,173,Unhealthy,71.0,UG/M3,1 Hr,Valid
Dhaka,PM2.5 - Principal,2025-03-18 10:00 AM,2025,03,18,10,75.7,165,Unhealthy,65.0,UG/M3,1 Hr,Valid
Dhaka,PM2.5 - Principal,2025-03-18 11:00 AM,2025,03,18,11,66.8,159,Unhealthy,58.0,UG/M3,1 Hr,Valid
Dhaka,PM2.5 - Principal,2025-03-18 12:00 PM,2025,03,18,12,57.9,153,Unhealthy,49.0,UG/M3,1 Hr,Valid
Dhaka,PM2.5 - Principal,2025-03-18 01:00 PM,2025,03,18,13,50.4,138,Unhealthy for Sensitive Groups,43.0,UG/M3,1 Hr,Valid
Dhaka,PM2.5 - Principal,2025-03-18 02:00 PM,2025,03,18,14,60.7,155,Unhealthy,71.0,UG/M3,1 Hr,Valid
Dhaka,PM2.5 - Principal,2025-03-18 03:00 PM,2025,03,18,15,51.8,141,Unhealthy for Sensitive Groups,43.0,UG/M3,1 Hr,Valid
Dhaka,PM2.5 - Principal,2025-03-18 04:00 PM,2025,03,18,16,53.4,145,Unhealthy for Sensitive Groups,55.0,UG/M3,1 Hr,Valid
Dhaka,PM2.5 - Principal,2025-03-18 05:00 PM,2025,03,18,17,58.2,153,Unhealthy,63.0,UG/M3,1 Hr,Valid
Dhaka,PM2.5 - Principal,2025-03-18 06:00 PM,2025,03,18,18,65.0,158,Unhealthy,72.0,UG/M3,1 Hr,Valid
Dhaka,PM2.5 - Principal,2025-03-18 07:00 PM,2025,03,18,19,83.5,171,Unhealthy,102.0,UG/M3,1 Hr,Valid
Dhaka,PM2.5 - Principal,2025-03-18 08:00 PM,2025,03,18,20,102.2,184,Unhealthy,121.0,UG/M3,1 Hr,Valid
Dhaka,PM2.5 - Principal,2025-03-18 09:00 PM,2025,03,18,21,139.1,214,Very Unhealthy,176.0,UG/M3,1 Hr,Valid
Dhaka,PM2.5 - Principal,2025-03-18 10:00 PM,2025,03,18,22,141.5,217,Very Unhealthy,144.0,UG/M3,1 Hr,Valid
Dhaka,PM2.5 - Principal,2025-03-18 11:00 PM,2025,03,18,23,234.3,319,Hazardous,327.0,UG/M3,1 Hr,Valid
Dhaka,PM2.5 - Principal,2025-03-19 12:00 AM,2025,03,19,00,203.6,278,Very Unhealthy,173.0,UG/M3,1 Hr,Valid
Dhaka,PM2.5 - Principal,2025-03-19 01:00 AM,2025,03,19,01,202.3,277,Very Unhealthy,201.0,UG/M3,1 Hr,Valid
Dhaka,PM2.5 - Principal,2025-03-19 02:00 AM,2025,03,19,02,217.1,292,Very Unhealthy,232.0,UG/M3,1 Hr,Valid
Dhaka,PM2.5 - Principal,2025-03-19 03:00 AM,2025,03,19,03,272.1,394,Hazardous,327.0,UG/M3,1 Hr,Valid
Dhaka,PM2.5 - Principal,2025-03-19 04:00 AM,2025,03,19,04,292.5,434,Hazardous,313.0,UG/M3,1 Hr,Valid
Dhaka,PM2.5 - Principal,2025-03-19 05:00 AM,2025,03,19,05,277.8,405,Hazardous,263.0,UG/M3,1 Hr,Valid
Dhaka,PM2.5 - Principal,2025-03-19 06:00 AM,2025,03,19,06,289.9,429,Hazardous,302.0,UG/M3,1 Hr,Valid
Dhaka,PM2.5 - Principal,2025-03-19 07:00 AM,2025,03,19,07,274.4,398,Hazardous,259.0,UG/M3,1 Hr,Valid
Dhaka,PM2.5 - Principal,2025-03-19 08:00 AM,2025,03,19,08,231.7,313,Hazardous,189.0,UG/M3,1 Hr,Valid
Dhaka,PM2.5 - Principal,2025-03-19 09:00 AM,2025,03,19,09,236.3,323,Hazardous,241.0,UG/M3,1 Hr,Valid
Dhaka,PM2.5 - Principal,2025-03-19 10:00 AM,2025,03,19,10,214.2,289,Very Unhealthy,188.0,UG/M3,1 Hr,Valid
Dhaka,PM2.5 - Principal,2025-03-19 11:00 AM,2025,03,19,11,197.1,272,Very Unhealthy,178.0,UG/M3,1 Hr,Valid
Dhaka,PM2.5 - Principal,2025-03-19 12:00 PM,2025,03,19,12,152.5,228,Very Unhealthy,110.0,UG/M3,1 Hr,Valid
Dhaka,PM2.5 - Principal,2025-03-19 01:00 PM,2025,03,19,13,110.2,189,Unhealthy,68.0,UG/M3,1 Hr,Valid
Dhaka,PM2.5 - Principal,2025-03-19 02:00 PM,2025,03,19,14,108.1,188,Unhealthy,106.0,UG/M3,1 Hr,Valid
Dhaka,PM2.5 - Principal,2025-03-19 03:00 PM,2025,03,19,15,87.5,173,Unhealthy,67.0,UG/M3,1 Hr,Valid
Dhaka,PM2.5 - Principal,2025-03-19 04:00 PM,2025,03,19,16,75.7,165,Unhealthy,64.0,UG/M3,1 Hr,Valid
Dhaka,PM2.5 - Principal,2025-03-19 05:00 PM,2025,03,19,17,74.8,165,Unhealthy,74.0,UG/M3,1 Hr,Valid
Dhaka,PM2.5 - Principal,2025-03-19 06:00 PM,2025,03,19,18,97.8,181,Unhealthy,121.0,UG/M3,1 Hr,Valid
Dhaka,PM2.5 - Principal,2025-03-19 07:00 PM,2025,03,19,19,139.9,215,Very Unhealthy,182.0,UG/M3,1 Hr,Valid
Dhaka,PM2.5 - Principal,2025-03-19 08:00 PM,2025,03,19,20,144.9,220,Very Unhealthy,150.0,UG/M3,1 Hr,Valid
Dhaka,PM2.5 - Principal,2025-03-19 09:00 PM,2025,03,19,21,134.4,210,Very Unhealthy,124.0,UG/M3,1 Hr,Valid
Dhaka,PM2.5 - Principal,2025-03-19 10:00 PM,2025,03,19,22,117.7,195,Unhealthy,101.0,UG/M3,1 Hr,Valid
Dhaka,PM2.5 - Principal,2025-03-19 11:00 PM,2025,03,19,23,118.8,195,Unhealthy,120.0,UG/M3,1 Hr,Valid
Dhaka,PM2.5 - Principal,2025-03-20 12:00 AM,2025,03,20,00,101.9,184,Unhealthy,85.0,UG/M3,1 Hr,Valid
Dhaka,PM2.5 - Principal,2025-03-20 01:00 AM,2025,03,20,01,90.9,176,Unhealthy,80.0,UG/M3,1 Hr,Valid
Dhaka,PM2.5 - Principal,2025-03-20 02:00 AM,2025,03,20,02,84.9,172,Unhealthy,79.0,UG/M3,1 Hr,Valid
Dhaka,PM2.5 - Principal,2025-03-20 03:00 AM,2025,03,20,03,89.4,175,Unhealthy,94.0,UG/M3,1 Hr,Valid
Dhaka,PM2.5 - Principal,2025-03-20 04:00 AM,2025,03,20,04,82.7,170,Unhealthy,76.0,UG/M3,1 Hr,Valid
Dhaka,PM2.5 - Principal,2025-03-20 05:00 AM,2025,03,20,05,74.3,164,Unhealthy,66.0,UG/M3,1 Hr,Valid
Dhaka,PM2.5 - Principal,2025-03-20 06:00 AM,2025,03,20,06,68.1,160,Unhealthy,62.0,UG/M3,1 Hr,Valid
Dhaka,PM2.5 - Principal,2025-03-20 07:00 AM,2025,03,20,07,64.5,157,Unhealthy,61.0,UG/M3,1 Hr,Valid
Dhaka,PM2.5 - Principal,2025-03-20 08:00 AM,2025,03,20,08,69.2,161,Unhealthy,74.0,UG/M3,1 Hr,Valid
Dhaka,PM2.5 - Principal,2025-03-20 09:00 AM,2025,03,20,09,76.5,166,Unhealthy,84.0,UG/M3,1 Hr,Valid
Dhaka,PM2.5 - Principal,2025-03-20 10:00 AM,2025,03,20,10,80.6,169,Unhealthy,85.0,UG/M3,1 Hr,Valid
Dhaka,PM2.5 - Principal,2025-03-20 11:00 AM,2025,03,20,11,77.9,167,Unhealthy,77.0,UG/M3,1 Hr,Valid
Dhaka,PM2.5 - Principal,2025-03-20 12:00 PM,2025,03,20,12,81.8,169,Unhealthy,89.0,UG/M3,1 Hr,Valid
Dhaka,PM2.5 - Principal,2025-03-20 01:00 PM,2025,03,20,13,87.1,173,Unhealthy,96.0,UG/M3,1 Hr,Valid
Dhaka,PM2.5 - Principal,2025-03-20 02:00 PM,2025,03,20,14,99.5,182,Unhealthy,112.0,UG/M3,1 Hr,Valid
Dhaka,PM2.5 - Principal,2025-03-20 03:00 PM,2025,03,20,15,103.4,185,Unhealthy,108.0,UG/M3,1 Hr,Valid
Dhaka,PM2.5 - Principal,2025-03-20 04:00 PM,2025,03,20,16,105.9,186,Unhealthy,109.0,UG/M3,1 Hr,Valid
Dhaka,PM2.5 - Principal,2025-03-20 05:00 PM,2025,03,20,17,109.8,189,Unhealthy,114.0,UG/M3,1 Hr,Valid
Dhaka,PM2.5 - Principal,2025-03-20 06:00 PM,2025,03,20,18,108.0,188,Unhealthy,106.0,UG/M3,1 Hr,Valid
Dhaka,PM2.5 - Principal,2025-03-20 07:00 PM,2025,03,20,19,106.9,187,Unhealthy,107.0,UG/M3,1 Hr,Valid
Dhaka,PM2.5 - Principal,2025-03-20 08:00 PM,2025,03,20,20,114.1,192,Unhealthy,125.0,UG/M3,1 Hr,Valid
Dhaka,PM2.5 - Principal,2025-03-20 09:00 PM,2025,03,20,21,119.8,196,Unhealthy,128.0,UG/M3,1 Hr,Valid
Dhaka,PM2.5 - Principal,2025-03-20 10:00 PM,2025,03,20,22,122.7,198,Unhealthy,127.0,UG/M3,1 Hr,Valid
Dhaka,PM2.5 - Principal,2025-03-20 11:00 PM,2025,03,20,23,121.9,198,Unhealthy,125.0,UG/M3,1 Hr,Valid
Dhaka,PM2.5 - Principal,2025-03-21 12:00 AM,2025,03,21,00,121.2,197,Unhealthy,122.0,UG/M3,1 Hr,Valid
Dhaka,PM2.5 - Principal,2025-03-21 01:00 AM,2025,03,21,01,119.3,196,Unhealthy,116.0,UG/M3,1 Hr,Valid
Dhaka,PM2.5 - Principal,2025-03-21 02:00 AM,2025,03,21,02,119.0,196,Unhealthy,117.0,UG/M3,1 Hr,Valid
Dhaka,PM2.5 - Principal,2025-03-21 03:00 AM,2025,03,21,03,116.9,194,Unhealthy,107.0,UG/M3,1 Hr,Valid
Dhaka,PM2.5 - Principal,2025-03-21 04:00 AM,2025,03,21,04,114.6,192,Unhealthy,105.0,UG/M3,1 Hr,Valid
Dhaka,PM2.5 - Principal,2025-03-21 05:00 AM,2025,03,21,05,125.9,201,Very Unhealthy,155.0,UG/M3,1 Hr,Valid
Dhaka,PM2.5 - Principal,2025-03-21 06:00 AM,2025,03,21,06,129.3,205,Very Unhealthy,136.0,UG/M3,1 Hr,Valid
Dhaka,PM2.5 - Principal,2025-03-21 07:00 AM,2025,03,21,07,121.7,197,Unhealthy,106.0,UG/M3,1 Hr,Valid
Dhaka,PM2.5 - Principal,2025-03-21 08:00 AM,2025,03,21,08,108.6,188,Unhealthy,91.0,UG/M3,1 Hr,Valid
Dhaka,PM2.5 - Principal,2025-03-21 09:00 AM,2025,03,21,09,103.4,185,Unhealthy,96.0,UG/M3,1 Hr,Valid
Dhaka,PM2.5 - Principal,2025-03-21 10:00 AM,2025,03,21,10,99.9,182,Unhealthy,95.0,UG/M3,1 Hr,Valid
Dhaka,PM2.5 - Principal,2025-03-21 11:00 AM,2025,03,21,11,89.3,175,Unhealthy,80.0,UG/M3,1 Hr,Valid
Dhaka,PM2.5 - Principal,2025-03-21 12:00 PM,2025,03,21,12,88.2,174,Unhealthy,87.0,UG/M3,1 Hr,Valid
Dhaka,PM2.5 - Principal,2025-03-21 01:00 PM,2025,03,21,13,91.0,176,Unhealthy,94.0,UG/M3,1 Hr,Valid
Dhaka,PM2.5 - Principal,2025-03-21 02:00 PM,2025,03,21,14,80.9,169,Unhealthy,71.0,UG/M3,1 Hr,Valid
Dhaka,PM2.5 - Principal,2025-03-21 03:00 PM,2025,03,21,15,71.9,162,Unhealthy,63.0,UG/M3,1 Hr,Valid
Dhaka,PM2.5 - Principal,2025-03-21 04:00 PM,2025,03,21,16,67.4,159,Unhealthy,63.0,UG/M3,1 Hr,Valid
Dhaka,PM2.5 - Principal,2025-03-21 05:00 PM,2025,03,21,17,69.2,161,Unhealthy,71.0,UG/M3,1 Hr,Valid
Dhaka,PM2.5 - Principal,2025-03-21 06:00 PM,2025,03,21,18,72.6,163,Unhealthy,76.0,UG/M3,1 Hr,Valid
Dhaka,PM2.5 - Principal,2025-03-21 07:00 PM,2025,03,21,19,86.7,173,Unhealthy,107.0,UG/M3,1 Hr,Valid
Dhaka,PM2.5 - Principal,2025-03-21 08:00 PM,2025,03,21,20,86.0,172,Unhealthy,85.0,UG/M3,1 Hr,Valid
Dhaka,PM2.5 - Principal,2025-03-21 09:00 PM,2025,03,21,21,81.0,169,Unhealthy,74.0,UG/M3,1 Hr,Valid
Dhaka,PM2.5 - Principal,2025-03-21 10:00 PM,2025,03,21,22,73.6,164,Unhealthy,63.0,UG/M3,1 Hr,Valid
Dhaka,PM2.5 - Principal,2025-03-21 11:00 PM,2025,03,21,23,65.9,158,Unhealthy,58.0,UG/M3,1 Hr,Valid
Dhaka,PM2.5 - Principal,2025-03-22 12:00 AM,2025,03,22,00,82.9,170,Unhealthy,103.0,UG/M3,1 Hr,Valid
Dhaka,PM2.5 - Principal,2025-03-22 01:00 AM,2025,03,22,01,90.7,176,Unhealthy,100.0,UG/M3,1 Hr,Valid
Dhaka,PM2.5 - Principal,2025-03-22 02:00 AM,2025,03,22,02,102.0,184,Unhealthy,113.0,UG/M3,1 Hr,Valid
Dhaka,PM2.5 - Principal,2025-03-22 03:00 AM,2025,03,22,03,101.5,183,Unhealthy,101.0,UG/M3,1 Hr,Valid
Dhaka,PM2.5 - Principal,2025-03-22 04:00 AM,2025,03,22,04,100.7,183,Unhealthy,100.0,UG/M3,1 Hr,Valid
Dhaka,PM2.5 - Principal,2025-03-22 05:00 AM,2025,03,22,05,109.9,189,Unhealthy,119.0,UG/M3,1 Hr,Valid
Dhaka,PM2.5 - Principal,2025-03-22 06:00 AM,2025,03,22,06,146.9,222,Very Unhealthy,184.0,UG/M3,1 Hr,Valid
Dhaka,PM2.5 - Principal,2025-03-22 07:00 AM,2025,03,22,07,198.5,273,Very Unhealthy,250.0,UG/M3,1 Hr,Valid
Dhaka,PM2.5 - Principal,2025-03-22 08:00 AM,2025,03,22,08,205.2,280,Very Unhealthy,212.0,UG/M3,1 Hr,Valid
Dhaka,PM2.5 - Principal,2025-03-22 09:00 AM,2025,03,22,09,208.6,283,Very Unhealthy,212.0,UG/M3,1 Hr,Valid
Dhaka,PM2.5 - Principal,2025-03-22 10:00 AM,2025,03,22,10,215.3,290,Very Unhealthy,222.0,UG/M3,1 Hr,Valid
Dhaka,PM2.5 - Principal,2025-03-22 11:00 AM,2025,03,22,11,203.1,278,Very Unhealthy,191.0,UG/M3,1 Hr,Valid
Dhaka,PM2.5 - Principal,2025-03-22 12:00 PM,2025,03,22,12,217.1,292,Very Unhealthy,231.0,UG/M3,1 Hr,Valid
Dhaka,PM2.5 - Principal,2025-03-22 01:00 PM,2025,03,22,13,208.5,283,Very Unhealthy,200.0,UG/M3,1 Hr,Valid
Dhaka,PM2.5 - Principal,2025-03-22 02:00 PM,2025,03,22,14,175.7,251,Very Unhealthy,143.0,UG/M3,1 Hr,Valid
Dhaka,PM2.5 - Principal,2025-03-22 03:00 PM,2025,03,22,15,193.4,268,Very Unhealthy,211.0,UG/M3,1 Hr,Valid
Dhaka,PM2.5 - Principal,2025-03-22 04:00 PM,2025,03,22,16,221.7,296,Very Unhealthy,250.0,UG/M3,1 Hr,Valid
Dhaka,PM2.5 - Principal,2025-03-22 05:00 PM,2025,03,22,17,205.5,280,Very Unhealthy,189.0,UG/M3,1 Hr,Valid
Dhaka,PM2.5 - Principal,2025-03-22 06:00 PM,2025,03,22,18,216.4,291,Very Unhealthy,231.0,UG/M3,1 Hr,Valid
Dhaka,PM2.5 - Principal,2025-03-22 07:00 PM,2025,03,22,19,200.8,276,Very Unhealthy,180.0,UG/M3,1 Hr,Valid
Dhaka,PM2.5 - Principal,2025-03-22 08:00 PM,2025,03,22,20,180.7,256,Very Unhealthy,154.0,UG/M3,1 Hr,Valid
Dhaka,PM2.5 - Principal,2025-03-22 09:00 PM,2025,03,22,21,173.9,249,Very Unhealthy,165.0,UG/M3,1 Hr,Valid
Dhaka,PM2.5 - Principal,2025-03-22 10:00 PM,2025,03,22,22,164.1,239,Very Unhealthy,151.0,UG/M3,1 Hr,Valid
Dhaka,PM2.5 - Principal,2025-03-22 11:00 PM,2025,03,22,23,149.2,224,Very Unhealthy,134.0,UG/M3,1 Hr,Valid
Dhaka,PM2.5 - Principal,2025-03-23 12:00 AM,2025,03,23,00,131.2,207,Very Unhealthy,115.0,UG/M3,1 Hr,Valid
Dhaka,PM2.5 - Principal,2025-03-23 01:00 AM,2025,03,23,01,105.0,186,Unhealthy,79.0,UG/M3,1 Hr,Valid
Dhaka,PM2.5 - Principal,2025-03-23 02:00 AM,2025,03,23,02,90.5,176,Unhealthy,76.0,UG/M3,1 Hr,Valid
Dhaka,PM2.5 - Principal,2025-03-23 03:00 AM,2025,03,23,03,88.7,174,Unhealthy,87.0,UG/M3,1 Hr,Valid
Dhaka,PM2.5 - Principal,2025-03-23 04:00 AM,2025,03,23,04,88.3,174,Unhealthy,88.0,UG/M3,1 Hr,Valid
Dhaka,PM2.5 - Principal,2025-03-23 05:00 AM,2025,03,23,05,96.6,180,Unhealthy,105.0,UG/M3,1 Hr,Valid
Dhaka,PM2.5 - Principal,2025-03-23 06:00 AM,2025,03,23,06,118.8,195,Unhealthy,141.0,UG/M3,1 Hr,Valid
Dhaka,PM2.5 - Principal,2025-03-23 07:00 AM,2025,03,23,07,121.9,198,Unhealthy,125.0,UG/M3,1 Hr,Valid
Dhaka,PM2.5 - Principal,2025-03-23 08:00 AM,2025,03,23,08,96.9,180,Unhealthy,72.0,UG/M3,1 Hr,Valid
Dhaka,PM2.5 - Principal,2025-03-23 09:00 AM,2025,03,23,09,96.4,180,Unhealthy,96.0,UG/M3,1 Hr,Valid
Dhaka,PM2.5 - Principal,2025-03-23 10:00 AM,2025,03,23,10,73.7,164,Unhealthy,51.0,UG/M3,1 Hr,Valid
Dhaka,PM2.5 - Principal,2025-03-23 11:00 AM,2025,03,23,11,54.3,147,Unhealthy for Sensitive Groups,35.0,UG/M3,1 Hr,Valid
Dhaka,PM2.5 - Principal,2025-03-23 12:00 PM,2025,03,23,12,44.6,123,Unhealthy for Sensitive Groups,35.0,UG/M3,1 Hr,Valid
Dhaka,PM2.5 - Principal,2025-03-23 01:00 PM,2025,03,23,13,42.8,119,Unhealthy for Sensitive Groups,41.0,UG/M3,1 Hr,Valid
Dhaka,PM2.5 - Principal,2025-03-23 02:00 PM,2025,03,23,14,47.4,130,Unhealthy for Sensitive Groups,52.0,UG/M3,1 Hr,Valid
Dhaka,PM2.5 - Principal,2025-03-23 03:00 PM,2025,03,23,15,46.2,127,Unhealthy for Sensitive Groups,45.0,UG/M3,1 Hr,Valid
Dhaka,PM2.5 - Principal,2025-03-23 04:00 PM,2025,03,23,16,47.5,131,Unhealthy for Sensitive Groups,49.0,UG/M3,1 Hr,Valid
Dhaka,PM2.5 - Principal,2025-03-23 05:00 PM,2025,03,23,17,58.7,153,Unhealthy,70.0,UG/M3,1 Hr,Valid
Dhaka,PM2.5 - Principal,2025-03-23 06:00 PM,2025,03,23,18,72.3,163,Unhealthy,86.0,UG/M3,1 Hr,Valid
Dhaka,PM2.5 - Principal,2025-03-23 07:00 PM,2025,03,23,19,85.6,172,Unhealthy,99.0,UG/M3,1 Hr,Valid
Dhaka,PM2.5 - Principal,2025-03-23 08:00 PM,2025,03,23,20,101.8,183,Unhealthy,118.0,UG/M3,1 Hr,Valid
Dhaka,PM2.5 - Principal,2025-03-23 09:00 PM,2025,03,23,21,112.4,191,Unhealthy,123.0,UG/M3,1 Hr,Valid
Dhaka,PM2.5 - Principal,2025-03-23 10:00 PM,2025,03,23,22,116.2,194,Unhealthy,120.0,UG/M3,1 Hr,Valid
Dhaka,PM2.5 - Principal,2025-03-23 11:00 PM,2025,03,23,23,115.6,193,Unhealthy,115.0,UG/M3,1 Hr,Valid
Dhaka,PM2.5 - Principal,2025-03-24 12:00 AM,2025,03,24,00,112.3,191,Unhealthy,109.0,UG/M3,1 Hr,Valid
Dhaka,PM2.5 - Principal,2025-03-24 01:00 AM,2025,03,24,01,143.6,219,Very Unhealthy,175.0,UG/M3,1 Hr,Valid
Dhaka,PM2.5 - Principal,2025-03-24 02:00 AM,2025,03,24,02,168.3,243,Very Unhealthy,193.0,UG/M3,1 Hr,Valid
Dhaka,PM2.5 - Principal,2025-03-24 03:00 AM,2025,03,24,03,169.6,245,Very Unhealthy,171.0,UG/M3,1 Hr,Valid
Dhaka,PM2.5 - Principal,2025-03-24 04:00 AM,2025,03,24,04,173.8,249,Very Unhealthy,178.0,UG/M3,1 Hr,Valid
Dhaka,PM2.5 - Principal,2025-03-24 05:00 AM,2025,03,24,05,162.9,238,Very Unhealthy,152.0,UG/M3,1 Hr,Valid
Dhaka,PM2.5 - Principal,2025-03-24 06:00 AM,2025,03,24,06,151.8,227,Very Unhealthy,140.0,UG/M3,1 Hr,Valid
Dhaka,PM2.5 - Principal,2025-03-24 07:00 AM,2025,03,24,07,137.8,213,Very Unhealthy,118.0,UG/M3,1 Hr,Valid
Dhaka,PM2.5 - Principal,2025-03-24 08:00 AM,2025,03,24,08,121.5,197,Unhealthy,104.0,UG/M3,1 Hr,Valid
Dhaka,PM2.5 - Principal,2025-03-24 09:00 AM,2025,03,24,09,97.1,180,Unhealthy,75.0,UG/M3,1 Hr,Valid
Dhaka,PM2.5 - Principal,2025-03-24 10:00 AM,2025,03,24,10,80.0,168,Unhealthy,63.0,UG/M3,1 Hr,Valid
Dhaka,PM2.5 - Principal,2025-03-24 11:00 AM,2025,03,24,11,68.0,160,Unhealthy,56.0,UG/M3,1 Hr,Valid
Dhaka,PM2.5 - Principal,2025-03-24 12:00 PM,2025,03,24,12,62.0,156,Unhealthy,56.0,UG/M3,1 Hr,Valid
Dhaka,PM2.5 - Principal,2025-03-24 01:00 PM,2025,03,24,13,53.9,146,Unhealthy for Sensitive Groups,46.0,UG/M3,1 Hr,Valid
Dhaka,PM2.5 - Principal,2025-03-24 02:00 PM,2025,03,24,14,49.4,135,Unhealthy for Sensitive Groups,45.0,UG/M3,1 Hr,Valid
Dhaka,PM2.5 - Principal,2025-03-24 03:00 PM,2025,03,24,15,43.2,120,Unhealthy for Sensitive Groups,37.0,UG/M3,1 Hr,Valid
Dhaka,PM2.5 - Principal,2025-03-24 04:00 PM,2025,03,24,16,45.5,126,Unhealthy for Sensitive Groups,48.0,UG/M3,1 Hr,Valid
Dhaka,PM2.5 - Principal,2025-03-24 05:00 PM,2025,03,24,17,55.2,150,Unhealthy for Sensitive Groups,65.0,UG/M3,1 Hr,Valid
Dhaka,PM2.5 - Principal,2025-03-24 06:00 PM,2025,03,24,18,69.6,161,Unhealthy,84.0,UG/M3,1 Hr,Valid
Dhaka,PM2.5 - Principal,2025-03-24 07:00 PM,2025,03,24,19,69.6,161,Unhealthy,-999.0,UG/M3,1 Hr,Missing
