dt,pm25,n_hours,date,dow,month
2015-12-31,,0,2015-12-31,3,12
2016-01-01,,0,2016-01-01,4,1
2016-01-02,,0,2016-01-02,5,1
2016-01-03,,0,2016-01-03,6,1
2016-01-04,,0,2016-01-04,0,1
2016-01-05,,0,2016-01-05,1,1
2016-01-06,,0,2016-01-06,2,1
2016-01-07,,0,2016-01-07,3,1
2016-01-08,,0,2016-01-08,4,1
2016-01-09,,0,2016-01-09,5,1
2016-01-10,,0,2016-01-10,6,1
2016-01-11,,0,2016-01-11,0,1
2016-01-12,,0,2016-01-12,1,1
2016-01-13,,0,2016-01-13,2,1
2016-01-14,,0,2016-01-14,3,1
2016-01-15,,0,2016-01-15,4,1
2016-01-16,,0,2016-01-16,5,1
2016-01-17,,0,2016-01-17,6,1
2016-01-18,,0,2016-01-18,0,1
2016-01-19,,0,2016-01-19,1,1
2016-01-20,,0,2016-01-20,2,1
2016-01-21,,0,2016-01-21,3,1
2016-01-22,,0,2016-01-22,4,1
2016-01-23,,0,2016-01-23,5,1
2016-01-24,,0,2016-01-24,6,1
2016-01-25,,0,2016-01-25,0,1
2016-01-26,,0,2016-01-26,1,1
2016-01-27,,0,2016-01-27,2,1
2016-01-28,,0,2016-01-28,3,1
2016-01-29,,0,2016-01-29,4,1
2016-01-30,,0,2016-01-30,5,1
2016-01-31,,0,2016-01-31,6,1
2016-02-01,,0,2016-02-01,0,2
2016-02-02,,0,2016-02-02,1,2
2016-02-03,,0,2016-02-03,2,2
2016-02-04,,0,2016-02-04,3,2
2016-02-05,,0,2016-02-05,4,2
2016-02-06,,0,2016-02-06,5,2
2016-02-07,,0,2016-02-07,6,2
2016-02-08,,0,2016-02-08,0,2
2016-02-09,,0,2016-02-09,1,2
2016-02-10,,0,2016-02-10,2,2
2016-02-11,,0,2016-02-11,3,2
2016-02-12,,0,2016-02-12,4,2
2016-02-13,,0,2016-02-13,5,2
2016-02-14,,0,2016-02-14,6,2
2016-02-15,,0,2016-02-15,0,2
2016-02-16,,0,2016-02-16,1,2
2016-02-17,,0,2016-02-17,2,2
2016-02-18,,0,2016-02-18,3,2
2016-02-19,,0,2016-02-19,4,2
2016-02-20,,0,2016-02-20,5,2
2016-02-21,,0,2016-02-21,6,2
2016-02-22,,0,2016-02-22,0,2
2016-02-23,,0,2016-02-23,1,2
2016-02-24,,0,2016-02-24,2,2
2016-02-25,,0,2016-02-25,3,2
2016-02-26,,0,2016-02-26,4,2
2016-02-27,,0,2016-02-27,5,2
2016-02-28,,0,2016-02-28,6,2
2016-02-29,,0,2016-02-29,0,2
2016-03-01,191.56521739130434,23,2016-03-01,1,3
2016-03-02,165.375,24,2016-03-02,2,3
2016-03-03,172.29166666666666,24,2016-03-03,3,3
2016-03-04,97.70833333333333,24,2016-03-04,4,3
2016-03-05,122.82608695652173,23,2016-03-05,5,3
2016-03-06,126.75,24,2016-03-06,6,3
2016-03-07,105.625,24,2016-03-07,0,3
2016-03-08,110.91666666666667,24,2016-03-08,1,3
2016-03-09,107.20833333333333,24,2016-03-09,2,3
2016-03-10,108.75,24,2016-03-10,3,3
2016-03-11,100.45833333333333,24,2016-03-11,4,3
2016-03-12,108.70833333333333,24,2016-03-12,5,3
2016-03-13,93.6086956521739,23,2016-03-13,6,3
2016-03-14,104.66666666666667,24,2016-03-14,0,3
2016-03-15,137.70833333333334,24,2016-03-15,1,3
2016-03-16,142.95833333333334,24,2016-03-16,2,3
2016-03-17,118.08333333333333,24,2016-03-17,3,3
2016-03-18,131.25,24,2016-03-18,4,3
2016-03-19,66.875,24,2016-03-19,5,3
2016-03-20,88.29166666666667,24,2016-03-20,6,3
2016-03-21,74.79166666666667,24,2016-03-21,0,3
2016-03-22,69.58333333333333,24,2016-03-22,1,3
2016-03-23,83.5,24,2016-03-23,2,3
2016-03-24,113.58333333333333,24,2016-03-24,3,3
2016-03-25,133.29166666666666,24,2016-03-25,4,3
2016-03-26,171.25,24,2016-03-26,5,3
2016-03-27,73.625,24,2016-03-27,6,3
2016-03-28,42.666666666666664,24,2016-03-28,0,3
2016-03-29,67.33333333333333,24,2016-03-29,1,3
2016-03-30,78.91666666666667,24,2016-03-30,2,3
2016-03-31,64.45833333333333,24,2016-03-31,3,3
2016-04-01,55.041666666666664,24,2016-04-01,4,4
2016-04-02,61.208333333333336,24,2016-04-02,5,4
2016-04-03,59.541666666666664,24,2016-04-03,6,4
2016-04-04,44.5,24,2016-04-04,0,4
2016-04-05,46.56521739130435,23,2016-04-05,1,4
2016-04-06,54.708333333333336,24,2016-04-06,2,4
2016-04-07,54.166666666666664,24,2016-04-07,3,4
2016-04-08,60.875,24,2016-04-08,4,4
2016-04-09,52.083333333333336,24,2016-04-09,5,4
2016-04-10,55.833333333333336,24,2016-04-10,6,4
2016-04-11,54.75,24,2016-04-11,0,4
2016-04-12,65.29166666666667,24,2016-04-12,1,4
2016-04-13,61.5,24,2016-04-13,2,4
2016-04-14,43.125,24,2016-04-14,3,4
2016-04-15,47.708333333333336,24,2016-04-15,4,4
2016-04-16,41.375,24,2016-04-16,5,4
2016-04-17,41.416666666666664,24,2016-04-17,6,4
2016-04-18,45.208333333333336,24,2016-04-18,0,4
2016-04-19,43.166666666666664,24,2016-04-19,1,4
2016-04-20,47.25,24,2016-04-20,2,4
2016-04-21,39.833333333333336,24,2016-04-21,3,4
2016-04-22,49.541666666666664,24,2016-04-22,4,4
2016-04-23,44.916666666666664,24,2016-04-23,5,4
2016-04-24,49.75,24,2016-04-24,6,4
2016-04-25,45.0,24,2016-04-25,0,4
2016-04-26,39.291666666666664,24,2016-04-26,1,4
2016-04-27,42.333333333333336,24,2016-04-27,2,4
2016-04-28,44.375,24,2016-04-28,3,4
2016-04-29,54.458333333333336,24,2016-04-29,4,4
2016-04-30,47.916666666666664,24,2016-04-30,5,4
2016-05-01,47.25,24,2016-05-01,6,5
2016-05-02,48.833333333333336,24,2016-05-02,0,5
2016-05-03,54.416666666666664,24,2016-05-03,1,5
2016-05-04,41.083333333333336,24,2016-05-04,2,5
2016-05-05,64.66666666666667,24,2016-05-05,3,5
2016-05-06,79.25,24,2016-05-06,4,5
2016-05-07,57.041666666666664,24,2016-05-07,5,5
2016-05-08,59.125,24,2016-05-08,6,5
2016-05-09,85.625,24,2016-05-09,0,5
2016-05-10,89.91666666666667,24,2016-05-10,1,5
2016-05-11,76.41666666666667,24,2016-05-11,2,5
2016-05-12,65.70833333333333,24,2016-05-12,3,5
2016-05-13,36.625,24,2016-05-13,4,5
2016-05-14,44.875,24,2016-05-14,5,5
2016-05-15,38.875,24,2016-05-15,6,5
2016-05-16,32.916666666666664,24,2016-05-16,0,5
2016-05-17,25.5,24,2016-05-17,1,5
2016-05-18,31.75,24,2016-05-18,2,5
2016-05-19,27.583333333333332,24,2016-05-19,3,5
2016-05-20,22.041666666666668,24,2016-05-20,4,5
2016-05-21,16.416666666666668,24,2016-05-21,5,5
2016-05-22,52.916666666666664,24,2016-05-22,6,5
2016-05-23,46.791666666666664,24,2016-05-23,0,5
2016-05-24,54.291666666666664,24,2016-05-24,1,5
2016-05-25,56.375,24,2016-05-25,2,5
2016-05-26,56.625,24,2016-05-26,3,5
2016-05-27,57.0,24,2016-05-27,4,5
2016-05-28,38.5,24,2016-05-28,5,5
2016-05-29,52.458333333333336,24,2016-05-29,6,5
2016-05-30,66.125,24,2016-05-30,0,5
2016-05-31,64.625,24,2016-05-31,1,5
2016-06-01,66.66666666666667,24,2016-06-01,2,6
2016-06-02,74.29166666666667,24,2016-06-02,3,6
2016-06-03,48.708333333333336,24,2016-06-03,4,6
2016-06-04,45.458333333333336,24,2016-06-04,5,6
2016-06-05,44.833333333333336,24,2016-06-05,6,6
2016-06-06,42.375,24,2016-06-06,0,6
2016-06-07,51.291666666666664,24,2016-06-07,1,6
2016-06-08,30.142857142857142,21,2016-06-08,2,6
2016-06-09,29.130434782608695,23,2016-06-09,3,6
2016-06-10,33.625,24,2016-06-10,4,6
2016-06-11,54.041666666666664,24,2016-06-11,5,6
2016-06-12,43.0,24,2016-06-12,6,6
2016-06-13,42.833333333333336,24,2016-06-13,0,6
2016-06-14,51.583333333333336,24,2016-06-14,1,6
2016-06-15,46.583333333333336,24,2016-06-15,2,6
2016-06-16,51.21739130434783,23,2016-06-16,3,6
2016-06-17,34.083333333333336,24,2016-06-17,4,6
2016-06-18,29.416666666666668,24,2016-06-18,5,6
2016-06-19,36.166666666666664,24,2016-06-19,6,6
2016-06-20,22.375,24,2016-06-20,0,6
2016-06-21,23.291666666666668,24,2016-06-21,1,6
2016-06-22,23.208333333333332,24,2016-06-22,2,6
2016-06-23,29.52173913043478,23,2016-06-23,3,6
2016-06-24,24.916666666666668,24,2016-06-24,4,6
2016-06-25,31.208333333333332,24,2016-06-25,5,6
2016-06-26,44.833333333333336,24,2016-06-26,6,6
2016-06-27,23.208333333333332,24,2016-06-27,0,6
2016-06-28,23.916666666666668,24,2016-06-28,1,6
2016-06-29,34.083333333333336,24,2016-06-29,2,6
2016-06-30,31.791666666666668,24,2016-06-30,3,6
2016-07-01,27.166666666666668,24,2016-07-01,4,7
2016-07-02,20.916666666666668,24,2016-07-02,5,7
2016-07-03,25.708333333333332,24,2016-07-03,6,7
2016-07-04,22.416666666666668,24,2016-07-04,0,7
2016-07-05,19.666666666666668,24,2016-07-05,1,7
2016-07-06,19.916666666666668,24,2016-07-06,2,7
2016-07-07,21.083333333333332,24,2016-07-07,3,7
2016-07-08,15.166666666666666,24,2016-07-08,4,7
2016-07-09,14.75,24,2016-07-09,5,7
2016-07-10,17.833333333333332,24,2016-07-10,6,7
2016-07-11,18.958333333333332,24,2016-07-11,0,7
2016-07-12,24.0,24,2016-07-12,1,7
2016-07-13,28.166666666666668,24,2016-07-13,2,7
2016-07-14,29.583333333333332,24,2016-07-14,3,7
2016-07-15,26.708333333333332,24,2016-07-15,4,7
2016-07-16,33.25,24,2016-07-16,5,7
2016-07-17,27.958333333333332,24,2016-07-17,6,7
2016-07-18,32.083333333333336,24,2016-07-18,0,7
2016-07-19,37.416666666666664,24,2016-07-19,1,7
2016-07-20,40.208333333333336,24,2016-07-20,2,7
2016-07-21,38.21739130434783,23,2016-07-21,3,7
2016-07-22,30.875,24,2016-07-22,4,7
2016-07-23,31.25,24,2016-07-23,5,7
2016-07-24,37.083333333333336,24,2016-07-24,6,7
2016-07-25,26.708333333333332,24,2016-07-25,0,7
2016-07-26,26.541666666666668,24,2016-07-26,1,7
2016-07-27,34.666666666666664,24,2016-07-27,2,7
2016-07-28,34.583333333333336,24,2016-07-28,3,7
2016-07-29,67.83333333333333,24,2016-07-29,4,7
2016-07-30,46.916666666666664,24,2016-07-30,5,7
2016-07-31,34.291666666666664,24,2016-07-31,6,7
2016-08-01,34.583333333333336,24,2016-08-01,0,8
2016-08-02,18.416666666666668,24,2016-08-02,1,8
2016-08-03,22.458333333333332,24,2016-08-03,2,8
2016-08-04,18.0,24,2016-08-04,3,8
2016-08-05,19.375,24,2016-08-05,4,8
2016-08-06,21.0,24,2016-08-06,5,8
2016-08-07,21.625,24,2016-08-07,6,8
2016-08-08,24.25,24,2016-08-08,0,8
2016-08-09,19.125,24,2016-08-09,1,8
2016-08-10,15.416666666666666,24,2016-08-10,2,8
2016-08-11,30.291666666666668,24,2016-08-11,3,8
2016-08-12,32.708333333333336,24,2016-08-12,4,8
2016-08-13,43.333333333333336,24,2016-08-13,5,8
2016-08-14,45.958333333333336,24,2016-08-14,6,8
2016-08-15,44.166666666666664,24,2016-08-15,0,8
2016-08-16,21.875,24,2016-08-16,1,8
2016-08-17,15.833333333333334,24,2016-08-17,2,8
2016-08-18,36.833333333333336,24,2016-08-18,3,8
2016-08-19,44.125,24,2016-08-19,4,8
2016-08-20,55.583333333333336,24,2016-08-20,5,8
2016-08-21,42.666666666666664,24,2016-08-21,6,8
2016-08-22,37.625,24,2016-08-22,0,8
2016-08-23,81.41666666666667,24,2016-08-23,1,8
2016-08-24,69.25,24,2016-08-24,2,8
2016-08-25,67.70833333333333,24,2016-08-25,3,8
2016-08-26,31.208333333333332,24,2016-08-26,4,8
2016-08-27,35.166666666666664,24,2016-08-27,5,8
2016-08-28,47.875,24,2016-08-28,6,8
2016-08-29,40.95652173913044,23,2016-08-29,0,8
2016-08-30,29.5,24,2016-08-30,1,8
2016-08-31,23.375,24,2016-08-31,2,8
2016-09-01,,16,2016-09-01,3,9
2016-09-02,38.291666666666664,24,2016-09-02,4,9
2016-09-03,31.958333333333332,24,2016-09-03,5,9
2016-09-04,30.125,24,2016-09-04,6,9
2016-09-05,24.625,24,2016-09-05,0,9
2016-09-06,28.25,24,2016-09-06,1,9
2016-09-07,37.5,24,2016-09-07,2,9
2016-09-08,47.166666666666664,24,2016-09-08,3,9
2016-09-09,51.333333333333336,24,2016-09-09,4,9
2016-09-10,50.5,24,2016-09-10,5,9
2016-09-11,41.708333333333336,24,2016-09-11,6,9
2016-09-12,41.541666666666664,24,2016-09-12,0,9
2016-09-13,27.166666666666668,24,2016-09-13,1,9
2016-09-14,29.791666666666668,24,2016-09-14,2,9
2016-09-15,30.125,24,2016-09-15,3,9
2016-09-16,27.458333333333332,24,2016-09-16,4,9
2016-09-17,23.125,24,2016-09-17,5,9
2016-09-18,29.583333333333332,24,2016-09-18,6,9
2016-09-19,31.083333333333332,24,2016-09-19,0,9
2016-09-20,32.916666666666664,24,2016-09-20,1,9
2016-09-21,31.791666666666668,24,2016-09-21,2,9
2016-09-22,34.625,24,2016-09-22,3,9
2016-09-23,30.416666666666668,24,2016-09-23,4,9
2016-09-24,27.25,24,2016-09-24,5,9
2016-09-25,31.416666666666668,24,2016-09-25,6,9
2016-09-26,41.916666666666664,24,2016-09-26,0,9
2016-09-27,57.125,24,2016-09-27,1,9
2016-09-28,70.625,24,2016-09-28,2,9
2016-09-29,47.041666666666664,24,2016-09-29,3,9
2016-09-30,41.5,24,2016-09-30,4,9
2016-10-01,46.333333333333336,24,2016-10-01,5,10
2016-10-02,57.916666666666664,24,2016-10-02,6,10
2016-10-03,56.083333333333336,24,2016-10-03,0,10
2016-10-04,75.58333333333333,24,2016-10-04,1,10
2016-10-05,42.583333333333336,24,2016-10-05,2,10
2016-10-06,73.83333333333333,24,2016-10-06,3,10
2016-10-07,40.291666666666664,24,2016-10-07,4,10
2016-10-08,36.291666666666664,24,2016-10-08,5,10
2016-10-09,39.416666666666664,24,2016-10-09,6,10
2016-10-10,35.916666666666664,24,2016-10-10,0,10
2016-10-11,24.541666666666668,24,2016-10-11,1,10
2016-10-12,38.958333333333336,24,2016-10-12,2,10
2016-10-13,87.33333333333333,24,2016-10-13,3,10
2016-10-14,47.083333333333336,24,2016-10-14,4,10
2016-10-15,63.5,24,2016-10-15,5,10
2016-10-16,58.041666666666664,24,2016-10-16,6,10
2016-10-17,65.5,24,2016-10-17,0,10
2016-10-18,74.25,24,2016-10-18,1,10
2016-10-19,77.66666666666667,24,2016-10-19,2,10
2016-10-20,58.0,24,2016-10-20,3,10
2016-10-21,70.45833333333333,24,2016-10-21,4,10
2016-10-22,83.83333333333333,24,2016-10-22,5,10
2016-10-23,73.875,24,2016-10-23,6,10
2016-10-24,76.66666666666667,24,2016-10-24,0,10
2016-10-25,79.54166666666667,24,2016-10-25,1,10
2016-10-26,76.5,24,2016-10-26,2,10
2016-10-27,44.416666666666664,24,2016-10-27,3,10
2016-10-28,45.708333333333336,24,2016-10-28,4,10
2016-10-29,40.166666666666664,24,2016-10-29,5,10
2016-10-30,40.708333333333336,24,2016-10-30,6,10
2016-10-31,61.333333333333336,24,2016-10-31,0,10
2016-11-01,58.291666666666664,24,2016-11-01,1,11
2016-11-02,51.416666666666664,24,2016-11-02,2,11
2016-11-03,55.0,24,2016-11-03,3,11
2016-11-04,58.208333333333336,24,2016-11-04,4,11
2016-11-05,26.958333333333332,24,2016-11-05,5,11
2016-11-06,12.458333333333334,24,2016-11-06,6,11
2016-11-07,49.666666666666664,24,2016-11-07,0,11
2016-11-08,91.33333333333333,24,2016-11-08,1,11
2016-11-09,69.875,24,2016-11-09,2,11
2016-11-10,98.45833333333333,24,2016-11-10,3,11
2016-11-11,188.66666666666666,24,2016-11-11,4,11
2016-11-12,136.29166666666666,24,2016-11-12,5,11
2016-11-13,145.3913043478261,23,2016-11-13,6,11
2016-11-14,131.29166666666666,24,2016-11-14,0,11
2016-11-15,154.25,24,2016-11-15,1,11
2016-11-16,120.45833333333333,24,2016-11-16,2,11
2016-11-17,109.45833333333333,24,2016-11-17,3,11
2016-11-18,124.375,24,2016-11-18,4,11
2016-11-19,121.5,24,2016-11-19,5,11
2016-11-20,105.54166666666667,24,2016-11-20,6,11
2016-11-21,100.54166666666667,24,2016-11-21,0,11
2016-11-22,120.5,24,2016-11-22,1,11
2016-11-23,136.25,24,2016-11-23,2,11
2016-11-24,116.79166666666667,24,2016-11-24,3,11
2016-11-25,176.91666666666666,24,2016-11-25,4,11
2016-11-26,112.16666666666667,24,2016-11-26,5,11
2016-11-27,106.45833333333333,24,2016-11-27,6,11
2016-11-28,129.66666666666666,24,2016-11-28,0,11
2016-11-29,109.45833333333333,24,2016-11-29,1,11
2016-11-30,84.41666666666667,24,2016-11-30,2,11
2016-12-01,98.70833333333333,24,2016-12-01,3,12
2016-12-02,107.91666666666667,24,2016-12-02,4,12
2016-12-03,137.91666666666666,24,2016-12-03,5,12
2016-12-04,93.41666666666667,24,2016-12-04,6,12
2016-12-05,130.45833333333334,24,2016-12-05,0,12
2016-12-06,130.20833333333334,24,2016-12-06,1,12
2016-12-07,120.16666666666667,24,2016-12-07,2,12
2016-12-08,113.91666666666667,24,2016-12-08,3,12
2016-12-09,137.75,24,2016-12-09,4,12
2016-12-10,140.29166666666666,24,2016-12-10,5,12
2016-12-11,141.5,24,2016-12-11,6,12
2016-12-12,136.5,24,2016-12-12,0,12
2016-12-13,153.0,24,2016-12-13,1,12
2016-12-14,178.375,24,2016-12-14,2,12
2016-12-15,182.91666666666666,24,2016-12-15,3,12
2016-12-16,167.91666666666666,24,2016-12-16,4,12
2016-12-17,191.70833333333334,24,2016-12-17,5,12
2016-12-18,191.25,24,2016-12-18,6,12
2016-12-19,192.70833333333334,24,2016-12-19,0,12
2016-12-20,169.95833333333334,24,2016-12-20,1,12
2016-12-21,218.41666666666666,24,2016-12-21,2,12
2016-12-22,221.5,24,2016-12-22,3,12
2016-12-23,250.83333333333334,24,2016-12-23,4,12
2016-12-24,269.125,24,2016-12-24,5,12
2016-12-25,196.04166666666666,24,2016-12-25,6,12
2016-12-26,212.5,24,2016-12-26,0,12
2016-12-27,160.66666666666666,24,2016-12-27,1,12
2016-12-28,148.16666666666666,24,2016-12-28,2,12
2016-12-29,157.25,24,2016-12-29,3,12
2016-12-30,168.83333333333334,24,2016-12-30,4,12
2016-12-31,201.83333333333334,24,2016-12-31,5,12
2017-01-01,230.79166666666666,24,2017-01-01,6,1
2017-01-02,210.41666666666666,24,2017-01-02,0,1
2017-01-03,179.625,24,2017-01-03,1,1
2017-01-04,129.20833333333334,24,2017-01-04,2,1
2017-01-05,208.58333333333334,24,2017-01-05,3,1
2017-01-06,,4,2017-01-06,4,1
2017-01-07,,0,2017-01-07,5,1
2017-01-08,,14,2017-01-08,6,1
2017-01-09,201.58333333333334,24,2017-01-09,0,1
2017-01-10,177.70833333333334,24,2017-01-10,1,1
2017-01-11,180.45833333333334,24,2017-01-11,2,1
2017-01-12,137.41666666666666,24,2017-01-12,3,1
2017-01-13,121.75,24,2017-01-13,4,1
2017-01-14,140.70833333333334,24,2017-01-14,5,1
2017-01-15,176.20833333333334,24,2017-01-15,6,1
2017-01-16,173.20833333333334,24,2017-01-16,0,1
2017-01-17,261.7916666666667,24,2017-01-17,1,1
2017-01-18,285.5,24,2017-01-18,2,1
2017-01-19,181.29166666666666,24,2017-01-19,3,1
2017-01-20,205.75,24,2017-01-20,4,1
2017-01-21,194.20833333333334,24,2017-01-21,5,1
2017-01-22,209.91666666666666,24,2017-01-22,6,1
2017-01-23,213.33333333333334,24,2017-01-23,0,1
2017-01-24,216.43478260869566,23,2017-01-24,1,1
2017-01-25,254.04166666666666,24,2017-01-25,2,1
2017-01-26,218.33333333333334,24,2017-01-26,3,1
2017-01-27,290.8333333333333,24,2017-01-27,4,1
2017-01-28,178.75,24,2017-01-28,5,1
2017-01-29,140.75,24,2017-01-29,6,1
2017-01-30,127.08333333333333,24,2017-01-30,0,1
2017-01-31,185.70833333333334,24,2017-01-31,1,1
2017-02-01,193.58333333333334,24,2017-02-01,2,2
2017-02-02,172.20833333333334,24,2017-02-02,3,2
2017-02-03,234.70833333333334,24,2017-02-03,4,2
2017-02-04,164.70833333333334,24,2017-02-04,5,2
2017-02-05,123.5,24,2017-02-05,6,2
2017-02-06,161.33333333333334,24,2017-02-06,0,2
2017-02-07,123.5,24,2017-02-07,1,2
2017-02-08,150.875,24,2017-02-08,2,2
2017-02-09,153.20833333333334,24,2017-02-09,3,2
2017-02-10,246.20833333333334,24,2017-02-10,4,2
2017-02-11,177.45833333333334,24,2017-02-11,5,2
2017-02-12,125.95833333333333,24,2017-02-12,6,2
2017-02-13,172.0,24,2017-02-13,0,2
2017-02-14,215.08333333333334,24,2017-02-14,1,2
2017-02-15,186.2173913043478,23,2017-02-15,2,2
2017-02-16,177.0,23,2017-02-16,3,2
2017-02-17,185.5,24,2017-02-17,4,2
2017-02-18,212.20833333333334,24,2017-02-18,5,2
2017-02-19,269.7083333333333,24,2017-02-19,6,2
2017-02-20,155.1304347826087,23,2017-02-20,0,2
2017-02-21,93.25,24,2017-02-21,1,2
2017-02-22,78.78260869565217,23,2017-02-22,2,2
2017-02-23,,10,2017-02-23,3,2
2017-02-24,,0,2017-02-24,4,2
2017-02-25,,0,2017-02-25,5,2
2017-02-26,,0,2017-02-26,6,2
2017-02-27,,7,2017-02-27,0,2
2017-02-28,181.79166666666666,24,2017-02-28,1,2
2017-03-01,184.875,24,2017-03-01,2,3
2017-03-02,162.95833333333334,24,2017-03-02,3,3
2017-03-03,98.95833333333333,24,2017-03-03,4,3
2017-03-04,83.125,24,2017-03-04,5,3
2017-03-05,52.125,24,2017-03-05,6,3
2017-03-06,71.25,24,2017-03-06,0,3
2017-03-07,118.125,24,2017-03-07,1,3
2017-03-08,100.25,24,2017-03-08,2,3
2017-03-09,68.54166666666667,24,2017-03-09,3,3
2017-03-10,79.58333333333333,24,2017-03-10,4,3
2017-03-11,50.166666666666664,24,2017-03-11,5,3
2017-03-12,91.08695652173913,23,2017-03-12,6,3
2017-03-13,85.08333333333333,24,2017-03-13,0,3
2017-03-14,83.91666666666667,24,2017-03-14,1,3
2017-03-15,121.83333333333333,24,2017-03-15,2,3
2017-03-16,143.125,24,2017-03-16,3,3
2017-03-17,169.75,24,2017-03-17,4,3
2017-03-18,67.91666666666667,24,2017-03-18,5,3
2017-03-19,106.91666666666667,24,2017-03-19,6,3
2017-03-20,58.625,24,2017-03-20,0,3
2017-03-21,100.54166666666667,24,2017-03-21,1,3
2017-03-22,111.66666666666667,24,2017-03-22,2,3
2017-03-23,122.20833333333333,24,2017-03-23,3,3
2017-03-24,119.625,24,2017-03-24,4,3
2017-03-25,55.541666666666664,24,2017-03-25,5,3
2017-03-26,76.45833333333333,24,2017-03-26,6,3
2017-03-27,77.83333333333333,24,2017-03-27,0,3
2017-03-28,54.458333333333336,24,2017-03-28,1,3
2017-03-29,50.869565217391305,23,2017-03-29,2,3
2017-03-30,33.541666666666664,24,2017-03-30,3,3
2017-03-31,44.666666666666664,24,2017-03-31,4,3
2017-04-01,34.083333333333336,24,2017-04-01,5,4
2017-04-02,45.791666666666664,24,2017-04-02,6,4
2017-04-03,40.875,24,2017-04-03,0,4
2017-04-04,35.25,24,2017-04-04,1,4
2017-04-05,46.08695652173913,23,2017-04-05,2,4
2017-04-06,60.125,24,2017-04-06,3,4
2017-04-07,65.91666666666667,24,2017-04-07,4,4
2017-04-08,61.916666666666664,24,2017-04-08,5,4
2017-04-09,68.58333333333333,24,2017-04-09,6,4
2017-04-10,67.91666666666667,24,2017-04-10,0,4
2017-04-11,74.70833333333333,24,2017-04-11,1,4
2017-04-12,86.83333333333333,24,2017-04-12,2,4
2017-04-13,131.58333333333334,24,2017-04-13,3,4
2017-04-14,143.20833333333334,24,2017-04-14,4,4
2017-04-15,61.916666666666664,24,2017-04-15,5,4
2017-04-16,35.166666666666664,24,2017-04-16,6,4
2017-04-17,85.54166666666667,24,2017-04-17,0,4
2017-04-18,53.208333333333336,24,2017-04-18,1,4
2017-04-19,35.166666666666664,24,2017-04-19,2,4
2017-04-20,43.25,24,2017-04-20,3,4
2017-04-21,44.583333333333336,24,2017-04-21,4,4
2017-04-22,32.708333333333336,24,2017-04-22,5,4
2017-04-23,55.208333333333336,24,2017-04-23,6,4
2017-04-24,45.125,24,2017-04-24,0,4
2017-04-25,64.5,24,2017-04-25,1,4
2017-04-26,72.25,24,2017-04-26,2,4
2017-04-27,58.5,24,2017-04-27,3,4
2017-04-28,63.208333333333336,24,2017-04-28,4,4
2017-04-29,42.583333333333336,24,2017-04-29,5,4
2017-04-30,59.416666666666664,24,2017-04-30,6,4
2017-05-01,40.0,24,2017-05-01,0,5
2017-05-02,57.666666666666664,24,2017-05-02,1,5
2017-05-03,90.91666666666667,24,2017-05-03,2,5
2017-05-04,57.916666666666664,24,2017-05-04,3,5
2017-05-05,57.791666666666664,24,2017-05-05,4,5
2017-05-06,39.708333333333336,24,2017-05-06,5,5
2017-05-07,36.833333333333336,24,2017-05-07,6,5
2017-05-08,44.458333333333336,24,2017-05-08,0,5
2017-05-09,44.25,24,2017-05-09,1,5
2017-05-10,80.95833333333333,24,2017-05-10,2,5
2017-05-11,42.041666666666664,24,2017-05-11,3,5
2017-05-12,58.833333333333336,24,2017-05-12,4,5
2017-05-13,57.625,24,2017-05-13,5,5
2017-05-14,47.166666666666664,24,2017-05-14,6,5
2017-05-15,29.875,24,2017-05-15,0,5
2017-05-16,41.375,24,2017-05-16,1,5
2017-05-17,46.458333333333336,24,2017-05-17,2,5
2017-05-18,37.125,24,2017-05-18,3,5
2017-05-19,58.625,24,2017-05-19,4,5
2017-05-20,55.708333333333336,24,2017-05-20,5,5
2017-05-21,46.333333333333336,24,2017-05-21,6,5
2017-05-22,47.625,24,2017-05-22,0,5
2017-05-23,49.291666666666664,24,2017-05-23,1,5
2017-05-24,46.85,20,2017-05-24,2,5
2017-05-25,38.125,24,2017-05-25,3,5
2017-05-26,37.041666666666664,24,2017-05-26,4,5
2017-05-27,59.625,24,2017-05-27,5,5
2017-05-28,71.25,24,2017-05-28,6,5
2017-05-29,58.608695652173914,23,2017-05-29,0,5
2017-05-30,21.333333333333332,24,2017-05-30,1,5
2017-05-31,61.0,24,2017-05-31,2,5
2017-06-01,36.333333333333336,24,2017-06-01,3,6
2017-06-02,34.0,24,2017-06-02,4,6
2017-06-03,41.625,24,2017-06-03,5,6
2017-06-04,37.791666666666664,24,2017-06-04,6,6
2017-06-05,42.625,24,2017-06-05,0,6
2017-06-06,59.666666666666664,24,2017-06-06,1,6
2017-06-07,59.208333333333336,24,2017-06-07,2,6
2017-06-08,61.708333333333336,24,2017-06-08,3,6
2017-06-09,50.458333333333336,24,2017-06-09,4,6
2017-06-10,35.791666666666664,24,2017-06-10,5,6
2017-06-11,13.208333333333334,24,2017-06-11,6,6
2017-06-12,9.217391304347826,23,2017-06-12,0,6
2017-06-13,35.583333333333336,24,2017-06-13,1,6
2017-06-14,37.916666666666664,24,2017-06-14,2,6
2017-06-15,24.708333333333332,24,2017-06-15,3,6
2017-06-16,20.541666666666668,24,2017-06-16,4,6
2017-06-17,41.041666666666664,24,2017-06-17,5,6
2017-06-18,35.833333333333336,24,2017-06-18,6,6
2017-06-19,42.916666666666664,24,2017-06-19,0,6
2017-06-20,51.333333333333336,24,2017-06-20,1,6
2017-06-21,46.73913043478261,23,2017-06-21,2,6
2017-06-22,36.708333333333336,24,2017-06-22,3,6
2017-06-23,30.416666666666668,24,2017-06-23,4,6
2017-06-24,21.916666666666668,24,2017-06-24,5,6
2017-06-25,9.75,24,2017-06-25,6,6
2017-06-26,9.4,20,2017-06-26,0,6
2017-06-27,8.416666666666666,24,2017-06-27,1,6
2017-06-28,11.708333333333334,24,2017-06-28,2,6
2017-06-29,13.291666666666666,24,2017-06-29,3,6
2017-06-30,18.041666666666668,24,2017-06-30,4,6
2017-07-01,13.916666666666666,24,2017-07-01,5,7
2017-07-02,17.125,24,2017-07-02,6,7
2017-07-03,33.791666666666664,24,2017-07-03,0,7
2017-07-04,38.833333333333336,24,2017-07-04,1,7
2017-07-05,28.583333333333332,24,2017-07-05,2,7
2017-07-06,29.166666666666668,24,2017-07-06,3,7
2017-07-07,32.666666666666664,24,2017-07-07,4,7
2017-07-08,34.333333333333336,24,2017-07-08,5,7
2017-07-09,26.916666666666668,24,2017-07-09,6,7
2017-07-10,32.25,24,2017-07-10,0,7
2017-07-11,34.916666666666664,24,2017-07-11,1,7
2017-07-12,32.291666666666664,24,2017-07-12,2,7
2017-07-13,25.958333333333332,24,2017-07-13,3,7
2017-07-14,23.82608695652174,23,2017-07-14,4,7
2017-07-15,28.52173913043478,23,2017-07-15,5,7
2017-07-16,31.458333333333332,24,2017-07-16,6,7
2017-07-17,25.75,20,2017-07-17,0,7
2017-07-18,,6,2017-07-18,1,7
2017-07-19,13.541666666666666,24,2017-07-19,2,7
2017-07-20,22.208333333333332,24,2017-07-20,3,7
2017-07-21,16.666666666666668,24,2017-07-21,4,7
2017-07-22,17.291666666666668,24,2017-07-22,5,7
2017-07-23,19.291666666666668,24,2017-07-23,6,7
2017-07-24,20.291666666666668,24,2017-07-24,0,7
2017-07-25,33.5,24,2017-07-25,1,7
2017-07-26,30.083333333333332,24,2017-07-26,2,7
2017-07-27,35.333333333333336,24,2017-07-27,3,7
2017-07-28,46.708333333333336,24,2017-07-28,4,7
2017-07-29,44.333333333333336,24,2017-07-29,5,7
2017-07-30,62.958333333333336,24,2017-07-30,6,7
2017-07-31,47.083333333333336,24,2017-07-31,0,7
2017-08-01,37.291666666666664,24,2017-08-01,1,8
2017-08-02,46.09090909090909,22,2017-08-02,2,8
2017-08-03,52.0,23,2017-08-03,3,8
2017-08-04,37.875,24,2017-08-04,4,8
2017-08-05,22.458333333333332,24,2017-08-05,5,8
2017-08-06,36.958333333333336,24,2017-08-06,6,8
2017-08-07,27.708333333333332,24,2017-08-07,0,8
2017-08-08,37.25,24,2017-08-08,1,8
2017-08-09,29.958333333333332,24,2017-08-09,2,8
2017-08-10,24.25,24,2017-08-10,3,8
2017-08-11,34.5,24,2017-08-11,4,8
2017-08-12,28.125,24,2017-08-12,5,8
2017-08-13,35.375,24,2017-08-13,6,8
2017-08-14,50.541666666666664,24,2017-08-14,0,8
2017-08-15,39.5,24,2017-08-15,1,8
2017-08-16,63.43478260869565,23,2017-08-16,2,8
2017-08-17,44.541666666666664,24,2017-08-17,3,8
2017-08-18,25.041666666666668,24,2017-08-18,4,8
2017-08-19,21.125,24,2017-08-19,5,8
2017-08-20,29.291666666666668,24,2017-08-20,6,8
2017-08-21,46.5,24,2017-08-21,0,8
2017-08-22,38.416666666666664,24,2017-08-22,1,8
2017-08-23,24.125,24,2017-08-23,2,8
2017-08-24,24.695652173913043,23,2017-08-24,3,8
2017-08-25,27.791666666666668,24,2017-08-25,4,8
2017-08-26,22.25,24,2017-08-26,5,8
2017-08-27,19.541666666666668,24,2017-08-27,6,8
2017-08-28,22.782608695652176,23,2017-08-28,0,8
2017-08-29,30.625,24,2017-08-29,1,8
2017-08-30,22.75,24,2017-08-30,2,8
2017-08-31,28.5,24,2017-08-31,3,8
2017-09-01,17.958333333333332,24,2017-09-01,4,9
2017-09-02,21.666666666666668,24,2017-09-02,5,9
2017-09-03,25.208333333333332,24,2017-09-03,6,9
2017-09-04,29.75,24,2017-09-04,0,9
2017-09-05,43.458333333333336,24,2017-09-05,1,9
2017-09-06,53.375,24,2017-09-06,2,9
2017-09-07,35.083333333333336,24,2017-09-07,3,9
2017-09-08,19.708333333333332,24,2017-09-08,4,9
2017-09-09,18.25,24,2017-09-09,5,9
2017-09-10,25.416666666666668,24,2017-09-10,6,9
2017-09-11,54.875,24,2017-09-11,0,9
2017-09-12,33.625,24,2017-09-12,1,9
2017-09-13,44.333333333333336,24,2017-09-13,2,9
2017-09-14,35.875,24,2017-09-14,3,9
2017-09-15,58.458333333333336,24,2017-09-15,4,9
2017-09-16,52.08695652173913,23,2017-09-16,5,9
2017-09-17,41.541666666666664,24,2017-09-17,6,9
2017-09-18,17.041666666666668,24,2017-09-18,0,9
2017-09-19,17.375,24,2017-09-19,1,9
2017-09-20,21.583333333333332,24,2017-09-20,2,9
2017-09-21,28.791666666666668,24,2017-09-21,3,9
2017-09-22,27.095238095238095,21,2017-09-22,4,9
2017-09-23,,0,2017-09-23,5,9
2017-09-24,,6,2017-09-24,6,9
2017-09-25,63.608695652173914,23,2017-09-25,0,9
2017-09-26,81.125,24,2017-09-26,1,9
2017-09-27,80.91666666666667,24,2017-09-27,2,9
2017-09-28,32.958333333333336,24,2017-09-28,3,9
2017-09-29,19.26086956521739,23,2017-09-29,4,9
2017-09-30,37.333333333333336,24,2017-09-30,5,9
2017-10-01,45.958333333333336,24,2017-10-01,6,10
2017-10-02,43.791666666666664,24,2017-10-02,0,10
2017-10-03,71.20833333333333,24,2017-10-03,1,10
2017-10-04,47.08695652173913,23,2017-10-04,2,10
2017-10-05,46.291666666666664,24,2017-10-05,3,10
2017-10-06,58.75,24,2017-10-06,4,10
2017-10-07,21.625,24,2017-10-07,5,10
2017-10-08,13.333333333333334,24,2017-10-08,6,10
2017-10-09,13.958333333333334,24,2017-10-09,0,10
2017-10-10,29.291666666666668,24,2017-10-10,1,10
2017-10-11,46.291666666666664,24,2017-10-11,2,10
2017-10-12,46.75,24,2017-10-12,3,10
2017-10-13,22.166666666666668,24,2017-10-13,4,10
2017-10-14,19.333333333333332,24,2017-10-14,5,10
2017-10-15,74.125,24,2017-10-15,6,10
2017-10-16,91.625,24,2017-10-16,0,10
2017-10-17,86.0,24,2017-10-17,1,10
2017-10-18,47.583333333333336,24,2017-10-18,2,10
2017-10-19,25.458333333333332,24,2017-10-19,3,10
2017-10-20,14.25,24,2017-10-20,4,10
2017-10-21,10.416666666666666,24,2017-10-21,5,10
2017-10-22,29.0,22,2017-10-22,6,10
2017-10-23,56.583333333333336,24,2017-10-23,0,10
2017-10-24,75.70833333333333,24,2017-10-24,1,10
2017-10-25,98.625,24,2017-10-25,2,10
2017-10-26,69.83333333333333,24,2017-10-26,3,10
2017-10-27,89.79166666666667,24,2017-10-27,4,10
2017-10-28,80.625,24,2017-10-28,5,10
2017-10-29,82.45833333333333,24,2017-10-29,6,10
2017-10-30,,10,2017-10-30,0,10
2017-10-31,,8,2017-10-31,1,10
2017-11-01,51.708333333333336,24,2017-11-01,2,11
2017-11-02,63.75,24,2017-11-02,3,11
2017-11-03,64.08333333333333,24,2017-11-03,4,11
2017-11-04,43.0,24,2017-11-04,5,11
2017-11-05,45.625,24,2017-11-05,6,11
2017-11-06,59.5,24,2017-11-06,0,11
2017-11-07,61.583333333333336,24,2017-11-07,1,11
2017-11-08,54.875,24,2017-11-08,2,11
2017-11-09,76.66666666666667,24,2017-11-09,3,11
2017-11-10,70.375,24,2017-11-10,4,11
2017-11-11,75.625,24,2017-11-11,5,11
2017-11-12,78.95833333333333,24,2017-11-12,6,11
2017-11-13,61.25,24,2017-11-13,0,11
2017-11-14,50.75,24,2017-11-14,1,11
2017-11-15,52.875,24,2017-11-15,2,11
2017-11-16,28.375,24,2017-11-16,3,11
2017-11-17,32.916666666666664,24,2017-11-17,4,11
2017-11-18,47.958333333333336,24,2017-11-18,5,11
2017-11-19,71.29166666666667,24,2017-11-19,6,11
2017-11-20,122.45833333333333,24,2017-11-20,0,11
2017-11-21,135.08333333333334,24,2017-11-21,1,11
2017-11-22,120.70833333333333,24,2017-11-22,2,11
2017-11-23,178.20833333333334,24,2017-11-23,3,11
2017-11-24,147.04166666666666,24,2017-11-24,4,11
2017-11-25,148.20833333333334,24,2017-11-25,5,11
2017-11-26,145.29166666666666,24,2017-11-26,6,11
2017-11-27,130.5,24,2017-11-27,0,11
2017-11-28,253.66666666666666,24,2017-11-28,1,11
2017-11-29,239.625,24,2017-11-29,2,11
2017-11-30,144.08333333333334,24,2017-11-30,3,11
2017-12-01,130.16666666666666,24,2017-12-01,4,12
2017-12-02,137.75,24,2017-12-02,5,12
2017-12-03,105.16666666666667,24,2017-12-03,6,12
2017-12-04,115.33333333333333,24,2017-12-04,0,12
2017-12-05,136.91666666666666,24,2017-12-05,1,12
2017-12-06,121.875,24,2017-12-06,2,12
2017-12-07,115.33333333333333,24,2017-12-07,3,12
2017-12-08,86.66666666666667,24,2017-12-08,4,12
2017-12-09,37.625,24,2017-12-09,5,12
2017-12-10,14.583333333333334,24,2017-12-10,6,12
2017-12-11,37.416666666666664,24,2017-12-11,0,12
2017-12-12,93.5,24,2017-12-12,1,12
2017-12-13,207.625,24,2017-12-13,2,12
2017-12-14,204.125,24,2017-12-14,3,12
2017-12-15,149.33333333333334,24,2017-12-15,4,12
2017-12-16,151.91666666666666,24,2017-12-16,5,12
2017-12-17,183.66666666666666,24,2017-12-17,6,12
2017-12-18,120.45833333333333,24,2017-12-18,0,12
2017-12-19,136.29166666666666,24,2017-12-19,1,12
2017-12-20,152.375,24,2017-12-20,2,12
2017-12-21,153.70833333333334,24,2017-12-21,3,12
2017-12-22,146.375,24,2017-12-22,4,12
2017-12-23,157.79166666666666,24,2017-12-23,5,12
2017-12-24,180.95833333333334,24,2017-12-24,6,12
2017-12-25,153.25,24,2017-12-25,0,12
2017-12-26,164.16666666666666,24,2017-12-26,1,12
2017-12-27,175.875,24,2017-12-27,2,12
2017-12-28,183.33333333333334,24,2017-12-28,3,12
2017-12-29,166.54166666666666,24,2017-12-29,4,12
2017-12-30,121.25,24,2017-12-30,5,12
2017-12-31,142.58333333333334,24,2017-12-31,6,12
2018-01-01,153.625,24,2018-01-01,0,1
2018-01-02,166.125,24,2018-01-02,1,1
2018-01-03,146.29166666666666,24,2018-01-03,2,1
2018-01-04,184.70833333333334,24,2018-01-04,3,1
2018-01-05,,0,2018-01-05,4,1
2018-01-06,,0,2018-01-06,5,1
2018-01-07,,0,2018-01-07,6,1
2018-01-08,,12,2018-01-08,0,1
2018-01-09,193.41666666666666,24,2018-01-09,1,1
2018-01-10,223.0,24,2018-01-10,2,1
2018-01-11,256.2916666666667,24,2018-01-11,3,1
2018-01-12,248.16666666666666,24,2018-01-12,4,1
2018-01-13,256.4166666666667,24,2018-01-13,5,1
2018-01-14,276.2916666666667,24,2018-01-14,6,1
2018-01-15,220.33333333333334,24,2018-01-15,0,1
2018-01-16,206.91666666666666,24,2018-01-16,1,1
2018-01-17,220.125,24,2018-01-17,2,1
2018-01-18,158.875,24,2018-01-18,3,1
2018-01-19,156.70833333333334,24,2018-01-19,4,1
2018-01-20,154.70833333333334,24,2018-01-20,5,1
2018-01-21,214.66666666666666,24,2018-01-21,6,1
2018-01-22,217.625,24,2018-01-22,0,1
2018-01-23,205.79166666666666,24,2018-01-23,1,1
2018-01-24,230.66666666666666,24,2018-01-24,2,1
2018-01-25,190.125,24,2018-01-25,3,1
2018-01-26,128.41666666666666,24,2018-01-26,4,1
2018-01-27,152.29166666666666,24,2018-01-27,5,1
2018-01-28,181.75,24,2018-01-28,6,1
2018-01-29,232.20833333333334,24,2018-01-29,0,1
2018-01-30,277.5,24,2018-01-30,1,1
2018-01-31,205.7391304347826,23,2018-01-31,2,1
2018-02-01,198.54166666666666,24,2018-02-01,3,2
2018-02-02,282.25,24,2018-02-02,4,2
2018-02-03,289.875,24,2018-02-03,5,2
2018-02-04,205.70833333333334,24,2018-02-04,6,2
2018-02-05,151.83333333333334,24,2018-02-05,0,2
2018-02-06,216.66666666666666,24,2018-02-06,1,2
2018-02-07,276.2083333333333,24,2018-02-07,2,2
2018-02-08,109.125,24,2018-02-08,3,2
2018-02-09,123.66666666666667,24,2018-02-09,4,2
2018-02-10,116.16666666666667,24,2018-02-10,5,2
2018-02-11,110.58333333333333,24,2018-02-11,6,2
2018-02-12,144.70833333333334,24,2018-02-12,0,2
2018-02-13,132.5,24,2018-02-13,1,2
2018-02-14,107.20833333333333,24,2018-02-14,2,2
2018-02-15,124.16666666666667,24,2018-02-15,3,2
2018-02-16,127.5,24,2018-02-16,4,2
2018-02-17,159.75,24,2018-02-17,5,2
2018-02-18,207.33333333333334,24,2018-02-18,6,2
2018-02-19,166.16666666666666,24,2018-02-19,0,2
2018-02-20,205.2608695652174,23,2018-02-20,1,2
2018-02-21,172.95833333333334,24,2018-02-21,2,2
2018-02-22,164.25,24,2018-02-22,3,2
2018-02-23,161.91666666666666,24,2018-02-23,4,2
2018-02-24,117.125,24,2018-02-24,5,2
2018-02-25,143.375,24,2018-02-25,6,2
2018-02-26,72.70833333333333,24,2018-02-26,0,2
2018-02-27,109.20833333333333,24,2018-02-27,1,2
2018-02-28,101.54166666666667,24,2018-02-28,2,2
2018-03-01,129.375,24,2018-03-01,3,3
2018-03-02,166.08333333333334,24,2018-03-02,4,3
2018-03-03,77.20833333333333,24,2018-03-03,5,3
2018-03-04,84.58333333333333,24,2018-03-04,6,3
2018-03-05,76.625,24,2018-03-05,0,3
2018-03-06,122.54166666666667,24,2018-03-06,1,3
2018-03-07,93.83333333333333,24,2018-03-07,2,3
2018-03-08,104.16666666666667,24,2018-03-08,3,3
2018-03-09,132.75,24,2018-03-09,4,3
2018-03-10,154.79166666666666,24,2018-03-10,5,3
2018-03-11,210.56521739130434,23,2018-03-11,6,3
2018-03-12,135.69565217391303,23,2018-03-12,0,3
2018-03-13,63.458333333333336,24,2018-03-13,1,3
2018-03-14,125.79166666666667,24,2018-03-14,2,3
2018-03-15,77.5,24,2018-03-15,3,3
2018-03-16,65.58333333333333,24,2018-03-16,4,3
2018-03-17,90.83333333333333,24,2018-03-17,5,3
2018-03-18,125.95833333333333,24,2018-03-18,6,3
2018-03-19,134.95833333333334,24,2018-03-19,0,3
2018-03-20,114.875,24,2018-03-20,1,3
2018-03-21,155.85,20,2018-03-21,2,3
2018-03-22,153.58333333333334,24,2018-03-22,3,3
2018-03-23,126.9090909090909,22,2018-03-23,4,3
2018-03-24,83.47619047619048,21,2018-03-24,5,3
2018-03-25,123.16666666666667,24,2018-03-25,6,3
2018-03-26,91.85714285714286,21,2018-03-26,0,3
2018-03-27,88.72727272727273,22,2018-03-27,1,3
2018-03-28,91.6,20,2018-03-28,2,3
2018-03-29,66.76190476190476,21,2018-03-29,3,3
2018-03-30,54.94736842105263,19,2018-03-30,4,3
2018-03-31,48.43478260869565,23,2018-03-31,5,3
2018-04-01,89.26315789473684,19,2018-04-01,6,4
2018-04-02,83.875,24,2018-04-02,0,4
2018-04-03,133.22222222222223,18,2018-04-03,1,4
2018-04-04,,17,2018-04-04,2,4
2018-04-05,129.05263157894737,19,2018-04-05,3,4
2018-04-06,58.1578947368421,19,2018-04-06,4,4
2018-04-07,51.666666666666664,21,2018-04-07,5,4
2018-04-08,70.61904761904762,21,2018-04-08,6,4
2018-04-09,85.72727272727273,22,2018-04-09,0,4
2018-04-10,63.833333333333336,18,2018-04-10,1,4
2018-04-11,86.11111111111111,18,2018-04-11,2,4
2018-04-12,,17,2018-04-12,3,4
2018-04-13,58.523809523809526,21,2018-04-13,4,4
2018-04-14,33.36842105263158,19,2018-04-14,5,4
2018-04-15,,16,2018-04-15,6,4
2018-04-16,,17,2018-04-16,0,4
2018-04-17,64.42857142857143,21,2018-04-17,1,4
2018-04-18,80.77272727272727,22,2018-04-18,2,4
2018-04-19,39.36842105263158,19,2018-04-19,3,4
2018-04-20,71.81818181818181,22,2018-04-20,4,4
2018-04-21,59.86363636363637,22,2018-04-21,5,4
2018-04-22,,10,2018-04-22,6,4
2018-04-23,,14,2018-04-23,0,4
2018-04-24,,12,2018-04-24,1,4
2018-04-25,,10,2018-04-25,2,4
2018-04-26,49.791666666666664,24,2018-04-26,3,4
2018-04-27,56.708333333333336,24,2018-04-27,4,4
2018-04-28,73.91666666666667,24,2018-04-28,5,4
2018-04-29,37.208333333333336,24,2018-04-29,6,4
2018-04-30,32.26086956521739,23,2018-04-30,0,4
2018-05-01,30.791666666666668,24,2018-05-01,1,5
2018-05-02,37.458333333333336,24,2018-05-02,2,5
2018-05-03,54.083333333333336,24,2018-05-03,3,5
2018-05-04,54.333333333333336,24,2018-05-04,4,5
2018-05-05,42.5,24,2018-05-05,5,5
2018-05-06,34.208333333333336,24,2018-05-06,6,5
2018-05-07,36.5,24,2018-05-07,0,5
2018-05-08,36.666666666666664,24,2018-05-08,1,5
2018-05-09,38.291666666666664,24,2018-05-09,2,5
2018-05-10,26.666666666666668,24,2018-05-10,3,5
2018-05-11,27.208333333333332,24,2018-05-11,4,5
2018-05-12,47.916666666666664,24,2018-05-12,5,5
2018-05-13,72.25,24,2018-05-13,6,5
2018-05-14,49.75,24,2018-05-14,0,5
2018-05-15,63.041666666666664,24,2018-05-15,1,5
2018-05-16,61.958333333333336,24,2018-05-16,2,5
2018-05-17,53.43478260869565,23,2018-05-17,3,5
2018-05-18,,11,2018-05-18,4,5
2018-05-19,40.75,24,2018-05-19,5,5
2018-05-20,44.875,24,2018-05-20,6,5
2018-05-21,47.583333333333336,24,2018-05-21,0,5
2018-05-22,55.25,24,2018-05-22,1,5
2018-05-23,38.958333333333336,24,2018-05-23,2,5
2018-05-24,45.083333333333336,24,2018-05-24,3,5
2018-05-25,21.791666666666668,24,2018-05-25,4,5
2018-05-26,35.25,24,2018-05-26,5,5
2018-05-27,20.875,24,2018-05-27,6,5
2018-05-28,,11,2018-05-28,0,5
2018-05-29,30.75,24,2018-05-29,1,5
2018-05-30,62.5,24,2018-05-30,2,5
2018-05-31,41.458333333333336,24,2018-05-31,3,5
2018-06-01,33.75,24,2018-06-01,4,6
2018-06-02,42.25,24,2018-06-02,5,6
2018-06-03,60.291666666666664,24,2018-06-03,6,6
2018-06-04,52.875,24,2018-06-04,0,6
2018-06-05,39.34782608695652,23,2018-06-05,1,6
2018-06-06,34.708333333333336,24,2018-06-06,2,6
2018-06-07,34.0,24,2018-06-07,3,6
2018-06-08,23.666666666666668,21,2018-06-08,4,6
2018-06-09,39.47826086956522,23,2018-06-09,5,6
2018-06-10,21.125,24,2018-06-10,6,6
2018-06-11,20.130434782608695,23,2018-06-11,0,6
2018-06-12,32.083333333333336,24,2018-06-12,1,6
2018-06-13,35.333333333333336,24,2018-06-13,2,6
2018-06-14,49.833333333333336,24,2018-06-14,3,6
2018-06-15,49.125,24,2018-06-15,4,6
2018-06-16,25.166666666666668,24,2018-06-16,5,6
2018-06-17,36.916666666666664,24,2018-06-17,6,6
2018-06-18,42.333333333333336,24,2018-06-18,0,6
2018-06-19,,12,2018-06-19,1,6
2018-06-20,40.375,24,2018-06-20,2,6
2018-06-21,49.375,24,2018-06-21,3,6
2018-06-22,28.125,24,2018-06-22,4,6
2018-06-23,37.625,24,2018-06-23,5,6
2018-06-24,32.73913043478261,23,2018-06-24,6,6
2018-06-25,34.130434782608695,23,2018-06-25,0,6
2018-06-26,30.5,22,2018-06-26,1,6
2018-06-27,16.73913043478261,23,2018-06-27,2,6
2018-06-28,,16,2018-06-28,3,6
2018-06-29,36.27272727272727,22,2018-06-29,4,6
2018-06-30,31.0,24,2018-06-30,5,6
2018-07-01,29.125,24,2018-07-01,6,7
2018-07-02,25.26086956521739,23,2018-07-02,0,7
2018-07-03,24.125,24,2018-07-03,1,7
2018-07-04,32.666666666666664,24,2018-07-04,2,7
2018-07-05,41.21739130434783,23,2018-07-05,3,7
2018-07-06,44.666666666666664,21,2018-07-06,4,7
2018-07-07,29.916666666666668,24,2018-07-07,5,7
2018-07-08,21.391304347826086,23,2018-07-08,6,7
2018-07-09,24.1,20,2018-07-09,0,7
2018-07-10,29.708333333333332,24,2018-07-10,1,7
2018-07-11,33.65217391304348,23,2018-07-11,2,7
2018-07-12,,12,2018-07-12,3,7
2018-07-13,27.73913043478261,23,2018-07-13,4,7
2018-07-14,19.272727272727273,22,2018-07-14,5,7
2018-07-15,13.631578947368421,19,2018-07-15,6,7
2018-07-16,14.458333333333334,24,2018-07-16,0,7
2018-07-17,28.875,24,2018-07-17,1,7
2018-07-18,26.227272727272727,22,2018-07-18,2,7
2018-07-19,38.43478260869565,23,2018-07-19,3,7
2018-07-20,47.08695652173913,23,2018-07-20,4,7
2018-07-21,10.956521739130435,23,2018-07-21,5,7
2018-07-22,15.666666666666666,21,2018-07-22,6,7
2018-07-23,33.34782608695652,23,2018-07-23,0,7
2018-07-24,34.55,20,2018-07-24,1,7
2018-07-25,32.05555555555556,18,2018-07-25,2,7
2018-07-26,29.17391304347826,23,2018-07-26,3,7
2018-07-27,32.52173913043478,23,2018-07-27,4,7
2018-07-28,54.77272727272727,22,2018-07-28,5,7
2018-07-29,49.333333333333336,24,2018-07-29,6,7
2018-07-30,37.285714285714285,21,2018-07-30,0,7
2018-07-31,36.17391304347826,23,2018-07-31,1,7
2018-08-01,20.80952380952381,21,2018-08-01,2,8
2018-08-02,41.541666666666664,24,2018-08-02,3,8
2018-08-03,45.65217391304348,23,2018-08-03,4,8
2018-08-04,49.916666666666664,24,2018-08-04,5,8
2018-08-05,77.33333333333333,21,2018-08-05,6,8
2018-08-06,41.17391304347826,23,2018-08-06,0,8
2018-08-07,25.791666666666668,24,2018-08-07,1,8
2018-08-08,37.333333333333336,21,2018-08-08,2,8
2018-08-09,47.59090909090909,22,2018-08-09,3,8
2018-08-10,49.75,24,2018-08-10,4,8
2018-08-11,34.541666666666664,24,2018-08-11,5,8
2018-08-12,33.875,24,2018-08-12,6,8
2018-08-13,,16,2018-08-13,0,8
2018-08-14,24.82608695652174,23,2018-08-14,1,8
2018-08-15,12.958333333333334,24,2018-08-15,2,8
2018-08-16,28.25,24,2018-08-16,3,8
2018-08-17,,12,2018-08-17,4,8
2018-08-18,,0,2018-08-18,5,8
2018-08-19,,0,2018-08-19,6,8
2018-08-20,,0,2018-08-20,0,8
2018-08-21,,0,2018-08-21,1,8
2018-08-22,,0,2018-08-22,2,8
2018-08-23,,0,2018-08-23,3,8
2018-08-24,,0,2018-08-24,4,8
2018-08-25,,0,2018-08-25,5,8
2018-08-26,,0,2018-08-26,6,8
2018-08-27,,0,2018-08-27,0,8
2018-08-28,,0,2018-08-28,1,8
2018-08-29,,0,2018-08-29,2,8
2018-08-30,,0,2018-08-30,3,8
2018-08-31,,0,2018-08-31,4,8
2018-09-01,,0,2018-09-01,5,9
2018-09-02,,0,2018-09-02,6,9
2018-09-03,,0,2018-09-03,0,9
2018-09-04,,0,2018-09-04,1,9
2018-09-05,,0,2018-09-05,2,9
2018-09-06,,0,2018-09-06,3,9
2018-09-07,,0,2018-09-07,4,9
2018-09-08,,0,2018-09-08,5,9
2018-09-09,,0,2018-09-09,6,9
2018-09-10,,0,2018-09-10,0,9
2018-09-11,,0,2018-09-11,1,9
2018-09-12,,0,2018-09-12,2,9
2018-09-13,,0,2018-09-13,3,9
2018-09-14,,0,2018-09-14,4,9
2018-09-15,,0,2018-09-15,5,9
2018-09-16,,0,2018-09-16,6,9
2018-09-17,,0,2018-09-17,0,9
2018-09-18,,0,2018-09-18,1,9
2018-09-19,,0,2018-09-19,2,9
2018-09-20,,0,2018-09-20,3,9
2018-09-21,,0,2018-09-21,4,9
2018-09-22,,0,2018-09-22,5,9
2018-09-23,,0,2018-09-23,6,9
2018-09-24,,0,2018-09-24,0,9
2018-09-25,,0,2018-09-25,1,9
2018-09-26,,0,2018-09-26,2,9
2018-09-27,,0,2018-09-27,3,9
2018-09-28,,0,2018-09-28,4,9
2018-09-29,,0,2018-09-29,5,9
2018-09-30,,0,2018-09-30,6,9
2018-10-01,,0,2018-10-01,0,10
2018-10-02,,0,2018-10-02,1,10
2018-10-03,,0,2018-10-03,2,10
2018-10-04,,0,2018-10-04,3,10
2018-10-05,,0,2018-10-05,4,10
2018-10-06,,0,2018-10-06,5,10
2018-10-07,,0,2018-10-07,6,10
2018-10-08,,0,2018-10-08,0,10
2018-10-09,,0,2018-10-09,1,10
2018-10-10,,0,2018-10-10,2,10
2018-10-11,,0,2018-10-11,3,10
2018-10-12,,0,2018-10-12,4,10
2018-10-13,,0,2018-10-13,5,10
2018-10-14,,0,2018-10-14,6,10
2018-10-15,,0,2018-10-15,0,10
2018-10-16,,0,2018-10-16,1,10
2018-10-17,,0,2018-10-17,2,10
2018-10-18,,0,2018-10-18,3,10
2018-10-19,,0,2018-10-19,4,10
2018-10-20,,0,2018-10-20,5,10
2018-10-21,,0,2018-10-21,6,10
2018-10-22,,0,2018-10-22,0,10
2018-10-23,,0,2018-10-23,1,10
2018-10-24,,0,2018-10-24,2,10
2018-10-25,,0,2018-10-25,3,10
2018-10-26,,0,2018-10-26,4,10
2018-10-27,,0,2018-10-27,5,10
2018-10-28,,0,2018-10-28,6,10
2018-10-29,,0,2018-10-29,0,10
2018-10-30,,0,2018-10-30,1,10
2018-10-31,,0,2018-10-31,2,10
2018-11-01,,14,2018-11-01,3,11
2018-11-02,108.79166666666667,24,2018-11-02,4,11
2018-11-03,84.08333333333333,24,2018-11-03,5,11
2018-11-04,84.41666666666667,24,2018-11-04,6,11
2018-11-05,63.91304347826087,23,2018-11-05,0,11
2018-11-06,93.47826086956522,23,2018-11-06,1,11
2018-11-07,123.33333333333333,24,2018-11-07,2,11
2018-11-08,112.52173913043478,23,2018-11-08,3,11
2018-11-09,150.83333333333334,24,2018-11-09,4,11
2018-11-10,240.45833333333334,24,2018-11-10,5,11
2018-11-11,160.79166666666666,24,2018-11-11,6,11
2018-11-12,149.29166666666666,24,2018-11-12,0,11
2018-11-13,112.375,24,2018-11-13,1,11
2018-11-14,182.41666666666666,24,2018-11-14,2,11
2018-11-15,245.20833333333334,24,2018-11-15,3,11
2018-11-16,188.125,24,2018-11-16,4,11
2018-11-17,129.75,24,2018-11-17,5,11
2018-11-18,146.54166666666666,24,2018-11-18,6,11
2018-11-19,140.25,24,2018-11-19,0,11
2018-11-20,175.45833333333334,24,2018-11-20,1,11
2018-11-21,120.29166666666667,24,2018-11-21,2,11
2018-11-22,131.70833333333334,24,2018-11-22,3,11
2018-11-23,145.0,24,2018-11-23,4,11
2018-11-24,125.91666666666667,24,2018-11-24,5,11
2018-11-25,84.5,24,2018-11-25,6,11
2018-11-26,137.33333333333334,24,2018-11-26,0,11
2018-11-27,101.08333333333333,24,2018-11-27,1,11
2018-11-28,85.16666666666667,24,2018-11-28,2,11
2018-11-29,127.16666666666667,24,2018-11-29,3,11
2018-11-30,103.75,24,2018-11-30,4,11
2018-12-01,,3,2018-12-01,5,12
2018-12-02,,16,2018-12-02,6,12
2018-12-03,127.625,24,2018-12-03,0,12
2018-12-04,158.33333333333334,24,2018-12-04,1,12
2018-12-05,125.25,24,2018-12-05,2,12
2018-12-06,181.20833333333334,24,2018-12-06,3,12
2018-12-07,180.79166666666666,24,2018-12-07,4,12
2018-12-08,192.91666666666666,24,2018-12-08,5,12
2018-12-09,147.125,24,2018-12-09,6,12
2018-12-10,160.95833333333334,24,2018-12-10,0,12
2018-12-11,163.29166666666666,24,2018-12-11,1,12
2018-12-12,224.66666666666666,24,2018-12-12,2,12
2018-12-13,182.79166666666666,24,2018-12-13,3,12
2018-12-14,146.47826086956522,23,2018-12-14,4,12
2018-12-15,153.70833333333334,24,2018-12-15,5,12
2018-12-16,148.875,24,2018-12-16,6,12
2018-12-17,146.33333333333334,24,2018-12-17,0,12
2018-12-18,50.333333333333336,24,2018-12-18,1,12
2018-12-19,56.916666666666664,24,2018-12-19,2,12
2018-12-20,132.125,24,2018-12-20,3,12
2018-12-21,129.66666666666666,24,2018-12-21,4,12
2018-12-22,171.625,24,2018-12-22,5,12
2018-12-23,176.83333333333334,24,2018-12-23,6,12
2018-12-24,167.29166666666666,24,2018-12-24,0,12
2018-12-25,196.54166666666666,24,2018-12-25,1,12
2018-12-26,195.79166666666666,24,2018-12-26,2,12
2018-12-27,177.54166666666666,24,2018-12-27,3,12
2018-12-28,151.54166666666666,24,2018-12-28,4,12
2018-12-29,145.625,24,2018-12-29,5,12
2018-12-30,133.45833333333334,24,2018-12-30,6,12
2018-12-31,128.66666666666666,24,2018-12-31,0,12
2019-01-01,133.0,24,2019-01-01,1,1
2019-01-02,152.25,24,2019-01-02,2,1
2019-01-03,156.125,24,2019-01-03,3,1
2019-01-04,260.1666666666667,24,2019-01-04,4,1
2019-01-05,183.20833333333334,24,2019-01-05,5,1
2019-01-06,161.58333333333334,24,2019-01-06,6,1
2019-01-07,179.25,24,2019-01-07,0,1
2019-01-08,161.1304347826087,23,2019-01-08,1,1
2019-01-09,163.875,24,2019-01-09,2,1
2019-01-10,181.83333333333334,24,2019-01-10,3,1
2019-01-11,198.20833333333334,24,2019-01-11,4,1
2019-01-12,209.25,24,2019-01-12,5,1
2019-01-13,168.25,24,2019-01-13,6,1
2019-01-14,166.41666666666666,24,2019-01-14,0,1
2019-01-15,182.33333333333334,24,2019-01-15,1,1
2019-01-16,139.79166666666666,24,2019-01-16,2,1
2019-01-17,194.25,24,2019-01-17,3,1
2019-01-18,260.5,24,2019-01-18,4,1
2019-01-19,256.5,24,2019-01-19,5,1
2019-01-20,268.5,24,2019-01-20,6,1
2019-01-21,210.5,24,2019-01-21,0,1
2019-01-22,213.88888888888889,18,2019-01-22,1,1
2019-01-23,244.75,24,2019-01-23,2,1
2019-01-24,225.75,24,2019-01-24,3,1
2019-01-25,162.875,24,2019-01-25,4,1
2019-01-26,168.91666666666666,24,2019-01-26,5,1
2019-01-27,135.79166666666666,24,2019-01-27,6,1
2019-01-28,125.25,24,2019-01-28,0,1
2019-01-29,130.5,24,2019-01-29,1,1
2019-01-30,133.95833333333334,24,2019-01-30,2,1
2019-01-31,172.75,24,2019-01-31,3,1
2019-02-01,246.625,24,2019-02-01,4,2
2019-02-02,225.20833333333334,24,2019-02-02,5,2
2019-02-03,307.75,24,2019-02-03,6,2
2019-02-04,228.54166666666666,24,2019-02-04,0,2
2019-02-05,160.79166666666666,24,2019-02-05,1,2
2019-02-06,220.08333333333334,24,2019-02-06,2,2
2019-02-07,237.625,24,2019-02-07,3,2
2019-02-08,263.7083333333333,24,2019-02-08,4,2
2019-02-09,69.0,24,2019-02-09,5,2
2019-02-10,173.3913043478261,23,2019-02-10,6,2
2019-02-11,112.41666666666667,24,2019-02-11,0,2
2019-02-12,134.54166666666666,24,2019-02-12,1,2
2019-02-13,147.0,24,2019-02-13,2,2
2019-02-14,171.25,24,2019-02-14,3,2
2019-02-15,299.1904761904762,21,2019-02-15,4,2
2019-02-16,260.8333333333333,24,2019-02-16,5,2
2019-02-17,155.16666666666666,24,2019-02-17,6,2
2019-02-18,241.20833333333334,24,2019-02-18,0,2
2019-02-19,208.25,24,2019-02-19,1,2
2019-02-20,137.79166666666666,24,2019-02-20,2,2
2019-02-21,208.33333333333334,24,2019-02-21,3,2
2019-02-22,160.95833333333334,24,2019-02-22,4,2
2019-02-23,149.83333333333334,24,2019-02-23,5,2
2019-02-24,128.33333333333334,24,2019-02-24,6,2
2019-02-25,106.29166666666667,24,2019-02-25,0,2
2019-02-26,81.375,24,2019-02-26,1,2
2019-02-27,49.333333333333336,24,2019-02-27,2,2
2019-02-28,58.041666666666664,24,2019-02-28,3,2
2019-03-01,101.5,24,2019-03-01,4,3
2019-03-02,90.54166666666667,24,2019-03-02,5,3
2019-03-03,138.66666666666666,24,2019-03-03,6,3
2019-03-04,240.75,24,2019-03-04,0,3
2019-03-05,106.33333333333333,24,2019-03-05,1,3
2019-03-06,117.45833333333333,24,2019-03-06,2,3
2019-03-07,123.04166666666667,24,2019-03-07,3,3
2019-03-08,112.45833333333333,24,2019-03-08,4,3
2019-03-09,177.16666666666666,24,2019-03-09,5,3
2019-03-10,177.34782608695653,23,2019-03-10,6,3
2019-03-11,124.54166666666667,24,2019-03-11,0,3
2019-03-12,81.08333333333333,24,2019-03-12,1,3
2019-03-13,105.04166666666667,24,2019-03-13,2,3
2019-03-14,119.70833333333333,24,2019-03-14,3,3
2019-03-15,130.66666666666666,24,2019-03-15,4,3
2019-03-16,90.25,24,2019-03-16,5,3
2019-03-17,115.25,24,2019-03-17,6,3
2019-03-18,80.91666666666667,24,2019-03-18,0,3
2019-03-19,91.75,24,2019-03-19,1,3
2019-03-20,94.20833333333333,24,2019-03-20,2,3
2019-03-21,81.25,24,2019-03-21,3,3
2019-03-22,154.25,24,2019-03-22,4,3
2019-03-23,99.83333333333333,24,2019-03-23,5,3
2019-03-24,194.04347826086956,23,2019-03-24,6,3
2019-03-25,153.125,24,2019-03-25,0,3
2019-03-26,184.625,24,2019-03-26,1,3
2019-03-27,115.66666666666667,24,2019-03-27,2,3
2019-03-28,86.66666666666667,24,2019-03-28,3,3
2019-03-29,167.95833333333334,24,2019-03-29,4,3
2019-03-30,82.45833333333333,24,2019-03-30,5,3
2019-03-31,49.166666666666664,24,2019-03-31,6,3
2019-04-01,49.791666666666664,24,2019-04-01,0,4
2019-04-02,60.916666666666664,24,2019-04-02,1,4
2019-04-03,57.25,24,2019-04-03,2,4
2019-04-04,127.95833333333333,24,2019-04-04,3,4
2019-04-05,80.08333333333333,24,2019-04-05,4,4
2019-04-06,47.45454545454545,22,2019-04-06,5,4
2019-04-07,72.30434782608695,23,2019-04-07,6,4
2019-04-08,76.22727272727273,22,2019-04-08,0,4
2019-04-09,36.875,24,2019-04-09,1,4
2019-04-10,49.791666666666664,24,2019-04-10,2,4
2019-04-11,104.95833333333333,24,2019-04-11,3,4
2019-04-12,73.875,24,2019-04-12,4,4
2019-04-13,86.625,24,2019-04-13,5,4
2019-04-14,89.58333333333333,24,2019-04-14,6,4
2019-04-15,44.5,24,2019-04-15,0,4
2019-04-16,50.583333333333336,24,2019-04-16,1,4
2019-04-17,61.541666666666664,24,2019-04-17,2,4
2019-04-18,81.83333333333333,24,2019-04-18,3,4
2019-04-19,121.5,24,2019-04-19,4,4
2019-04-20,82.5,24,2019-04-20,5,4
2019-04-21,72.91666666666667,24,2019-04-21,6,4
2019-04-22,58.416666666666664,24,2019-04-22,0,4
2019-04-23,69.75,24,2019-04-23,1,4
2019-04-24,128.17391304347825,23,2019-04-24,2,4
2019-04-25,81.45833333333333,24,2019-04-25,3,4
2019-04-26,50.583333333333336,24,2019-04-26,4,4
2019-04-27,63.708333333333336,24,2019-04-27,5,4
2019-04-28,55.291666666666664,24,2019-04-28,6,4
2019-04-29,54.875,24,2019-04-29,0,4
2019-04-30,32.666666666666664,24,2019-04-30,1,4
2019-05-01,114.33333333333333,24,2019-05-01,2,5
2019-05-02,136.20833333333334,24,2019-05-02,3,5
2019-05-03,,9,2019-05-03,4,5
2019-05-04,,0,2019-05-04,5,5
2019-05-05,,13,2019-05-05,6,5
2019-05-06,52.666666666666664,24,2019-05-06,0,5
2019-05-07,70.20833333333333,24,2019-05-07,1,5
2019-05-08,59.541666666666664,24,2019-05-08,2,5
2019-05-09,56.375,24,2019-05-09,3,5
2019-05-10,55.833333333333336,24,2019-05-10,4,5
2019-05-11,49.36842105263158,19,2019-05-11,5,5
2019-05-12,45.65217391304348,23,2019-05-12,6,5
2019-05-13,59.416666666666664,24,2019-05-13,0,5
2019-05-14,48.91304347826087,23,2019-05-14,1,5
2019-05-15,53.375,24,2019-05-15,2,5
2019-05-16,46.166666666666664,24,2019-05-16,3,5
2019-05-17,40.5,24,2019-05-17,4,5
2019-05-18,67.91666666666667,24,2019-05-18,5,5
2019-05-19,64.08333333333333,24,2019-05-19,6,5
2019-05-20,73.375,24,2019-05-20,0,5
2019-05-21,79.04166666666667,24,2019-05-21,1,5
2019-05-22,42.291666666666664,24,2019-05-22,2,5
2019-05-23,38.125,24,2019-05-23,3,5
2019-05-24,31.166666666666668,24,2019-05-24,4,5
2019-05-25,37.458333333333336,24,2019-05-25,5,5
2019-05-26,44.791666666666664,24,2019-05-26,6,5
2019-05-27,41.041666666666664,24,2019-05-27,0,5
2019-05-28,60.916666666666664,24,2019-05-28,1,5
2019-05-29,54.583333333333336,24,2019-05-29,2,5
2019-05-30,38.541666666666664,24,2019-05-30,3,5
2019-05-31,39.458333333333336,24,2019-05-31,4,5
2019-06-01,36.916666666666664,24,2019-06-01,5,6
2019-06-02,40.583333333333336,24,2019-06-02,6,6
2019-06-03,28.541666666666668,24,2019-06-03,0,6
2019-06-04,20.083333333333332,24,2019-06-04,1,6
2019-06-05,9.5,24,2019-06-05,2,6
2019-06-06,13.416666666666666,24,2019-06-06,3,6
2019-06-07,12.583333333333334,24,2019-06-07,4,6
2019-06-08,19.208333333333332,24,2019-06-08,5,6
2019-06-09,24.625,24,2019-06-09,6,6
2019-06-10,31.25,24,2019-06-10,0,6
2019-06-11,32.1578947368421,19,2019-06-11,1,6
2019-06-12,29.166666666666668,24,2019-06-12,2,6
2019-06-13,42.666666666666664,24,2019-06-13,3,6
2019-06-14,34.833333333333336,24,2019-06-14,4,6
2019-06-15,44.416666666666664,24,2019-06-15,5,6
2019-06-16,40.291666666666664,24,2019-06-16,6,6
2019-06-17,32.958333333333336,24,2019-06-17,0,6
2019-06-18,51.0,23,2019-06-18,1,6
2019-06-19,67.08333333333333,24,2019-06-19,2,6
2019-06-20,48.958333333333336,24,2019-06-20,3,6
2019-06-21,32.333333333333336,24,2019-06-21,4,6
2019-06-22,26.083333333333332,24,2019-06-22,5,6
2019-06-23,29.0,24,2019-06-23,6,6
2019-06-24,19.666666666666668,24,2019-06-24,0,6
2019-06-25,25.125,24,2019-06-25,1,6
2019-06-26,16.0,24,2019-06-26,2,6
2019-06-27,21.708333333333332,24,2019-06-27,3,6
2019-06-28,25.666666666666668,24,2019-06-28,4,6
2019-06-29,39.75,24,2019-06-29,5,6
2019-06-30,40.0,23,2019-06-30,6,6
2019-07-01,21.875,24,2019-07-01,0,7
2019-07-02,19.95,20,2019-07-02,1,7
2019-07-03,17.583333333333332,24,2019-07-03,2,7
2019-07-04,34.125,24,2019-07-04,3,7
2019-07-05,20.5,24,2019-07-05,4,7
2019-07-06,17.833333333333332,24,2019-07-06,5,7
2019-07-07,35.083333333333336,24,2019-07-07,6,7
2019-07-08,30.125,24,2019-07-08,0,7
2019-07-09,28.75,24,2019-07-09,1,7
2019-07-10,29.458333333333332,24,2019-07-10,2,7
2019-07-11,23.0,24,2019-07-11,3,7
2019-07-12,30.583333333333332,24,2019-07-12,4,7
2019-07-13,28.291666666666668,24,2019-07-13,5,7
2019-07-14,33.5,24,2019-07-14,6,7
2019-07-15,42.375,24,2019-07-15,0,7
2019-07-16,67.08333333333333,24,2019-07-16,1,7
2019-07-17,76.45833333333333,24,2019-07-17,2,7
2019-07-18,74.41666666666667,24,2019-07-18,3,7
2019-07-19,39.916666666666664,24,2019-07-19,4,7
2019-07-20,24.541666666666668,24,2019-07-20,5,7
2019-07-21,23.416666666666668,24,2019-07-21,6,7
2019-07-22,18.5,24,2019-07-22,0,7
2019-07-23,19.208333333333332,24,2019-07-23,1,7
2019-07-24,19.75,24,2019-07-24,2,7
2019-07-25,65.66666666666667,24,2019-07-25,3,7
2019-07-26,35.166666666666664,24,2019-07-26,4,7
2019-07-27,15.125,24,2019-07-27,5,7
2019-07-28,10.791666666666666,24,2019-07-28,6,7
2019-07-29,18.5,24,2019-07-29,0,7
2019-07-30,36.541666666666664,24,2019-07-30,1,7
2019-07-31,46.625,24,2019-07-31,2,7
2019-08-01,28.333333333333332,24,2019-08-01,3,8
2019-08-02,29.583333333333332,24,2019-08-02,4,8
2019-08-03,20.916666666666668,24,2019-08-03,5,8
2019-08-04,33.083333333333336,24,2019-08-04,6,8
2019-08-05,25.375,24,2019-08-05,0,8
2019-08-06,25.416666666666668,24,2019-08-06,1,8
2019-08-07,10.875,24,2019-08-07,2,8
2019-08-08,16.791666666666668,24,2019-08-08,3,8
2019-08-09,31.541666666666668,24,2019-08-09,4,8
2019-08-10,31.291666666666668,24,2019-08-10,5,8
2019-08-11,32.666666666666664,24,2019-08-11,6,8
2019-08-12,12.681818181818182,22,2019-08-12,0,8
2019-08-13,5.857142857142857,21,2019-08-13,1,8
2019-08-14,15.416666666666666,24,2019-08-14,2,8
2019-08-15,21.958333333333332,24,2019-08-15,3,8
2019-08-16,27.625,24,2019-08-16,4,8
2019-08-17,19.916666666666668,24,2019-08-17,5,8
2019-08-18,16.333333333333332,24,2019-08-18,6,8
2019-08-19,29.958333333333332,24,2019-08-19,0,8
2019-08-20,21.75,24,2019-08-20,1,8
2019-08-21,40.375,24,2019-08-21,2,8
2019-08-22,45.36363636363637,22,2019-08-22,3,8
2019-08-23,33.09090909090909,22,2019-08-23,4,8
2019-08-24,15.25,24,2019-08-24,5,8
2019-08-25,24.208333333333332,24,2019-08-25,6,8
2019-08-26,37.833333333333336,24,2019-08-26,0,8
2019-08-27,24.875,24,2019-08-27,1,8
2019-08-28,35.083333333333336,24,2019-08-28,2,8
2019-08-29,28.0,24,2019-08-29,3,8
2019-08-30,31.5,24,2019-08-30,4,8
2019-08-31,35.5,24,2019-08-31,5,8
2019-09-01,42.5,24,2019-09-01,6,9
2019-09-02,35.904761904761905,21,2019-09-02,0,9
2019-09-03,13.909090909090908,22,2019-09-03,1,9
2019-09-04,16.083333333333332,24,2019-09-04,2,9
2019-09-05,32.25,24,2019-09-05,3,9
2019-09-06,22.208333333333332,24,2019-09-06,4,9
2019-09-07,18.75,24,2019-09-07,5,9
2019-09-08,28.916666666666668,24,2019-09-08,6,9
2019-09-09,38.416666666666664,24,2019-09-09,0,9
2019-09-10,41.208333333333336,24,2019-09-10,1,9
2019-09-11,20.708333333333332,24,2019-09-11,2,9
2019-09-12,23.458333333333332,24,2019-09-12,3,9
2019-09-13,48.791666666666664,24,2019-09-13,4,9
2019-09-14,39.041666666666664,24,2019-09-14,5,9
2019-09-15,29.541666666666668,24,2019-09-15,6,9
2019-09-16,33.958333333333336,24,2019-09-16,0,9
2019-09-17,42.458333333333336,24,2019-09-17,1,9
2019-09-18,55.625,24,2019-09-18,2,9
2019-09-19,76.25,24,2019-09-19,3,9
2019-09-20,57.333333333333336,24,2019-09-20,4,9
2019-09-21,45.5,24,2019-09-21,5,9
2019-09-22,46.375,24,2019-09-22,6,9
2019-09-23,35.125,24,2019-09-23,0,9
2019-09-24,27.0,24,2019-09-24,1,9
2019-09-25,18.083333333333332,24,2019-09-25,2,9
2019-09-26,34.083333333333336,24,2019-09-26,3,9
2019-09-27,42.416666666666664,24,2019-09-27,4,9
2019-09-28,37.375,24,2019-09-28,5,9
2019-09-29,28.958333333333332,24,2019-09-29,6,9
2019-09-30,39.5,24,2019-09-30,0,9
2019-10-01,33.041666666666664,24,2019-10-01,1,10
2019-10-02,36.25,24,2019-10-02,2,10
2019-10-03,72.04166666666667,24,2019-10-03,3,10
2019-10-04,51.458333333333336,24,2019-10-04,4,10
2019-10-05,55.708333333333336,24,2019-10-05,5,10
2019-10-06,67.58333333333333,24,2019-10-06,6,10
2019-10-07,85.08333333333333,24,2019-10-07,0,10
2019-10-08,47.333333333333336,24,2019-10-08,1,10
2019-10-09,31.61904761904762,21,2019-10-09,2,10
2019-10-10,42.416666666666664,24,2019-10-10,3,10
2019-10-11,25.25,24,2019-10-11,4,10
2019-10-12,73.875,24,2019-10-12,5,10
2019-10-13,64.04166666666667,24,2019-10-13,6,10
2019-10-14,69.33333333333333,24,2019-10-14,0,10
2019-10-15,74.54166666666667,24,2019-10-15,1,10
2019-10-16,50.0,24,2019-10-16,2,10
2019-10-17,46.958333333333336,24,2019-10-17,3,10
2019-10-18,54.041666666666664,24,2019-10-18,4,10
2019-10-19,73.91666666666667,24,2019-10-19,5,10
2019-10-20,78.95833333333333,24,2019-10-20,6,10
2019-10-21,89.83333333333333,24,2019-10-21,0,10
2019-10-22,101.6,20,2019-10-22,1,10
2019-10-23,104.625,24,2019-10-23,2,10
2019-10-24,41.541666666666664,24,2019-10-24,3,10
2019-10-25,,13,2019-10-25,4,10
2019-10-26,,0,2019-10-26,5,10
2019-10-27,,8,2019-10-27,6,10
2019-10-28,58.09090909090909,22,2019-10-28,0,10
2019-10-29,75.16666666666667,24,2019-10-29,1,10
2019-10-30,82.58333333333333,24,2019-10-30,2,10
2019-10-31,65.41666666666667,24,2019-10-31,3,10
2019-11-01,73.125,24,2019-11-01,4,11
2019-11-02,64.70833333333333,24,2019-11-02,5,11
2019-11-03,108.75,24,2019-11-03,6,11
2019-11-04,83.875,24,2019-11-04,0,11
2019-11-05,83.125,24,2019-11-05,1,11
2019-11-06,130.04166666666666,24,2019-11-06,2,11
2019-11-07,84.41666666666667,24,2019-11-07,3,11
2019-11-08,55.666666666666664,24,2019-11-08,4,11
2019-11-09,25.458333333333332,24,2019-11-09,5,11
2019-11-10,14.875,24,2019-11-10,6,11
2019-11-11,43.583333333333336,24,2019-11-11,0,11
2019-11-12,73.16666666666667,24,2019-11-12,1,11
2019-11-13,82.45833333333333,24,2019-11-13,2,11
2019-11-14,71.29166666666667,24,2019-11-14,3,11
2019-11-15,83.91666666666667,24,2019-11-15,4,11
2019-11-16,105.83333333333333,24,2019-11-16,5,11
2019-11-17,124.5,24,2019-11-17,6,11
2019-11-18,127.20833333333333,24,2019-11-18,0,11
2019-11-19,167.70833333333334,24,2019-11-19,1,11
2019-11-20,114.52173913043478,23,2019-11-20,2,11
2019-11-21,100.20833333333333,24,2019-11-21,3,11
2019-11-22,124.91666666666667,24,2019-11-22,4,11
2019-11-23,116.66666666666667,24,2019-11-23,5,11
2019-11-24,137.70833333333334,24,2019-11-24,6,11
2019-11-25,105.33333333333333,24,2019-11-25,0,11
2019-11-26,83.29166666666667,24,2019-11-26,1,11
2019-11-27,65.08333333333333,24,2019-11-27,2,11
2019-11-28,81.95833333333333,24,2019-11-28,3,11
2019-11-29,107.125,24,2019-11-29,4,11
2019-11-30,126.5,24,2019-11-30,5,11
2019-12-01,126.66666666666667,24,2019-12-01,6,12
2019-12-02,118.625,24,2019-12-02,0,12
2019-12-03,132.08333333333334,24,2019-12-03,1,12
2019-12-04,108.0,24,2019-12-04,2,12
2019-12-05,77.79166666666667,24,2019-12-05,3,12
2019-12-06,59.666666666666664,24,2019-12-06,4,12
2019-12-07,83.66666666666667,24,2019-12-07,5,12
2019-12-08,101.5,24,2019-12-08,6,12
2019-12-09,150.33333333333334,24,2019-12-09,0,12
2019-12-10,122.875,24,2019-12-10,1,12
2019-12-11,148.29166666666666,24,2019-12-11,2,12
2019-12-12,163.41666666666666,24,2019-12-12,3,12
2019-12-13,196.54166666666666,24,2019-12-13,4,12
2019-12-14,139.58333333333334,24,2019-12-14,5,12
2019-12-15,130.54166666666666,24,2019-12-15,6,12
2019-12-16,121.25,24,2019-12-16,0,12
2019-12-17,123.20833333333333,24,2019-12-17,1,12
2019-12-18,144.29166666666666,24,2019-12-18,2,12
2019-12-19,161.25,24,2019-12-19,3,12
2019-12-20,160.54166666666666,24,2019-12-20,4,12
2019-12-21,136.29166666666666,24,2019-12-21,5,12
2019-12-22,124.33333333333333,24,2019-12-22,6,12
2019-12-23,139.0,24,2019-12-23,0,12
2019-12-24,217.58333333333334,24,2019-12-24,1,12
2019-12-25,181.58333333333334,24,2019-12-25,2,12
2019-12-26,270.2083333333333,24,2019-12-26,3,12
2019-12-27,217.54166666666666,24,2019-12-27,4,12
2019-12-28,168.79166666666666,24,2019-12-28,5,12
2019-12-29,162.45833333333334,24,2019-12-29,6,12
2019-12-30,166.0,23,2019-12-30,0,12
2019-12-31,173.45833333333334,24,2019-12-31,1,12
2020-01-01,206.625,24,2020-01-01,2,1
2020-01-02,139.5,24,2020-01-02,3,1
2020-01-03,46.208333333333336,24,2020-01-03,4,1
2020-01-04,64.41666666666667,24,2020-01-04,5,1
2020-01-05,107.91666666666667,24,2020-01-05,6,1
2020-01-06,129.875,24,2020-01-06,0,1
2020-01-07,183.25,24,2020-01-07,1,1
2020-01-08,129.91666666666666,24,2020-01-08,2,1
2020-01-09,167.20833333333334,24,2020-01-09,3,1
2020-01-10,139.66666666666666,24,2020-01-10,4,1
2020-01-11,178.04166666666666,24,2020-01-11,5,1
2020-01-12,203.7391304347826,23,2020-01-12,6,1
2020-01-13,227.79166666666666,24,2020-01-13,0,1
2020-01-14,244.70833333333334,24,2020-01-14,1,1
2020-01-15,261.2916666666667,24,2020-01-15,2,1
2020-01-16,208.83333333333334,24,2020-01-16,3,1
2020-01-17,138.04166666666666,24,2020-01-17,4,1
2020-01-18,168.54166666666666,24,2020-01-18,5,1
2020-01-19,185.83333333333334,24,2020-01-19,6,1
2020-01-20,138.70833333333334,24,2020-01-20,0,1
2020-01-21,163.47826086956522,23,2020-01-21,1,1
2020-01-22,177.66666666666666,24,2020-01-22,2,1
2020-01-23,200.79166666666666,24,2020-01-23,3,1
2020-01-24,198.04166666666666,24,2020-01-24,4,1
2020-01-25,157.91666666666666,24,2020-01-25,5,1
2020-01-26,175.33333333333334,24,2020-01-26,6,1
2020-01-27,219.83333333333334,24,2020-01-27,0,1
2020-01-28,270.5416666666667,24,2020-01-28,1,1
2020-01-29,260.25,24,2020-01-29,2,1
2020-01-30,270.25,24,2020-01-30,3,1
2020-01-31,202.54166666666666,24,2020-01-31,4,1
2020-02-01,135.41666666666666,24,2020-02-01,5,2
2020-02-02,115.20833333333333,24,2020-02-02,6,2
2020-02-03,145.375,24,2020-02-03,0,2
2020-02-04,142.54166666666666,24,2020-02-04,1,2
2020-02-05,139.91666666666666,24,2020-02-05,2,2
2020-02-06,147.29166666666666,24,2020-02-06,3,2
2020-02-07,143.95833333333334,24,2020-02-07,4,2
2020-02-08,152.83333333333334,24,2020-02-08,5,2
2020-02-09,155.0,24,2020-02-09,6,2
2020-02-10,116.625,24,2020-02-10,0,2
2020-02-11,129.5,24,2020-02-11,1,2
2020-02-12,139.33333333333334,24,2020-02-12,2,2
2020-02-13,154.625,24,2020-02-13,3,2
2020-02-14,251.58333333333334,24,2020-02-14,4,2
2020-02-15,162.25,24,2020-02-15,5,2
2020-02-16,190.91666666666666,24,2020-02-16,6,2
2020-02-17,196.79166666666666,24,2020-02-17,0,2
2020-02-18,208.25,24,2020-02-18,1,2
2020-02-19,214.04166666666666,24,2020-02-19,2,2
2020-02-20,277.5,24,2020-02-20,3,2
2020-02-21,178.0,24,2020-02-21,4,2
2020-02-22,138.75,24,2020-02-22,5,2
2020-02-23,166.5,24,2020-02-23,6,2
2020-02-24,197.08333333333334,24,2020-02-24,0,2
2020-02-25,162.45833333333334,24,2020-02-25,1,2
2020-02-26,107.29166666666667,24,2020-02-26,2,2
2020-02-27,130.95833333333334,24,2020-02-27,3,2
2020-02-28,106.25,24,2020-02-28,4,2
2020-02-29,132.5909090909091,22,2020-02-29,5,2
2020-03-01,124.0,24,2020-03-01,6,3
2020-03-02,150.8695652173913,23,2020-03-02,0,3
2020-03-03,105.0,24,2020-03-03,1,3
2020-03-04,95.75,24,2020-03-04,2,3
2020-03-05,76.20833333333333,24,2020-03-05,3,3
2020-03-06,90.41666666666667,24,2020-03-06,4,3
2020-03-07,89.5,24,2020-03-07,5,3
2020-03-08,166.25,24,2020-03-08,6,3
2020-03-09,87.375,24,2020-03-09,0,3
2020-03-10,105.83333333333333,24,2020-03-10,1,3
2020-03-11,125.54166666666667,24,2020-03-11,2,3
2020-03-12,130.54166666666666,24,2020-03-12,3,3
2020-03-13,112.75,24,2020-03-13,4,3
2020-03-14,80.81818181818181,22,2020-03-14,5,3
2020-03-15,65.04166666666667,24,2020-03-15,6,3
2020-03-16,81.79166666666667,24,2020-03-16,0,3
2020-03-17,81.79166666666667,24,2020-03-17,1,3
2020-03-18,88.33333333333333,24,2020-03-18,2,3
2020-03-19,101.79166666666667,24,2020-03-19,3,3
2020-03-20,151.79166666666666,24,2020-03-20,4,3
2020-03-21,136.4090909090909,22,2020-03-21,5,3
2020-03-22,46.63636363636363,22,2020-03-22,6,3
2020-03-23,78.70833333333333,24,2020-03-23,0,3
2020-03-24,135.25,24,2020-03-24,1,3
2020-03-25,136.08333333333334,24,2020-03-25,2,3
2020-03-26,136.41666666666666,24,2020-03-26,3,3
2020-03-27,94.54166666666667,24,2020-03-27,4,3
2020-03-28,75.70833333333333,24,2020-03-28,5,3
2020-03-29,48.75,24,2020-03-29,6,3
2020-03-30,48.708333333333336,24,2020-03-30,0,3
2020-03-31,85.375,24,2020-03-31,1,3
2020-04-01,118.0,23,2020-04-01,2,4
2020-04-02,61.541666666666664,24,2020-04-02,3,4
2020-04-03,78.29166666666667,24,2020-04-03,4,4
2020-04-04,62.416666666666664,24,2020-04-04,5,4
2020-04-05,97.75,24,2020-04-05,6,4
2020-04-06,105.20833333333333,24,2020-04-06,0,4
2020-04-07,52.958333333333336,24,2020-04-07,1,4
2020-04-08,47.083333333333336,24,2020-04-08,2,4
2020-04-09,55.75,24,2020-04-09,3,4
2020-04-10,51.541666666666664,24,2020-04-10,4,4
2020-04-11,28.458333333333332,24,2020-04-11,5,4
2020-04-12,35.625,24,2020-04-12,6,4
2020-04-13,76.125,24,2020-04-13,0,4
2020-04-14,68.875,24,2020-04-14,1,4
2020-04-15,32.5,24,2020-04-15,2,4
2020-04-16,41.583333333333336,24,2020-04-16,3,4
2020-04-17,32.458333333333336,24,2020-04-17,4,4
2020-04-18,34.166666666666664,24,2020-04-18,5,4
2020-04-19,30.291666666666668,24,2020-04-19,6,4
2020-04-20,33.75,24,2020-04-20,0,4
2020-04-21,58.25,24,2020-04-21,1,4
2020-04-22,51.708333333333336,24,2020-04-22,2,4
2020-04-23,43.208333333333336,24,2020-04-23,3,4
2020-04-24,42.041666666666664,24,2020-04-24,4,4
2020-04-25,36.166666666666664,24,2020-04-25,5,4
2020-04-26,25.5,24,2020-04-26,6,4
2020-04-27,37.583333333333336,24,2020-04-27,0,4
2020-04-28,48.958333333333336,24,2020-04-28,1,4
2020-04-29,38.041666666666664,24,2020-04-29,2,4
2020-04-30,46.916666666666664,24,2020-04-30,3,4
2020-05-01,58.791666666666664,24,2020-05-01,4,5
2020-05-02,42.958333333333336,24,2020-05-02,5,5
2020-05-03,36.875,24,2020-05-03,6,5
2020-05-04,64.29166666666667,24,2020-05-04,0,5
2020-05-05,27.375,24,2020-05-05,1,5
2020-05-06,35.0,24,2020-05-06,2,5
2020-05-07,83.91666666666667,24,2020-05-07,3,5
2020-05-08,63.083333333333336,24,2020-05-08,4,5
2020-05-09,75.625,24,2020-05-09,5,5
2020-05-10,62.583333333333336,24,2020-05-10,6,5
2020-05-11,55.708333333333336,24,2020-05-11,0,5
2020-05-12,55.916666666666664,24,2020-05-12,1,5
2020-05-13,47.458333333333336,24,2020-05-13,2,5
2020-05-14,65.04166666666667,24,2020-05-14,3,5
2020-05-15,40.208333333333336,24,2020-05-15,4,5
2020-05-16,39.958333333333336,24,2020-05-16,5,5
2020-05-17,29.041666666666668,24,2020-05-17,6,5
2020-05-18,42.916666666666664,24,2020-05-18,0,5
2020-05-19,,10,2020-05-19,1,5
2020-05-20,,0,2020-05-20,2,5
2020-05-21,,0,2020-05-21,3,5
2020-05-22,,0,2020-05-22,4,5
2020-05-23,,0,2020-05-23,5,5
2020-05-24,,0,2020-05-24,6,5
2020-05-25,,0,2020-05-25,0,5
2020-05-26,,0,2020-05-26,1,5
2020-05-27,,10,2020-05-27,2,5
2020-05-28,25.75,24,2020-05-28,3,5
2020-05-29,30.375,24,2020-05-29,4,5
2020-05-30,22.041666666666668,24,2020-05-30,5,5
2020-05-31,30.333333333333332,24,2020-05-31,6,5
2020-06-01,35.416666666666664,24,2020-06-01,0,6
2020-06-02,42.083333333333336,24,2020-06-02,1,6
2020-06-03,28.25,24,2020-06-03,2,6
2020-06-04,27.916666666666668,24,2020-06-04,3,6
2020-06-05,42.291666666666664,24,2020-06-05,4,6
2020-06-06,31.5,24,2020-06-06,5,6
2020-06-07,53.625,24,2020-06-07,6,6
2020-06-08,56.625,24,2020-06-08,0,6
2020-06-09,63.875,24,2020-06-09,1,6
2020-06-10,43.0,24,2020-06-10,2,6
2020-06-11,30.652173913043477,23,2020-06-11,3,6
2020-06-12,22.958333333333332,24,2020-06-12,4,6
2020-06-13,24.25,24,2020-06-13,5,6
2020-06-14,31.416666666666668,24,2020-06-14,6,6
2020-06-15,35.083333333333336,24,2020-06-15,0,6
2020-06-16,34.833333333333336,24,2020-06-16,1,6
2020-06-17,39.0,24,2020-06-17,2,6
2020-06-18,23.708333333333332,24,2020-06-18,3,6
2020-06-19,30.083333333333332,24,2020-06-19,4,6
2020-06-20,29.166666666666668,24,2020-06-20,5,6
2020-06-21,25.166666666666668,24,2020-06-21,6,6
2020-06-22,30.291666666666668,24,2020-06-22,0,6
2020-06-23,34.375,24,2020-06-23,1,6
2020-06-24,23.916666666666668,24,2020-06-24,2,6
2020-06-25,23.708333333333332,24,2020-06-25,3,6
2020-06-26,19.708333333333332,24,2020-06-26,4,6
2020-06-27,16.541666666666668,24,2020-06-27,5,6
2020-06-28,37.583333333333336,24,2020-06-28,6,6
2020-06-29,43.541666666666664,24,2020-06-29,0,6
2020-06-30,23.333333333333332,24,2020-06-30,1,6
2020-07-01,16.208333333333332,24,2020-07-01,2,7
2020-07-02,25.416666666666668,24,2020-07-02,3,7
2020-07-03,34.166666666666664,24,2020-07-03,4,7
2020-07-04,38.875,24,2020-07-04,5,7
2020-07-05,24.208333333333332,24,2020-07-05,6,7
2020-07-06,17.208333333333332,24,2020-07-06,0,7
2020-07-07,23.583333333333332,24,2020-07-07,1,7
2020-07-08,48.583333333333336,24,2020-07-08,2,7
2020-07-09,21.2,20,2020-07-09,3,7
2020-07-10,,11,2020-07-10,4,7
2020-07-11,,10,2020-07-11,5,7
2020-07-12,43.708333333333336,24,2020-07-12,6,7
2020-07-13,58.375,24,2020-07-13,0,7
2020-07-14,32.791666666666664,24,2020-07-14,1,7
2020-07-15,49.56521739130435,23,2020-07-15,2,7
2020-07-16,36.333333333333336,24,2020-07-16,3,7
2020-07-17,32.208333333333336,24,2020-07-17,4,7
2020-07-18,27.916666666666668,24,2020-07-18,5,7
2020-07-19,16.458333333333332,24,2020-07-19,6,7
2020-07-20,31.541666666666668,24,2020-07-20,0,7
2020-07-21,35.833333333333336,24,2020-07-21,1,7
2020-07-22,31.75,24,2020-07-22,2,7
2020-07-23,40.708333333333336,24,2020-07-23,3,7
2020-07-24,31.916666666666668,24,2020-07-24,4,7
2020-07-25,37.041666666666664,24,2020-07-25,5,7
2020-07-26,31.375,24,2020-07-26,6,7
2020-07-27,28.75,24,2020-07-27,0,7
2020-07-28,46.416666666666664,24,2020-07-28,1,7
2020-07-29,41.666666666666664,24,2020-07-29,2,7
2020-07-30,19.0,24,2020-07-30,3,7
2020-07-31,16.708333333333332,24,2020-07-31,4,7
2020-08-01,20.833333333333332,24,2020-08-01,5,8
2020-08-02,30.166666666666668,24,2020-08-02,6,8
2020-08-03,38.708333333333336,24,2020-08-03,0,8
2020-08-04,34.541666666666664,24,2020-08-04,1,8
2020-08-05,6.416666666666667,24,2020-08-05,2,8
2020-08-06,15.375,24,2020-08-06,3,8
2020-08-07,26.0,24,2020-08-07,4,8
2020-08-08,32.291666666666664,24,2020-08-08,5,8
2020-08-09,23.5,24,2020-08-09,6,8
2020-08-10,31.291666666666668,24,2020-08-10,0,8
2020-08-11,32.708333333333336,24,2020-08-11,1,8
2020-08-12,24.0,24,2020-08-12,2,8
2020-08-13,36.083333333333336,24,2020-08-13,3,8
2020-08-14,24.625,24,2020-08-14,4,8
2020-08-15,9.916666666666666,24,2020-08-15,5,8
2020-08-16,16.166666666666668,24,2020-08-16,6,8
2020-08-17,30.833333333333332,24,2020-08-17,0,8
2020-08-18,23.82608695652174,23,2020-08-18,1,8
2020-08-19,13.333333333333334,24,2020-08-19,2,8
2020-08-20,13.125,24,2020-08-20,3,8
2020-08-21,23.333333333333332,24,2020-08-21,4,8
2020-08-22,49.916666666666664,24,2020-08-22,5,8
2020-08-23,40.333333333333336,24,2020-08-23,6,8
2020-08-24,45.208333333333336,24,2020-08-24,0,8
2020-08-25,8.666666666666666,24,2020-08-25,1,8
2020-08-26,14.625,24,2020-08-26,2,8
2020-08-27,32.458333333333336,24,2020-08-27,3,8
2020-08-28,42.458333333333336,24,2020-08-28,4,8
2020-08-29,29.15,20,2020-08-29,5,8
2020-08-30,,16,2020-08-30,6,8
2020-08-31,48.0,24,2020-08-31,0,8
2020-09-01,43.583333333333336,24,2020-09-01,1,9
2020-09-02,37.125,24,2020-09-02,2,9
2020-09-03,33.041666666666664,24,2020-09-03,3,9
2020-09-04,24.73913043478261,23,2020-09-04,4,9
2020-09-05,24.166666666666668,24,2020-09-05,5,9
2020-09-06,19.875,24,2020-09-06,6,9
2020-09-07,18.0,24,2020-09-07,0,9
2020-09-08,28.666666666666668,24,2020-09-08,1,9
2020-09-09,65.66666666666667,24,2020-09-09,2,9
2020-09-10,46.833333333333336,24,2020-09-10,3,9
2020-09-11,24.25,24,2020-09-11,4,9
2020-09-12,30.375,24,2020-09-12,5,9
2020-09-13,25.25,24,2020-09-13,6,9
2020-09-14,33.333333333333336,24,2020-09-14,0,9
2020-09-15,49.125,24,2020-09-15,1,9
2020-09-16,22.333333333333332,24,2020-09-16,2,9
2020-09-17,24.041666666666668,24,2020-09-17,3,9
2020-09-18,35.375,24,2020-09-18,4,9
2020-09-19,34.083333333333336,24,2020-09-19,5,9
2020-09-20,41.416666666666664,24,2020-09-20,6,9
2020-09-21,13.083333333333334,24,2020-09-21,0,9
2020-09-22,29.083333333333332,24,2020-09-22,1,9
2020-09-23,30.333333333333332,24,2020-09-23,2,9
2020-09-24,24.125,24,2020-09-24,3,9
2020-09-25,20.083333333333332,24,2020-09-25,4,9
2020-09-26,29.083333333333332,24,2020-09-26,5,9
2020-09-27,47.69565217391305,23,2020-09-27,6,9
2020-09-28,47.208333333333336,24,2020-09-28,0,9
2020-09-29,68.125,24,2020-09-29,1,9
2020-09-30,60.041666666666664,24,2020-09-30,2,9
2020-10-01,76.75,24,2020-10-01,3,10
2020-10-02,38.208333333333336,24,2020-10-02,4,10
2020-10-03,48.041666666666664,24,2020-10-03,5,10
2020-10-04,44.875,24,2020-10-04,6,10
2020-10-05,60.875,24,2020-10-05,0,10
2020-10-06,39.125,24,2020-10-06,1,10
2020-10-07,47.541666666666664,24,2020-10-07,2,10
2020-10-08,42.625,24,2020-10-08,3,10
2020-10-09,58.541666666666664,24,2020-10-09,4,10
2020-10-10,65.58333333333333,24,2020-10-10,5,10
2020-10-11,72.95833333333333,24,2020-10-11,6,10
2020-10-12,71.41666666666667,24,2020-10-12,0,10
2020-10-13,93.91666666666667,24,2020-10-13,1,10
2020-10-14,89.45833333333333,24,2020-10-14,2,10
2020-10-15,114.375,24,2020-10-15,3,10
2020-10-16,66.16666666666667,24,2020-10-16,4,10
2020-10-17,63.0,24,2020-10-17,5,10
2020-10-18,72.08333333333333,24,2020-10-18,6,10
2020-10-19,53.916666666666664,24,2020-10-19,0,10
2020-10-20,73.0,24,2020-10-20,1,10
2020-10-21,37.125,24,2020-10-21,2,10
2020-10-22,12.625,24,2020-10-22,3,10
2020-10-23,10.625,24,2020-10-23,4,10
2020-10-24,25.916666666666668,24,2020-10-24,5,10
2020-10-25,29.75,24,2020-10-25,6,10
2020-10-26,74.66666666666667,24,2020-10-26,0,10
2020-10-27,93.375,24,2020-10-27,1,10
2020-10-28,64.29166666666667,24,2020-10-28,2,10
2020-10-29,50.916666666666664,24,2020-10-29,3,10
2020-10-30,46.791666666666664,24,2020-10-30,4,10
2020-10-31,40.75,24,2020-10-31,5,10
2020-11-01,24.833333333333332,24,2020-11-01,6,11
2020-11-02,44.541666666666664,24,2020-11-02,0,11
2020-11-03,46.833333333333336,24,2020-11-03,1,11
2020-11-04,154.54166666666666,24,2020-11-04,2,11
2020-11-05,128.08333333333334,24,2020-11-05,3,11
2020-11-06,126.75,24,2020-11-06,4,11
2020-11-07,95.79166666666667,24,2020-11-07,5,11
2020-11-08,68.79166666666667,24,2020-11-08,6,11
2020-11-09,40.291666666666664,24,2020-11-09,0,11
2020-11-10,46.916666666666664,24,2020-11-10,1,11
2020-11-11,48.458333333333336,24,2020-11-11,2,11
2020-11-12,59.458333333333336,24,2020-11-12,3,11
2020-11-13,57.916666666666664,24,2020-11-13,4,11
2020-11-14,60.75,24,2020-11-14,5,11
2020-11-15,,9,2020-11-15,6,11
2020-11-16,,12,2020-11-16,0,11
2020-11-17,97.54166666666667,24,2020-11-17,1,11
2020-11-18,145.33333333333334,24,2020-11-18,2,11
2020-11-19,162.95833333333334,24,2020-11-19,3,11
2020-11-20,173.83333333333334,24,2020-11-20,4,11
2020-11-21,157.25,24,2020-11-21,5,11
2020-11-22,115.29166666666667,24,2020-11-22,6,11
2020-11-23,129.47826086956522,23,2020-11-23,0,11
2020-11-24,132.75,24,2020-11-24,1,11
2020-11-25,101.875,24,2020-11-25,2,11
2020-11-26,89.58333333333333,24,2020-11-26,3,11
2020-11-27,109.95833333333333,24,2020-11-27,4,11
2020-11-28,96.83333333333333,24,2020-11-28,5,11
2020-11-29,112.25,24,2020-11-29,6,11
2020-11-30,119.58333333333333,24,2020-11-30,0,11
2020-12-01,142.625,24,2020-12-01,1,12
2020-12-02,153.91666666666666,24,2020-12-02,2,12
2020-12-03,173.83333333333334,24,2020-12-03,3,12
2020-12-04,202.875,24,2020-12-04,4,12
2020-12-05,261.0,24,2020-12-05,5,12
2020-12-06,202.16666666666666,24,2020-12-06,6,12
2020-12-07,161.125,24,2020-12-07,0,12
2020-12-08,148.91666666666666,24,2020-12-08,1,12
2020-12-09,178.875,24,2020-12-09,2,12
2020-12-10,113.5,24,2020-12-10,3,12
2020-12-11,127.95833333333333,24,2020-12-11,4,12
2020-12-12,168.08333333333334,24,2020-12-12,5,12
2020-12-13,209.20833333333334,24,2020-12-13,6,12
2020-12-14,216.08333333333334,24,2020-12-14,0,12
2020-12-15,174.75,24,2020-12-15,1,12
2020-12-16,150.41666666666666,24,2020-12-16,2,12
2020-12-17,185.875,24,2020-12-17,3,12
2020-12-18,141.04166666666666,24,2020-12-18,4,12
2020-12-19,139.79166666666666,24,2020-12-19,5,12
2020-12-20,214.29166666666666,24,2020-12-20,6,12
2020-12-21,209.875,24,2020-12-21,0,12
2020-12-22,222.95833333333334,24,2020-12-22,1,12
2020-12-23,236.29166666666666,24,2020-12-23,2,12
2020-12-24,168.79166666666666,24,2020-12-24,3,12
2020-12-25,136.95833333333334,24,2020-12-25,4,12
2020-12-26,157.91666666666666,24,2020-12-26,5,12
2020-12-27,177.04166666666666,24,2020-12-27,6,12
2020-12-28,213.91666666666666,24,2020-12-28,0,12
2020-12-29,201.375,24,2020-12-29,1,12
2020-12-30,161.66666666666666,24,2020-12-30,2,12
2020-12-31,172.25,24,2020-12-31,3,12
2021-01-01,152.2608695652174,23,2021-01-01,4,1
2021-01-02,140.08333333333334,24,2021-01-02,5,1
2021-01-03,149.75,24,2021-01-03,6,1
2021-01-04,184.91666666666666,24,2021-01-04,0,1
2021-01-05,183.29166666666666,24,2021-01-05,1,1
2021-01-06,184.625,24,2021-01-06,2,1
2021-01-07,225.20833333333334,24,2021-01-07,3,1
2021-01-08,182.375,24,2021-01-08,4,1
2021-01-09,195.33333333333334,24,2021-01-09,5,1
2021-01-10,261.9583333333333,24,2021-01-10,6,1
2021-01-11,266.0416666666667,24,2021-01-11,0,1
2021-01-12,193.625,24,2021-01-12,1,1
2021-01-13,156.54166666666666,24,2021-01-13,2,1
2021-01-14,179.66666666666666,24,2021-01-14,3,1
2021-01-15,176.79166666666666,24,2021-01-15,4,1
2021-01-16,251.70833333333334,24,2021-01-16,5,1
2021-01-17,264.6666666666667,24,2021-01-17,6,1
2021-01-18,243.70833333333334,24,2021-01-18,0,1
2021-01-19,343.4166666666667,24,2021-01-19,1,1
2021-01-20,314.625,24,2021-01-20,2,1
2021-01-21,254.125,24,2021-01-21,3,1
2021-01-22,,11,2021-01-22,4,1
2021-01-23,201.25,24,2021-01-23,5,1
2021-01-24,237.16666666666666,24,2021-01-24,6,1
2021-01-25,202.28571428571428,21,2021-01-25,0,1
2021-01-26,220.6086956521739,23,2021-01-26,1,1
2021-01-27,174.625,24,2021-01-27,2,1
2021-01-28,201.0,24,2021-01-28,3,1
2021-01-29,193.83333333333334,24,2021-01-29,4,1
2021-01-30,188.45833333333334,24,2021-01-30,5,1
2021-01-31,207.33333333333334,24,2021-01-31,6,1
2021-02-01,207.41666666666666,24,2021-02-01,0,2
2021-02-02,198.66666666666666,24,2021-02-02,1,2
2021-02-03,181.04166666666666,24,2021-02-03,2,2
2021-02-04,184.58333333333334,24,2021-02-04,3,2
2021-02-05,159.91666666666666,24,2021-02-05,4,2
2021-02-06,149.45833333333334,24,2021-02-06,5,2
2021-02-07,111.83333333333333,24,2021-02-07,6,2
2021-02-08,109.20833333333333,24,2021-02-08,0,2
2021-02-09,118.91666666666667,24,2021-02-09,1,2
2021-02-10,169.25,24,2021-02-10,2,2
2021-02-11,216.5,24,2021-02-11,3,2
2021-02-12,261.2916666666667,24,2021-02-12,4,2
2021-02-13,223.375,24,2021-02-13,5,2
2021-02-14,260.9166666666667,24,2021-02-14,6,2
2021-02-15,268.8333333333333,24,2021-02-15,0,2
2021-02-16,247.70833333333334,24,2021-02-16,1,2
2021-02-17,186.54166666666666,24,2021-02-17,2,2
2021-02-18,199.08333333333334,24,2021-02-18,3,2
2021-02-19,155.125,24,2021-02-19,4,2
2021-02-20,141.30434782608697,23,2021-02-20,5,2
2021-02-21,137.7826086956522,23,2021-02-21,6,2
2021-02-22,143.2173913043478,23,2021-02-22,0,2
2021-02-23,163.6086956521739,23,2021-02-23,1,2
2021-02-24,272.2608695652174,23,2021-02-24,2,2
2021-02-25,220.5909090909091,22,2021-02-25,3,2
2021-02-26,127.08695652173913,23,2021-02-26,4,2
2021-02-27,114.04347826086956,23,2021-02-27,5,2
2021-02-28,79.56521739130434,23,2021-02-28,6,2
2021-03-01,90.69565217391305,23,2021-03-01,0,3
2021-03-02,105.17391304347827,23,2021-03-02,1,3
2021-03-03,125.47826086956522,23,2021-03-03,2,3
2021-03-04,147.69565217391303,23,2021-03-04,3,3
2021-03-05,107.52173913043478,23,2021-03-05,4,3
2021-03-06,76.52173913043478,23,2021-03-06,5,3
2021-03-07,92.34782608695652,23,2021-03-07,6,3
2021-03-08,132.7826086956522,23,2021-03-08,0,3
2021-03-09,76.17391304347827,23,2021-03-09,1,3
2021-03-10,61.21739130434783,23,2021-03-10,2,3
2021-03-11,103.3913043478261,23,2021-03-11,3,3
2021-03-12,155.30434782608697,23,2021-03-12,4,3
2021-03-13,145.2173913043478,23,2021-03-13,5,3
2021-03-14,96.73913043478261,23,2021-03-14,6,3
2021-03-15,162.2173913043478,23,2021-03-15,0,3
2021-03-16,313.4782608695652,23,2021-03-16,1,3
2021-03-17,157.82608695652175,23,2021-03-17,2,3
2021-03-18,225.2608695652174,23,2021-03-18,3,3
2021-03-19,222.23809523809524,21,2021-03-19,4,3
2021-03-20,224.56521739130434,23,2021-03-20,5,3
2021-03-21,312.5652173913044,23,2021-03-21,6,3
2021-03-22,182.69565217391303,23,2021-03-22,0,3
2021-03-23,137.77272727272728,22,2021-03-23,1,3
2021-03-24,193.91304347826087,23,2021-03-24,2,3
2021-03-25,127.04347826086956,23,2021-03-25,3,3
2021-03-26,153.0,23,2021-03-26,4,3
2021-03-27,144.3913043478261,23,2021-03-27,5,3
2021-03-28,145.3913043478261,23,2021-03-28,6,3
2021-03-29,155.2173913043478,23,2021-03-29,0,3
2021-03-30,73.95652173913044,23,2021-03-30,1,3
2021-03-31,75.8695652173913,23,2021-03-31,2,3
2021-04-01,76.52173913043478,23,2021-04-01,3,4
2021-04-02,92.0,23,2021-04-02,4,4
2021-04-03,115.82608695652173,23,2021-04-03,5,4
2021-04-04,131.65217391304347,23,2021-04-04,6,4
2021-04-05,108.69565217391305,23,2021-04-05,0,4
2021-04-06,150.17391304347825,23,2021-04-06,1,4
2021-04-07,,12,2021-04-07,2,4
2021-04-08,,0,2021-04-08,3,4
2021-04-09,,0,2021-04-09,4,4
2021-04-10,,0,2021-04-10,5,4
2021-04-11,,14,2021-04-11,6,4
2021-04-12,89.0,23,2021-04-12,0,4
2021-04-13,64.1304347826087,23,2021-04-13,1,4
2021-04-14,53.47826086956522,23,2021-04-14,2,4
2021-04-15,40.91304347826087,23,2021-04-15,3,4
2021-04-16,48.30434782608695,23,2021-04-16,4,4
2021-04-17,39.73913043478261,23,2021-04-17,5,4
2021-04-18,56.69565217391305,23,2021-04-18,6,4
2021-04-19,34.608695652173914,23,2021-04-19,0,4
2021-04-20,33.91304347826087,23,2021-04-20,1,4
2021-04-21,51.73913043478261,23,2021-04-21,2,4
2021-04-22,60.391304347826086,23,2021-04-22,3,4
2021-04-23,75.95652173913044,23,2021-04-23,4,4
2021-04-24,164.77272727272728,22,2021-04-24,5,4
2021-04-25,114.65217391304348,23,2021-04-25,6,4
2021-04-26,52.82608695652174,23,2021-04-26,0,4
2021-04-27,45.26086956521739,23,2021-04-27,1,4
2021-04-28,66.82608695652173,23,2021-04-28,2,4
2021-04-29,101.78260869565217,23,2021-04-29,3,4
2021-04-30,119.56521739130434,23,2021-04-30,4,4
2021-05-01,69.52173913043478,23,2021-05-01,5,5
2021-05-02,103.73913043478261,23,2021-05-02,6,5
2021-05-03,73.78260869565217,23,2021-05-03,0,5
2021-05-04,56.65217391304348,23,2021-05-04,1,5
2021-05-05,124.3913043478261,23,2021-05-05,2,5
2021-05-06,73.17391304347827,23,2021-05-06,3,5
2021-05-07,80.56521739130434,23,2021-05-07,4,5
2021-05-08,45.69565217391305,23,2021-05-08,5,5
2021-05-09,65.8695652173913,23,2021-05-09,6,5
2021-05-10,63.91304347826087,23,2021-05-10,0,5
2021-05-11,56.95652173913044,23,2021-05-11,1,5
2021-05-12,53.869565217391305,23,2021-05-12,2,5
2021-05-13,34.47826086956522,23,2021-05-13,3,5
2021-05-14,40.82608695652174,23,2021-05-14,4,5
2021-05-15,35.04545454545455,22,2021-05-15,5,5
2021-05-16,32.43478260869565,23,2021-05-16,6,5
2021-05-17,28.52173913043478,23,2021-05-17,0,5
2021-05-18,20.608695652173914,23,2021-05-18,1,5
2021-05-19,32.78260869565217,23,2021-05-19,2,5
2021-05-20,17.82608695652174,23,2021-05-20,3,5
2021-05-21,26.347826086956523,23,2021-05-21,4,5
2021-05-22,24.130434782608695,23,2021-05-22,5,5
2021-05-23,46.30434782608695,23,2021-05-23,6,5
2021-05-24,43.78260869565217,23,2021-05-24,0,5
2021-05-25,12.521739130434783,23,2021-05-25,1,5
2021-05-26,30.304347826086957,23,2021-05-26,2,5
2021-05-27,36.17391304347826,23,2021-05-27,3,5
2021-05-28,48.56521739130435,23,2021-05-28,4,5
2021-05-29,58.17391304347826,23,2021-05-29,5,5
2021-05-30,40.391304347826086,23,2021-05-30,6,5
2021-05-31,37.04347826086956,23,2021-05-31,0,5
2021-06-01,65.0,23,2021-06-01,1,6
2021-06-02,54.17391304347826,23,2021-06-02,2,6
2021-06-03,38.17391304347826,23,2021-06-03,3,6
2021-06-04,39.04347826086956,23,2021-06-04,4,6
2021-06-05,49.34782608695652,23,2021-06-05,5,6
2021-06-06,67.04347826086956,23,2021-06-06,6,6
2021-06-07,63.26086956521739,23,2021-06-07,0,6
2021-06-08,45.08695652173913,23,2021-06-08,1,6
2021-06-09,59.65217391304348,23,2021-06-09,2,6
2021-06-10,60.95652173913044,23,2021-06-10,3,6
2021-06-11,21.391304347826086,23,2021-06-11,4,6
2021-06-12,27.956521739130434,23,2021-06-12,5,6
2021-06-13,19.347826086956523,23,2021-06-13,6,6
2021-06-14,25.043478260869566,23,2021-06-14,0,6
2021-06-15,24.17391304347826,23,2021-06-15,1,6
2021-06-16,27.130434782608695,23,2021-06-16,2,6
2021-06-17,34.608695652173914,23,2021-06-17,3,6
2021-06-18,28.17391304347826,23,2021-06-18,4,6
2021-06-19,45.82608695652174,23,2021-06-19,5,6
2021-06-20,53.08695652173913,23,2021-06-20,6,6
2021-06-21,48.69565217391305,23,2021-06-21,0,6
2021-06-22,48.95454545454545,22,2021-06-22,1,6
2021-06-23,45.95652173913044,23,2021-06-23,2,6
2021-06-24,54.08695652173913,23,2021-06-24,3,6
2021-06-25,46.04347826086956,23,2021-06-25,4,6
2021-06-26,65.34782608695652,23,2021-06-26,5,6
2021-06-27,40.65217391304348,23,2021-06-27,6,6
2021-06-28,22.434782608695652,23,2021-06-28,0,6
2021-06-29,24.217391304347824,23,2021-06-29,1,6
2021-06-30,27.652173913043477,23,2021-06-30,2,6
2021-07-01,46.08695652173913,23,2021-07-01,3,7
2021-07-02,39.26086956521739,23,2021-07-02,4,7
2021-07-03,33.26086956521739,23,2021-07-03,5,7
2021-07-04,33.73913043478261,23,2021-07-04,6,7
2021-07-05,40.17391304347826,23,2021-07-05,0,7
2021-07-06,38.08695652173913,23,2021-07-06,1,7
2021-07-07,32.56521739130435,23,2021-07-07,2,7
2021-07-08,29.695652173913043,23,2021-07-08,3,7
2021-07-09,44.0,23,2021-07-09,4,7
2021-07-10,40.869565217391305,23,2021-07-10,5,7
2021-07-11,24.043478260869566,23,2021-07-11,6,7
2021-07-12,39.73913043478261,23,2021-07-12,0,7
2021-07-13,25.347826086956523,23,2021-07-13,1,7
2021-07-14,26.652173913043477,23,2021-07-14,2,7
2021-07-15,22.565217391304348,23,2021-07-15,3,7
2021-07-16,24.608695652173914,23,2021-07-16,4,7
2021-07-17,35.21739130434783,23,2021-07-17,5,7
2021-07-18,24.52173913043478,23,2021-07-18,6,7
2021-07-19,49.56521739130435,23,2021-07-19,0,7
2021-07-20,38.47826086956522,23,2021-07-20,1,7
2021-07-21,17.217391304347824,23,2021-07-21,2,7
2021-07-22,11.210526315789474,19,2021-07-22,3,7
2021-07-23,6.5,20,2021-07-23,4,7
2021-07-24,6.869565217391305,23,2021-07-24,5,7
2021-07-25,19.043478260869566,23,2021-07-25,6,7
2021-07-26,15.73913043478261,23,2021-07-26,0,7
2021-07-27,10.954545454545455,22,2021-07-27,1,7
2021-07-28,6.391304347826087,23,2021-07-28,2,7
2021-07-29,5.05,20,2021-07-29,3,7
2021-07-30,10.75,20,2021-07-30,4,7
2021-07-31,16.17391304347826,23,2021-07-31,5,7
2021-08-01,22.26086956521739,23,2021-08-01,6,8
2021-08-02,28.217391304347824,23,2021-08-02,0,8
2021-08-03,34.26086956521739,23,2021-08-03,1,8
2021-08-04,26.043478260869566,23,2021-08-04,2,8
2021-08-05,44.608695652173914,23,2021-08-05,3,8
2021-08-06,36.73913043478261,23,2021-08-06,4,8
2021-08-07,30.434782608695652,23,2021-08-07,5,8
2021-08-08,32.73913043478261,23,2021-08-08,6,8
2021-08-09,30.47826086956522,23,2021-08-09,0,8
2021-08-10,37.04347826086956,23,2021-08-10,1,8
2021-08-11,47.95652173913044,23,2021-08-11,2,8
2021-08-12,43.52173913043478,23,2021-08-12,3,8
2021-08-13,38.95652173913044,23,2021-08-13,4,8
2021-08-14,33.08695652173913,23,2021-08-14,5,8
2021-08-15,36.91304347826087,23,2021-08-15,6,8
2021-08-16,53.04347826086956,23,2021-08-16,0,8
2021-08-17,38.30434782608695,23,2021-08-17,1,8
2021-08-18,31.043478260869566,23,2021-08-18,2,8
2021-08-19,31.08695652173913,23,2021-08-19,3,8
2021-08-20,27.956521739130434,23,2021-08-20,4,8
2021-08-21,31.26086956521739,23,2021-08-21,5,8
2021-08-22,25.434782608695652,23,2021-08-22,6,8
2021-08-23,28.391304347826086,23,2021-08-23,0,8
2021-08-24,50.130434782608695,23,2021-08-24,1,8
2021-08-25,62.78260869565217,23,2021-08-25,2,8
2021-08-26,53.391304347826086,23,2021-08-26,3,8
2021-08-27,43.26086956521739,23,2021-08-27,4,8
2021-08-28,36.17391304347826,23,2021-08-28,5,8
2021-08-29,30.0,23,2021-08-29,6,8
2021-08-30,39.04347826086956,23,2021-08-30,0,8
2021-08-31,37.52173913043478,23,2021-08-31,1,8
2021-09-01,32.17391304347826,23,2021-09-01,2,9
2021-09-02,45.90909090909091,22,2021-09-02,3,9
2021-09-03,40.391304347826086,23,2021-09-03,4,9
2021-09-04,62.69565217391305,23,2021-09-04,5,9
2021-09-05,55.91304347826087,23,2021-09-05,6,9
2021-09-06,26.565217391304348,23,2021-09-06,0,9
2021-09-07,22.82608695652174,23,2021-09-07,1,9
2021-09-08,31.73913043478261,23,2021-09-08,2,9
2021-09-09,66.3913043478261,23,2021-09-09,3,9
2021-09-10,53.869565217391305,23,2021-09-10,4,9
2021-09-11,21.4,20,2021-09-11,5,9
2021-09-12,26.26086956521739,23,2021-09-12,6,9
2021-09-13,17.130434782608695,23,2021-09-13,0,9
2021-09-14,27.91304347826087,23,2021-09-14,1,9
2021-09-15,29.565217391304348,23,2021-09-15,2,9
2021-09-16,31.91304347826087,23,2021-09-16,3,9
2021-09-17,40.65217391304348,23,2021-09-17,4,9
2021-09-18,32.08695652173913,23,2021-09-18,5,9
2021-09-19,18.565217391304348,23,2021-09-19,6,9
2021-09-20,39.56521739130435,23,2021-09-20,0,9
2021-09-21,,8,2021-09-21,1,9
2021-09-22,,0,2021-09-22,2,9
2021-09-23,,0,2021-09-23,3,9
2021-09-24,,0,2021-09-24,4,9
2021-09-25,,0,2021-09-25,5,9
2021-09-26,,0,2021-09-26,6,9
2021-09-27,,0,2021-09-27,0,9
2021-09-28,,0,2021-09-28,1,9
2021-09-29,,0,2021-09-29,2,9
2021-09-30,,1,2021-09-30,3,9
2021-10-01,,0,2021-10-01,4,10
2021-10-02,,0,2021-10-02,5,10
2021-10-03,,0,2021-10-03,6,10
2021-10-04,,1,2021-10-04,0,10
2021-10-05,58.0,21,2021-10-05,1,10
2021-10-06,71.04166666666667,24,2021-10-06,2,10
2021-10-07,103.625,24,2021-10-07,3,10
2021-10-08,100.20833333333333,24,2021-10-08,4,10
2021-10-09,100.91666666666667,24,2021-10-09,5,10
2021-10-10,90.95833333333333,24,2021-10-10,6,10
2021-10-11,91.125,24,2021-10-11,0,10
2021-10-12,86.54166666666667,24,2021-10-12,1,10
2021-10-13,80.25,24,2021-10-13,2,10
2021-10-14,80.16666666666667,24,2021-10-14,3,10
2021-10-15,57.75,24,2021-10-15,4,10
2021-10-16,48.708333333333336,24,2021-10-16,5,10
2021-10-17,33.041666666666664,24,2021-10-17,6,10
2021-10-18,28.625,24,2021-10-18,0,10
2021-10-19,49.458333333333336,24,2021-10-19,1,10
2021-10-20,52.583333333333336,24,2021-10-20,2,10
2021-10-21,70.33333333333333,24,2021-10-21,3,10
2021-10-22,104.20833333333333,24,2021-10-22,4,10
2021-10-23,78.625,24,2021-10-23,5,10
2021-10-24,83.75,24,2021-10-24,6,10
2021-10-25,102.625,24,2021-10-25,0,10
2021-10-26,97.66666666666667,24,2021-10-26,1,10
2021-10-27,91.45833333333333,24,2021-10-27,2,10
2021-10-28,88.29166666666667,24,2021-10-28,3,10
2021-10-29,69.54166666666667,24,2021-10-29,4,10
2021-10-30,67.54166666666667,24,2021-10-30,5,10
2021-10-31,88.125,24,2021-10-31,6,10
2021-11-01,128.29166666666666,24,2021-11-01,0,11
2021-11-02,119.5,24,2021-11-02,1,11
2021-11-03,107.83333333333333,24,2021-11-03,2,11
2021-11-04,103.95833333333333,24,2021-11-04,3,11
2021-11-05,95.375,24,2021-11-05,4,11
2021-11-06,97.79166666666667,24,2021-11-06,5,11
2021-11-07,97.33333333333333,24,2021-11-07,6,11
2021-11-08,117.04166666666667,24,2021-11-08,0,11
2021-11-09,137.875,24,2021-11-09,1,11
2021-11-10,126.91666666666667,24,2021-11-10,2,11
2021-11-11,123.54166666666667,24,2021-11-11,3,11
2021-11-12,104.33333333333333,24,2021-11-12,4,11
2021-11-13,94.5,24,2021-11-13,5,11
2021-11-14,100.04166666666667,24,2021-11-14,6,11
2021-11-15,122.41666666666667,24,2021-11-15,0,11
2021-11-16,116.91666666666667,24,2021-11-16,1,11
2021-11-17,116.08333333333333,24,2021-11-17,2,11
2021-11-18,113.33333333333333,24,2021-11-18,3,11
2021-11-19,142.29166666666666,24,2021-11-19,4,11
2021-11-20,155.33333333333334,24,2021-11-20,5,11
2021-11-21,167.29166666666666,24,2021-11-21,6,11
2021-11-22,198.08333333333334,24,2021-11-22,0,11
2021-11-23,232.41666666666666,24,2021-11-23,1,11
2021-11-24,133.70833333333334,24,2021-11-24,2,11
2021-11-25,148.58333333333334,24,2021-11-25,3,11
2021-11-26,155.79166666666666,24,2021-11-26,4,11
2021-11-27,157.20833333333334,24,2021-11-27,5,11
2021-11-28,153.125,24,2021-11-28,6,11
2021-11-29,140.04166666666666,24,2021-11-29,0,11
2021-11-30,109.0,24,2021-11-30,1,11
2021-12-01,104.58333333333333,24,2021-12-01,2,12
2021-12-02,130.83333333333334,24,2021-12-02,3,12
2021-12-03,119.5,24,2021-12-03,4,12
2021-12-04,71.91666666666667,24,2021-12-04,5,12
2021-12-05,88.29166666666667,24,2021-12-05,6,12
2021-12-06,34.5,24,2021-12-06,0,12
2021-12-07,32.25,24,2021-12-07,1,12
2021-12-08,57.541666666666664,24,2021-12-08,2,12
2021-12-09,99.83333333333333,24,2021-12-09,3,12
2021-12-10,133.45833333333334,24,2021-12-10,4,12
2021-12-11,199.375,24,2021-12-11,5,12
2021-12-12,172.91666666666666,24,2021-12-12,6,12
2021-12-13,168.16666666666666,24,2021-12-13,0,12
2021-12-14,163.08333333333334,24,2021-12-14,1,12
2021-12-15,169.66666666666666,24,2021-12-15,2,12
2021-12-16,132.20833333333334,24,2021-12-16,3,12
2021-12-17,123.5,24,2021-12-17,4,12
2021-12-18,123.58333333333333,24,2021-12-18,5,12
2021-12-19,154.0,24,2021-12-19,6,12
2021-12-20,183.0,24,2021-12-20,0,12
2021-12-21,205.875,24,2021-12-21,1,12
2021-12-22,212.83333333333334,24,2021-12-22,2,12
2021-12-23,226.04166666666666,24,2021-12-23,3,12
2021-12-24,234.0,24,2021-12-24,4,12
2021-12-25,207.0,24,2021-12-25,5,12
2021-12-26,211.375,24,2021-12-26,6,12
2021-12-27,196.5,24,2021-12-27,0,12
2021-12-28,172.95833333333334,24,2021-12-28,1,12
2021-12-29,125.70833333333333,24,2021-12-29,2,12
2021-12-30,166.58333333333334,24,2021-12-30,3,12
2021-12-31,97.5,24,2021-12-31,4,12
2022-01-01,117.04166666666667,24,2022-01-01,5,1
2022-01-02,188.29166666666666,24,2022-01-02,6,1
2022-01-03,169.33333333333334,24,2022-01-03,0,1
2022-01-04,193.20833333333334,24,2022-01-04,1,1
2022-01-05,205.33333333333334,24,2022-01-05,2,1
2022-01-06,183.54166666666666,24,2022-01-06,3,1
2022-01-07,173.79166666666666,24,2022-01-07,4,1
2022-01-08,150.95833333333334,24,2022-01-08,5,1
2022-01-09,142.625,24,2022-01-09,6,1
2022-01-10,136.75,24,2022-01-10,0,1
2022-01-11,135.66666666666666,24,2022-01-11,1,1
2022-01-12,126.33333333333333,24,2022-01-12,2,1
2022-01-13,116.79166666666667,24,2022-01-13,3,1
2022-01-14,104.04166666666667,24,2022-01-14,4,1
2022-01-15,149.70833333333334,24,2022-01-15,5,1
2022-01-16,120.70833333333333,24,2022-01-16,6,1
2022-01-17,148.91666666666666,24,2022-01-17,0,1
2022-01-18,188.16666666666666,24,2022-01-18,1,1
2022-01-19,194.25,24,2022-01-19,2,1
2022-01-20,190.56521739130434,23,2022-01-20,3,1
2022-01-21,227.66666666666666,24,2022-01-21,4,1
2022-01-22,247.5,24,2022-01-22,5,1
2022-01-23,228.45833333333334,24,2022-01-23,6,1
2022-01-24,121.875,24,2022-01-24,0,1
2022-01-25,271.8695652173913,23,2022-01-25,1,1
2022-01-26,158.625,24,2022-01-26,2,1
2022-01-27,133.66666666666666,24,2022-01-27,3,1
2022-01-28,130.54166666666666,24,2022-01-28,4,1
2022-01-29,178.70833333333334,24,2022-01-29,5,1
2022-01-30,199.5,24,2022-01-30,6,1
2022-01-31,331.9166666666667,24,2022-01-31,0,1
2022-02-01,165.70833333333334,24,2022-02-01,1,2
2022-02-02,208.625,24,2022-02-02,2,2
2022-02-03,,17,2022-02-03,3,2
2022-02-04,109.33333333333333,24,2022-02-04,4,2
2022-02-05,80.04166666666667,24,2022-02-05,5,2
2022-02-06,117.625,24,2022-02-06,6,2
2022-02-07,110.5,24,2022-02-07,0,2
2022-02-08,189.04166666666666,24,2022-02-08,1,2
2022-02-09,207.04166666666666,24,2022-02-09,2,2
2022-02-10,203.83333333333334,24,2022-02-10,3,2
2022-02-11,164.0,24,2022-02-11,4,2
2022-02-12,127.75,24,2022-02-12,5,2
2022-02-13,143.91666666666666,24,2022-02-13,6,2
2022-02-14,139.75,24,2022-02-14,0,2
2022-02-15,151.95833333333334,24,2022-02-15,1,2
2022-02-16,146.75,24,2022-02-16,2,2
2022-02-17,176.04166666666666,24,2022-02-17,3,2
2022-02-18,140.58333333333334,24,2022-02-18,4,2
2022-02-19,139.66666666666666,24,2022-02-19,5,2
2022-02-20,134.625,24,2022-02-20,6,2
2022-02-21,115.375,24,2022-02-21,0,2
2022-02-22,109.58333333333333,24,2022-02-22,1,2
2022-02-23,146.375,24,2022-02-23,2,2
2022-02-24,186.0,24,2022-02-24,3,2
2022-02-25,81.08333333333333,24,2022-02-25,4,2
2022-02-26,115.70833333333333,24,2022-02-26,5,2
2022-02-27,155.66666666666666,24,2022-02-27,6,2
2022-02-28,154.08333333333334,24,2022-02-28,0,2
2022-03-01,139.33333333333334,24,2022-03-01,1,3
2022-03-02,132.16666666666666,24,2022-03-02,2,3
2022-03-03,148.33333333333334,24,2022-03-03,3,3
2022-03-04,157.58333333333334,24,2022-03-04,4,3
2022-03-05,165.29166666666666,24,2022-03-05,5,3
2022-03-06,142.875,24,2022-03-06,6,3
2022-03-07,139.20833333333334,24,2022-03-07,0,3
2022-03-08,157.79166666666666,24,2022-03-08,1,3
2022-03-09,141.25,24,2022-03-09,2,3
2022-03-10,141.875,24,2022-03-10,3,3
2022-03-11,146.58333333333334,24,2022-03-11,4,3
2022-03-12,140.125,24,2022-03-12,5,3
2022-03-13,135.75,24,2022-03-13,6,3
2022-03-14,157.0,24,2022-03-14,0,3
2022-03-15,173.17391304347825,23,2022-03-15,1,3
2022-03-16,236.91666666666666,24,2022-03-16,2,3
2022-03-17,161.41666666666666,24,2022-03-17,3,3
2022-03-18,160.25,24,2022-03-18,4,3
2022-03-19,131.04166666666666,24,2022-03-19,5,3
2022-03-20,96.875,24,2022-03-20,6,3
2022-03-21,149.29166666666666,24,2022-03-21,0,3
2022-03-22,112.29166666666667,24,2022-03-22,1,3
2022-03-23,202.5,24,2022-03-23,2,3
2022-03-24,77.75,24,2022-03-24,3,3
2022-03-25,65.95833333333333,24,2022-03-25,4,3
2022-03-26,65.16666666666667,24,2022-03-26,5,3
2022-03-27,97.20833333333333,24,2022-03-27,6,3
2022-03-28,120.45833333333333,24,2022-03-28,0,3
2022-03-29,88.70833333333333,24,2022-03-29,1,3
2022-03-30,88.875,24,2022-03-30,2,3
2022-03-31,63.291666666666664,24,2022-03-31,3,3
2022-04-01,60.666666666666664,24,2022-04-01,4,4
2022-04-02,80.45833333333333,24,2022-04-02,5,4
2022-04-03,60.666666666666664,24,2022-04-03,6,4
2022-04-04,46.958333333333336,24,2022-04-04,0,4
2022-04-05,57.75,24,2022-04-05,1,4
2022-04-06,59.083333333333336,24,2022-04-06,2,4
2022-04-07,70.66666666666667,24,2022-04-07,3,4
2022-04-08,56.208333333333336,24,2022-04-08,4,4
2022-04-09,45.333333333333336,24,2022-04-09,5,4
2022-04-10,55.0,24,2022-04-10,6,4
2022-04-11,60.958333333333336,24,2022-04-11,0,4
2022-04-12,58.833333333333336,24,2022-04-12,1,4
2022-04-13,55.916666666666664,24,2022-04-13,2,4
2022-04-14,52.333333333333336,24,2022-04-14,3,4
2022-04-15,47.958333333333336,24,2022-04-15,4,4
2022-04-16,55.208333333333336,24,2022-04-16,5,4
2022-04-17,56.916666666666664,24,2022-04-17,6,4
2022-04-18,56.041666666666664,24,2022-04-18,0,4
2022-04-19,57.375,24,2022-04-19,1,4
2022-04-20,48.65217391304348,23,2022-04-20,2,4
2022-04-21,,14,2022-04-21,3,4
2022-04-22,65.125,24,2022-04-22,4,4
2022-04-23,85.58333333333333,24,2022-04-23,5,4
2022-04-24,61.458333333333336,24,2022-04-24,6,4
2022-04-25,70.125,24,2022-04-25,0,4
2022-04-26,70.04166666666667,24,2022-04-26,1,4
2022-04-27,80.79166666666667,24,2022-04-27,2,4
2022-04-28,84.33333333333333,24,2022-04-28,3,4
2022-04-29,73.41666666666667,24,2022-04-29,4,4
2022-04-30,59.291666666666664,24,2022-04-30,5,4
2022-05-01,69.79166666666667,24,2022-05-01,6,5
2022-05-02,57.666666666666664,24,2022-05-02,0,5
2022-05-03,55.791666666666664,24,2022-05-03,1,5
2022-05-04,42.916666666666664,24,2022-05-04,2,5
2022-05-05,44.416666666666664,24,2022-05-05,3,5
2022-05-06,55.75,24,2022-05-06,4,5
2022-05-07,86.75,24,2022-05-07,5,5
2022-05-08,95.375,24,2022-05-08,6,5
2022-05-09,60.708333333333336,24,2022-05-09,0,5
2022-05-10,56.666666666666664,24,2022-05-10,1,5
2022-05-11,56.75,24,2022-05-11,2,5
2022-05-12,61.625,24,2022-05-12,3,5
2022-05-13,,1,2022-05-13,4,5
2022-05-14,,0,2022-05-14,5,5
2022-05-15,,0,2022-05-15,6,5
2022-05-16,,15,2022-05-16,0,5
2022-05-17,41.208333333333336,24,2022-05-17,1,5
2022-05-18,37.333333333333336,24,2022-05-18,2,5
2022-05-19,44.458333333333336,24,2022-05-19,3,5
2022-05-20,58.291666666666664,24,2022-05-20,4,5
2022-05-21,58.708333333333336,24,2022-05-21,5,5
2022-05-22,68.45833333333333,24,2022-05-22,6,5
2022-05-23,62.833333333333336,24,2022-05-23,0,5
2022-05-24,89.79166666666667,24,2022-05-24,1,5
2022-05-25,75.33333333333333,24,2022-05-25,2,5
2022-05-26,86.33333333333333,24,2022-05-26,3,5
2022-05-27,81.5,24,2022-05-27,4,5
2022-05-28,87.95833333333333,24,2022-05-28,5,5
2022-05-29,100.66666666666667,24,2022-05-29,6,5
2022-05-30,89.58333333333333,24,2022-05-30,0,5
2022-05-31,78.75,24,2022-05-31,1,5
2022-06-01,75.45833333333333,24,2022-06-01,2,6
2022-06-02,71.16666666666667,24,2022-06-02,3,6
2022-06-03,61.583333333333336,24,2022-06-03,4,6
2022-06-04,57.125,24,2022-06-04,5,6
2022-06-05,58.083333333333336,24,2022-06-05,6,6
2022-06-06,58.958333333333336,24,2022-06-06,0,6
2022-06-07,73.04166666666667,24,2022-06-07,1,6
2022-06-08,77.75,24,2022-06-08,2,6
2022-06-09,62.541666666666664,24,2022-06-09,3,6
2022-06-10,74.5,24,2022-06-10,4,6
2022-06-11,77.16666666666667,24,2022-06-11,5,6
2022-06-12,60.541666666666664,24,2022-06-12,6,6
2022-06-13,52.666666666666664,24,2022-06-13,0,6
2022-06-14,62.541666666666664,24,2022-06-14,1,6
2022-06-15,49.416666666666664,24,2022-06-15,2,6
2022-06-16,61.083333333333336,24,2022-06-16,3,6
2022-06-17,36.75,24,2022-06-17,4,6
2022-06-18,44.416666666666664,24,2022-06-18,5,6
2022-06-19,50.75,24,2022-06-19,6,6
2022-06-20,42.666666666666664,24,2022-06-20,0,6
2022-06-21,59.541666666666664,24,2022-06-21,1,6
2022-06-22,48.583333333333336,24,2022-06-22,2,6
2022-06-23,56.75,24,2022-06-23,3,6
2022-06-24,44.541666666666664,24,2022-06-24,4,6
2022-06-25,41.208333333333336,24,2022-06-25,5,6
2022-06-26,41.875,24,2022-06-26,6,6
2022-06-27,31.375,24,2022-06-27,0,6
2022-06-28,31.583333333333332,24,2022-06-28,1,6
2022-06-29,46.0,24,2022-06-29,2,6
2022-06-30,63.625,24,2022-06-30,3,6
2022-07-01,43.5,24,2022-07-01,4,7
2022-07-02,37.40909090909091,22,2022-07-02,5,7
2022-07-03,44.333333333333336,24,2022-07-03,6,7
2022-07-04,53.791666666666664,24,2022-07-04,0,7
2022-07-05,54.625,24,2022-07-05,1,7
2022-07-06,37.25,24,2022-07-06,2,7
2022-07-07,45.25,24,2022-07-07,3,7
2022-07-08,38.416666666666664,24,2022-07-08,4,7
2022-07-09,32.333333333333336,24,2022-07-09,5,7
2022-07-10,24.666666666666668,24,2022-07-10,6,7
2022-07-11,26.416666666666668,24,2022-07-11,0,7
2022-07-12,27.875,24,2022-07-12,1,7
2022-07-13,28.083333333333332,24,2022-07-13,2,7
2022-07-14,30.833333333333332,24,2022-07-14,3,7
2022-07-15,32.476190476190474,21,2022-07-15,4,7
2022-07-16,,2,2022-07-16,5,7
2022-07-17,36.958333333333336,24,2022-07-17,6,7
2022-07-18,,17,2022-07-18,0,7
2022-07-19,36.0,24,2022-07-19,1,7
2022-07-20,48.291666666666664,24,2022-07-20,2,7
2022-07-21,51.208333333333336,24,2022-07-21,3,7
2022-07-22,40.541666666666664,24,2022-07-22,4,7
2022-07-23,46.5,24,2022-07-23,5,7
2022-07-24,,10,2022-07-24,6,7
2022-07-25,,0,2022-07-25,0,7
2022-07-26,,0,2022-07-26,1,7
2022-07-27,,0,2022-07-27,2,7
2022-07-28,,0,2022-07-28,3,7
2022-07-29,,0,2022-07-29,4,7
2022-07-30,,0,2022-07-30,5,7
2022-07-31,,0,2022-07-31,6,7
2022-08-01,,0,2022-08-01,0,8
2022-08-02,,5,2022-08-02,1,8
2022-08-03,67.625,24,2022-08-03,2,8
2022-08-04,48.916666666666664,24,2022-08-04,3,8
2022-08-05,47.25,24,2022-08-05,4,8
2022-08-06,30.125,24,2022-08-06,5,8
2022-08-07,26.208333333333332,24,2022-08-07,6,8
2022-08-08,21.208333333333332,24,2022-08-08,0,8
2022-08-09,18.208333333333332,24,2022-08-09,1,8
2022-08-10,20.375,24,2022-08-10,2,8
2022-08-11,21.958333333333332,24,2022-08-11,3,8
2022-08-12,31.708333333333332,24,2022-08-12,4,8
2022-08-13,28.541666666666668,24,2022-08-13,5,8
2022-08-14,23.916666666666668,24,2022-08-14,6,8
2022-08-15,35.34782608695652,23,2022-08-15,0,8
2022-08-16,40.041666666666664,24,2022-08-16,1,8
2022-08-17,64.79166666666667,24,2022-08-17,2,8
2022-08-18,53.125,24,2022-08-18,3,8
2022-08-19,27.375,24,2022-08-19,4,8
2022-08-20,29.25,24,2022-08-20,5,8
2022-08-21,40.875,24,2022-08-21,6,8
2022-08-22,49.75,24,2022-08-22,0,8
2022-08-23,50.541666666666664,24,2022-08-23,1,8
2022-08-24,28.583333333333332,24,2022-08-24,2,8
2022-08-25,54.166666666666664,24,2022-08-25,3,8
2022-08-26,39.666666666666664,24,2022-08-26,4,8
2022-08-27,42.625,24,2022-08-27,5,8
2022-08-28,34.54545454545455,22,2022-08-28,6,8
2022-08-29,33.625,24,2022-08-29,0,8
2022-08-30,36.75,24,2022-08-30,1,8
2022-08-31,32.083333333333336,24,2022-08-31,2,8
2022-09-01,28.208333333333332,24,2022-09-01,3,9
2022-09-02,28.208333333333332,24,2022-09-02,4,9
2022-09-03,42.666666666666664,24,2022-09-03,5,9
2022-09-04,51.208333333333336,24,2022-09-04,6,9
2022-09-05,46.833333333333336,24,2022-09-05,0,9
2022-09-06,44.333333333333336,24,2022-09-06,1,9
2022-09-07,34.541666666666664,24,2022-09-07,2,9
2022-09-08,82.08695652173913,23,2022-09-08,3,9
2022-09-09,42.791666666666664,24,2022-09-09,4,9
2022-09-10,46.916666666666664,24,2022-09-10,5,9
2022-09-11,19.333333333333332,24,2022-09-11,6,9
2022-09-12,29.416666666666668,24,2022-09-12,0,9
2022-09-13,35.458333333333336,24,2022-09-13,1,9
2022-09-14,37.833333333333336,24,2022-09-14,2,9
2022-09-15,37.125,24,2022-09-15,3,9
2022-09-16,46.333333333333336,24,2022-09-16,4,9
2022-09-17,80.5,24,2022-09-17,5,9
2022-09-18,87.75,24,2022-09-18,6,9
2022-09-19,41.833333333333336,24,2022-09-19,0,9
2022-09-20,23.875,24,2022-09-20,1,9
2022-09-21,41.0,24,2022-09-21,2,9
2022-09-22,46.125,24,2022-09-22,3,9
2022-09-23,40.083333333333336,24,2022-09-23,4,9
2022-09-24,48.666666666666664,24,2022-09-24,5,9
2022-09-25,51.333333333333336,24,2022-09-25,6,9
2022-09-26,65.625,24,2022-09-26,0,9
2022-09-27,78.16666666666667,24,2022-09-27,1,9
2022-09-28,113.75,24,2022-09-28,2,9
2022-09-29,92.45833333333333,24,2022-09-29,3,9
2022-09-30,70.20833333333333,24,2022-09-30,4,9
2022-10-01,76.625,24,2022-10-01,5,10
2022-10-02,51.375,24,2022-10-02,6,10
2022-10-03,37.875,24,2022-10-03,0,10
2022-10-04,35.125,24,2022-10-04,1,10
2022-10-05,30.25,24,2022-10-05,2,10
2022-10-06,49.791666666666664,24,2022-10-06,3,10
2022-10-07,109.33333333333333,24,2022-10-07,4,10
2022-10-08,55.375,24,2022-10-08,5,10
2022-10-09,40.583333333333336,24,2022-10-09,6,10
2022-10-10,25.90909090909091,22,2022-10-10,0,10
2022-10-11,21.791666666666668,24,2022-10-11,1,10
2022-10-12,34.833333333333336,24,2022-10-12,2,10
2022-10-13,52.166666666666664,24,2022-10-13,3,10
2022-10-14,80.25,24,2022-10-14,4,10
2022-10-15,56.375,24,2022-10-15,5,10
2022-10-16,70.25,24,2022-10-16,6,10
2022-10-17,80.375,24,2022-10-17,0,10
2022-10-18,79.16666666666667,24,2022-10-18,1,10
2022-10-19,63.0,24,2022-10-19,2,10
2022-10-20,73.70833333333333,24,2022-10-20,3,10
2022-10-21,55.291666666666664,24,2022-10-21,4,10
2022-10-22,50.041666666666664,24,2022-10-22,5,10
2022-10-23,81.33333333333333,24,2022-10-23,6,10
2022-10-24,35.416666666666664,24,2022-10-24,0,10
2022-10-25,50.583333333333336,24,2022-10-25,1,10
2022-10-26,71.54166666666667,24,2022-10-26,2,10
2022-10-27,88.375,24,2022-10-27,3,10
2022-10-28,97.20833333333333,24,2022-10-28,4,10
2022-10-29,91.79166666666667,24,2022-10-29,5,10
2022-10-30,85.79166666666667,24,2022-10-30,6,10
2022-10-31,92.29166666666667,24,2022-10-31,0,10
2022-11-01,80.41666666666667,24,2022-11-01,1,11
2022-11-02,72.125,24,2022-11-02,2,11
2022-11-03,79.66666666666667,24,2022-11-03,3,11
2022-11-04,112.0,24,2022-11-04,4,11
2022-11-05,105.58333333333333,24,2022-11-05,5,11
2022-11-06,88.54545454545455,22,2022-11-06,6,11
2022-11-07,106.69565217391305,23,2022-11-07,0,11
2022-11-08,87.83333333333333,24,2022-11-08,1,11
2022-11-09,46.416666666666664,24,2022-11-09,2,11
2022-11-10,49.375,24,2022-11-10,3,11
2022-11-11,70.79166666666667,24,2022-11-11,4,11
2022-11-12,107.5,24,2022-11-12,5,11
2022-11-13,182.16666666666666,24,2022-11-13,6,11
2022-11-14,134.70833333333334,24,2022-11-14,0,11
2022-11-15,113.79166666666667,24,2022-11-15,1,11
2022-11-16,98.375,24,2022-11-16,2,11
2022-11-17,119.29166666666667,24,2022-11-17,3,11
2022-11-18,144.04166666666666,24,2022-11-18,4,11
2022-11-19,112.75,24,2022-11-19,5,11
2022-11-20,108.58333333333333,24,2022-11-20,6,11
2022-11-21,99.79166666666667,24,2022-11-21,0,11
2022-11-22,150.66666666666666,24,2022-11-22,1,11
2022-11-23,141.625,24,2022-11-23,2,11
2022-11-24,138.66666666666666,24,2022-11-24,3,11
2022-11-25,125.83333333333333,24,2022-11-25,4,11
2022-11-26,110.95833333333333,24,2022-11-26,5,11
2022-11-27,92.875,24,2022-11-27,6,11
2022-11-28,100.45833333333333,24,2022-11-28,0,11
2022-11-29,128.83333333333334,24,2022-11-29,1,11
2022-11-30,136.25,24,2022-11-30,2,11
2022-12-01,116.08333333333333,24,2022-12-01,3,12
2022-12-02,106.45833333333333,24,2022-12-02,4,12
2022-12-03,130.91666666666666,24,2022-12-03,5,12
2022-12-04,145.125,24,2022-12-04,6,12
2022-12-05,141.54166666666666,24,2022-12-05,0,12
2022-12-06,124.58333333333333,24,2022-12-06,1,12
2022-12-07,136.91666666666666,24,2022-12-07,2,12
2022-12-08,149.58333333333334,24,2022-12-08,3,12
2022-12-09,140.04166666666666,24,2022-12-09,4,12
2022-12-10,103.45833333333333,24,2022-12-10,5,12
2022-12-11,136.125,24,2022-12-11,6,12
2022-12-12,176.0952380952381,21,2022-12-12,0,12
2022-12-13,234.08333333333334,24,2022-12-13,1,12
2022-12-14,313.25,24,2022-12-14,2,12
2022-12-15,254.54166666666666,24,2022-12-15,3,12
2022-12-16,246.66666666666666,24,2022-12-16,4,12
2022-12-17,211.25,24,2022-12-17,5,12
2022-12-18,250.04166666666666,24,2022-12-18,6,12
2022-12-19,223.875,24,2022-12-19,0,12
2022-12-20,209.66666666666666,24,2022-12-20,1,12
2022-12-21,217.95833333333334,24,2022-12-21,2,12
2022-12-22,227.41666666666666,24,2022-12-22,3,12
2022-12-23,173.08333333333334,24,2022-12-23,4,12
2022-12-24,169.0,24,2022-12-24,5,12
2022-12-25,348.0833333333333,24,2022-12-25,6,12
2022-12-26,236.75,24,2022-12-26,0,12
2022-12-27,244.45833333333334,24,2022-12-27,1,12
2022-12-28,198.29166666666666,24,2022-12-28,2,12
2022-12-29,229.20833333333334,24,2022-12-29,3,12
2022-12-30,217.625,24,2022-12-30,4,12
2022-12-31,232.70833333333334,24,2022-12-31,5,12
2023-01-01,181.08333333333334,24,2023-01-01,6,1
2023-01-02,195.625,24,2023-01-02,0,1
2023-01-03,213.79166666666666,24,2023-01-03,1,1
2023-01-04,175.04166666666666,24,2023-01-04,2,1
2023-01-05,227.75,24,2023-01-05,3,1
2023-01-06,225.33333333333334,24,2023-01-06,4,1
2023-01-07,223.29166666666666,24,2023-01-07,5,1
2023-01-08,288.4166666666667,24,2023-01-08,6,1
2023-01-09,240.16666666666666,24,2023-01-09,0,1
2023-01-10,184.16666666666666,24,2023-01-10,1,1
2023-01-11,222.16666666666666,24,2023-01-11,2,1
2023-01-12,257.5833333333333,24,2023-01-12,3,1
2023-01-13,378.2916666666667,24,2023-01-13,4,1
2023-01-14,240.91666666666666,24,2023-01-14,5,1
2023-01-15,180.58333333333334,24,2023-01-15,6,1
2023-01-16,184.79166666666666,24,2023-01-16,0,1
2023-01-17,189.79166666666666,24,2023-01-17,1,1
2023-01-18,210.95833333333334,24,2023-01-18,2,1
2023-01-19,214.875,24,2023-01-19,3,1
2023-01-20,232.33333333333334,24,2023-01-20,4,1
2023-01-21,255.5,24,2023-01-21,5,1
2023-01-22,295.9166666666667,24,2023-01-22,6,1
2023-01-23,304.1666666666667,24,2023-01-23,0,1
2023-01-24,217.75,24,2023-01-24,1,1
2023-01-25,263.25,24,2023-01-25,2,1
2023-01-26,339.5416666666667,24,2023-01-26,3,1
2023-01-27,238.0,24,2023-01-27,4,1
2023-01-28,170.08333333333334,24,2023-01-28,5,1
2023-01-29,204.25,24,2023-01-29,6,1
2023-01-30,255.54166666666666,24,2023-01-30,0,1
2023-01-31,246.54166666666666,24,2023-01-31,1,1
2023-02-01,137.66666666666666,24,2023-02-01,2,2
2023-02-02,115.125,24,2023-02-02,3,2
2023-02-03,151.5,24,2023-02-03,4,2
2023-02-04,180.0,24,2023-02-04,5,2
2023-02-05,209.20833333333334,24,2023-02-05,6,2
2023-02-06,225.79166666666666,24,2023-02-06,0,2
2023-02-07,220.5,24,2023-02-07,1,2
2023-02-08,136.45833333333334,24,2023-02-08,2,2
2023-02-09,231.375,24,2023-02-09,3,2
2023-02-10,161.45833333333334,24,2023-02-10,4,2
2023-02-11,265.4583333333333,24,2023-02-11,5,2
2023-02-12,143.0,24,2023-02-12,6,2
2023-02-13,80.83333333333333,24,2023-02-13,0,2
2023-02-14,107.54166666666667,24,2023-02-14,1,2
2023-02-15,154.54166666666666,24,2023-02-15,2,2
2023-02-16,229.79166666666666,24,2023-02-16,3,2
2023-02-17,285.9583333333333,24,2023-02-17,4,2
2023-02-18,270.9583333333333,24,2023-02-18,5,2
2023-02-19,177.33333333333334,24,2023-02-19,6,2
2023-02-20,180.875,24,2023-02-20,0,2
2023-02-21,127.54166666666667,24,2023-02-21,1,2
2023-02-22,92.125,24,2023-02-22,2,2
2023-02-23,86.16666666666667,24,2023-02-23,3,2
2023-02-24,121.16666666666667,24,2023-02-24,4,2
2023-02-25,105.375,24,2023-02-25,5,2
2023-02-26,133.875,24,2023-02-26,6,2
2023-02-27,161.16666666666666,24,2023-02-27,0,2
2023-02-28,146.08333333333334,24,2023-02-28,1,2
2023-03-01,171.25,24,2023-03-01,2,3
2023-03-02,217.83333333333334,24,2023-03-02,3,3
2023-03-03,208.45833333333334,24,2023-03-03,4,3
2023-03-04,218.66666666666666,24,2023-03-04,5,3
2023-03-05,200.58333333333334,24,2023-03-05,6,3
2023-03-06,137.83333333333334,24,2023-03-06,0,3
2023-03-07,155.66666666666666,24,2023-03-07,1,3
2023-03-08,109.875,24,2023-03-08,2,3
2023-03-09,136.79166666666666,24,2023-03-09,3,3
2023-03-10,139.41666666666666,24,2023-03-10,4,3
2023-03-11,152.45833333333334,24,2023-03-11,5,3
2023-03-12,122.20833333333333,24,2023-03-12,6,3
2023-03-13,119.04166666666667,24,2023-03-13,0,3
2023-03-14,155.20833333333334,24,2023-03-14,1,3
2023-03-15,113.875,24,2023-03-15,2,3
2023-03-16,132.20833333333334,24,2023-03-16,3,3
2023-03-17,164.41666666666666,24,2023-03-17,4,3
2023-03-18,102.83333333333333,24,2023-03-18,5,3
2023-03-19,92.625,24,2023-03-19,6,3
2023-03-20,62.208333333333336,24,2023-03-20,0,3
2023-03-21,70.5,24,2023-03-21,1,3
2023-03-22,88.20833333333333,24,2023-03-22,2,3
2023-03-23,63.0,24,2023-03-23,3,3
2023-03-24,126.66666666666667,24,2023-03-24,4,3
2023-03-25,107.29166666666667,24,2023-03-25,5,3
2023-03-26,90.70833333333333,24,2023-03-26,6,3
2023-03-27,69.75,24,2023-03-27,0,3
2023-03-28,135.08333333333334,24,2023-03-28,1,3
2023-03-29,84.70833333333333,24,2023-03-29,2,3
2023-03-30,85.375,24,2023-03-30,3,3
2023-03-31,65.95833333333333,24,2023-03-31,4,3
2023-04-01,54.791666666666664,24,2023-04-01,5,4
2023-04-02,76.25,24,2023-04-02,6,4
2023-04-03,88.16666666666667,24,2023-04-03,0,4
2023-04-04,69.16666666666667,24,2023-04-04,1,4
2023-04-05,64.95833333333333,24,2023-04-05,2,4
2023-04-06,88.875,24,2023-04-06,3,4
2023-04-07,111.0,24,2023-04-07,4,4
2023-04-08,165.70833333333334,24,2023-04-08,5,4
2023-04-09,134.45833333333334,24,2023-04-09,6,4
2023-04-10,202.875,24,2023-04-10,0,4
2023-04-11,220.875,24,2023-04-11,1,4
2023-04-12,165.41666666666666,24,2023-04-12,2,4
2023-04-13,144.83333333333334,24,2023-04-13,3,4
2023-04-14,123.91666666666667,24,2023-04-14,4,4
2023-04-15,182.41666666666666,24,2023-04-15,5,4
2023-04-16,170.54166666666666,24,2023-04-16,6,4
2023-04-17,92.29166666666667,24,2023-04-17,0,4
2023-04-18,100.0,24,2023-04-18,1,4
2023-04-19,86.08333333333333,24,2023-04-19,2,4
2023-04-20,73.25,24,2023-04-20,3,4
2023-04-21,65.45833333333333,24,2023-04-21,4,4
2023-04-22,57.25,24,2023-04-22,5,4
2023-04-23,54.833333333333336,24,2023-04-23,6,4
2023-04-24,43.708333333333336,24,2023-04-24,0,4
2023-04-25,55.458333333333336,24,2023-04-25,1,4
2023-04-26,,0,2023-04-26,2,4
2023-04-27,84.22727272727273,22,2023-04-27,3,4
2023-04-28,51.125,24,2023-04-28,4,4
2023-04-29,81.125,24,2023-04-29,5,4
2023-04-30,65.95833333333333,24,2023-04-30,6,4
2023-05-01,50.583333333333336,24,2023-05-01,0,5
2023-05-02,72.16666666666667,24,2023-05-02,1,5
2023-05-03,66.33333333333333,24,2023-05-03,2,5
2023-05-04,59.791666666666664,24,2023-05-04,3,5
2023-05-05,59.458333333333336,24,2023-05-05,4,5
2023-05-06,67.5,24,2023-05-06,5,5
2023-05-07,67.0,24,2023-05-07,6,5
2023-05-08,80.25,24,2023-05-08,0,5
2023-05-09,104.08333333333333,24,2023-05-09,1,5
2023-05-10,77.41666666666667,24,2023-05-10,2,5
2023-05-11,61.541666666666664,24,2023-05-11,3,5
2023-05-12,115.83333333333333,24,2023-05-12,4,5
2023-05-13,85.75,24,2023-05-13,5,5
2023-05-14,46.666666666666664,24,2023-05-14,6,5
2023-05-15,34.416666666666664,24,2023-05-15,0,5
2023-05-16,71.58333333333333,24,2023-05-16,1,5
2023-05-17,,17,2023-05-17,2,5
2023-05-18,59.708333333333336,24,2023-05-18,3,5
2023-05-19,72.625,24,2023-05-19,4,5
2023-05-20,57.5,24,2023-05-20,5,5
2023-05-21,54.208333333333336,24,2023-05-21,6,5
2023-05-22,62.291666666666664,24,2023-05-22,0,5
2023-05-23,49.666666666666664,24,2023-05-23,1,5
2023-05-24,68.375,24,2023-05-24,2,5
2023-05-25,64.45833333333333,24,2023-05-25,3,5
2023-05-26,45.708333333333336,24,2023-05-26,4,5
2023-05-27,70.95833333333333,24,2023-05-27,5,5
2023-05-28,86.41666666666667,24,2023-05-28,6,5
2023-05-29,96.79166666666667,24,2023-05-29,0,5
2023-05-30,102.41666666666667,24,2023-05-30,1,5
2023-05-31,98.58333333333333,24,2023-05-31,2,5
2023-06-01,73.04166666666667,24,2023-06-01,3,6
2023-06-02,71.20833333333333,24,2023-06-02,4,6
2023-06-03,68.29166666666667,24,2023-06-03,5,6
2023-06-04,73.33333333333333,24,2023-06-04,6,6
2023-06-05,76.58333333333333,24,2023-06-05,0,6
2023-06-06,85.91304347826087,23,2023-06-06,1,6
2023-06-07,88.33333333333333,24,2023-06-07,2,6
2023-06-08,86.70833333333333,24,2023-06-08,3,6
2023-06-09,66.45833333333333,24,2023-06-09,4,6
2023-06-10,61.791666666666664,24,2023-06-10,5,6
2023-06-11,63.583333333333336,24,2023-06-11,6,6
2023-06-12,75.70833333333333,24,2023-06-12,0,6
2023-06-13,76.20833333333333,24,2023-06-13,1,6
2023-06-14,59.25,24,2023-06-14,2,6
2023-06-15,50.833333333333336,24,2023-06-15,3,6
2023-06-16,50.0,24,2023-06-16,4,6
2023-06-17,38.25,24,2023-06-17,5,6
2023-06-18,51.625,24,2023-06-18,6,6
2023-06-19,48.708333333333336,24,2023-06-19,0,6
2023-06-20,58.666666666666664,24,2023-06-20,1,6
2023-06-21,52.083333333333336,24,2023-06-21,2,6
2023-06-22,43.916666666666664,24,2023-06-22,3,6
2023-06-23,40.541666666666664,24,2023-06-23,4,6
2023-06-24,30.041666666666668,24,2023-06-24,5,6
2023-06-25,30.5,24,2023-06-25,6,6
2023-06-26,26.25,24,2023-06-26,0,6
2023-06-27,25.375,24,2023-06-27,1,6
2023-06-28,24.083333333333332,24,2023-06-28,2,6
2023-06-29,26.25,24,2023-06-29,3,6
2023-06-30,17.958333333333332,24,2023-06-30,4,6
2023-07-01,22.125,24,2023-07-01,5,7
2023-07-02,27.416666666666668,24,2023-07-02,6,7
2023-07-03,35.25,24,2023-07-03,0,7
2023-07-04,25.25,24,2023-07-04,1,7
2023-07-05,20.666666666666668,24,2023-07-05,2,7
2023-07-06,26.625,24,2023-07-06,3,7
2023-07-07,27.208333333333332,24,2023-07-07,4,7
2023-07-08,27.041666666666668,24,2023-07-08,5,7
2023-07-09,45.25,24,2023-07-09,6,7
2023-07-10,34.541666666666664,24,2023-07-10,0,7
2023-07-11,28.208333333333332,24,2023-07-11,1,7
2023-07-12,25.291666666666668,24,2023-07-12,2,7
2023-07-13,39.625,24,2023-07-13,3,7
2023-07-14,36.541666666666664,24,2023-07-14,4,7
2023-07-15,29.125,24,2023-07-15,5,7
2023-07-16,36.583333333333336,24,2023-07-16,6,7
2023-07-17,34.208333333333336,24,2023-07-17,0,7
2023-07-18,33.333333333333336,24,2023-07-18,1,7
2023-07-19,31.375,24,2023-07-19,2,7
2023-07-20,29.833333333333332,24,2023-07-20,3,7
2023-07-21,29.541666666666668,24,2023-07-21,4,7
2023-07-22,34.375,24,2023-07-22,5,7
2023-07-23,37.25,24,2023-07-23,6,7
2023-07-24,37.916666666666664,24,2023-07-24,0,7
2023-07-25,29.625,24,2023-07-25,1,7
2023-07-26,25.166666666666668,24,2023-07-26,2,7
2023-07-27,37.583333333333336,24,2023-07-27,3,7
2023-07-28,32.041666666666664,24,2023-07-28,4,7
2023-07-29,35.041666666666664,24,2023-07-29,5,7
2023-07-30,42.791666666666664,24,2023-07-30,6,7
2023-07-31,43.5,24,2023-07-31,0,7
2023-08-01,33.791666666666664,24,2023-08-01,1,8
2023-08-02,21.083333333333332,24,2023-08-02,2,8
2023-08-03,37.541666666666664,24,2023-08-03,3,8
2023-08-04,48.958333333333336,24,2023-08-04,4,8
2023-08-05,40.791666666666664,24,2023-08-05,5,8
2023-08-06,44.875,24,2023-08-06,6,8
2023-08-07,49.708333333333336,24,2023-08-07,0,8
2023-08-08,46.375,24,2023-08-08,1,8
2023-08-09,57.458333333333336,24,2023-08-09,2,8
2023-08-10,85.41666666666667,24,2023-08-10,3,8
2023-08-11,70.375,24,2023-08-11,4,8
2023-08-12,58.541666666666664,24,2023-08-12,5,8
2023-08-13,53.833333333333336,24,2023-08-13,6,8
2023-08-14,70.20833333333333,24,2023-08-14,0,8
2023-08-15,78.70833333333333,24,2023-08-15,1,8
2023-08-16,86.875,24,2023-08-16,2,8
2023-08-17,47.791666666666664,24,2023-08-17,3,8
2023-08-18,26.708333333333332,24,2023-08-18,4,8
2023-08-19,35.041666666666664,24,2023-08-19,5,8
2023-08-20,47.708333333333336,24,2023-08-20,6,8
2023-08-21,45.708333333333336,24,2023-08-21,0,8
2023-08-22,37.166666666666664,24,2023-08-22,1,8
2023-08-23,37.166666666666664,24,2023-08-23,2,8
2023-08-24,51.083333333333336,24,2023-08-24,3,8
2023-08-25,41.125,24,2023-08-25,4,8
2023-08-26,41.75,24,2023-08-26,5,8
2023-08-27,61.875,24,2023-08-27,6,8
2023-08-28,78.29166666666667,24,2023-08-28,0,8
2023-08-29,97.04166666666667,24,2023-08-29,1,8
2023-08-30,112.83333333333333,24,2023-08-30,2,8
2023-08-31,131.04166666666666,24,2023-08-31,3,8
2023-09-01,87.20833333333333,24,2023-09-01,4,9
2023-09-02,90.625,24,2023-09-02,5,9
2023-09-03,55.125,24,2023-09-03,6,9
2023-09-04,47.65217391304348,23,2023-09-04,0,9
2023-09-05,51.875,24,2023-09-05,1,9
2023-09-06,38.625,24,2023-09-06,2,9
2023-09-07,26.583333333333332,24,2023-09-07,3,9
2023-09-08,28.416666666666668,24,2023-09-08,4,9
2023-09-09,52.875,24,2023-09-09,5,9
2023-09-10,69.66666666666667,24,2023-09-10,6,9
2023-09-11,52.541666666666664,24,2023-09-11,0,9
2023-09-12,49.666666666666664,24,2023-09-12,1,9
2023-09-13,30.625,24,2023-09-13,2,9
2023-09-14,21.458333333333332,24,2023-09-14,3,9
2023-09-15,39.916666666666664,24,2023-09-15,4,9
2023-09-16,52.625,24,2023-09-16,5,9
2023-09-17,54.0,24,2023-09-17,6,9
2023-09-18,41.375,24,2023-09-18,0,9
2023-09-19,18.083333333333332,24,2023-09-19,1,9
2023-09-20,26.916666666666668,24,2023-09-20,2,9
2023-09-21,32.375,24,2023-09-21,3,9
2023-09-22,28.375,24,2023-09-22,4,9
2023-09-23,40.833333333333336,24,2023-09-23,5,9
2023-09-24,36.625,24,2023-09-24,6,9
2023-09-25,39.875,24,2023-09-25,0,9
2023-09-26,64.875,24,2023-09-26,1,9
2023-09-27,70.83333333333333,24,2023-09-27,2,9
2023-09-28,67.54166666666667,24,2023-09-28,3,9
2023-09-29,43.75,24,2023-09-29,4,9
2023-09-30,32.208333333333336,24,2023-09-30,5,9
2023-10-01,31.541666666666668,24,2023-10-01,6,10
2023-10-02,34.125,24,2023-10-02,0,10
2023-10-03,27.291666666666668,24,2023-10-03,1,10
2023-10-04,29.166666666666668,24,2023-10-04,2,10
2023-10-05,34.291666666666664,24,2023-10-05,3,10
2023-10-06,43.708333333333336,24,2023-10-06,4,10
2023-10-07,61.166666666666664,24,2023-10-07,5,10
2023-10-08,53.0,24,2023-10-08,6,10
2023-10-09,75.54166666666667,24,2023-10-09,0,10
2023-10-10,105.58333333333333,24,2023-10-10,1,10
2023-10-11,131.16666666666666,24,2023-10-11,2,10
2023-10-12,110.70833333333333,24,2023-10-12,3,10
2023-10-13,93.91666666666667,24,2023-10-13,4,10
2023-10-14,115.33333333333333,24,2023-10-14,5,10
2023-10-15,128.83333333333334,24,2023-10-15,6,10
2023-10-16,103.375,24,2023-10-16,0,10
2023-10-17,137.45833333333334,24,2023-10-17,1,10
2023-10-18,124.125,24,2023-10-18,2,10
2023-10-19,91.25,24,2023-10-19,3,10
2023-10-20,71.16666666666667,24,2023-10-20,4,10
2023-10-21,72.79166666666667,24,2023-10-21,5,10
2023-10-22,77.0,24,2023-10-22,6,10
2023-10-23,76.54166666666667,24,2023-10-23,0,10
2023-10-24,29.125,24,2023-10-24,1,10
2023-10-25,58.791666666666664,24,2023-10-25,2,10
2023-10-26,73.0,24,2023-10-26,3,10
2023-10-27,82.625,24,2023-10-27,4,10
2023-10-28,89.54166666666667,24,2023-10-28,5,10
2023-10-29,87.91666666666667,24,2023-10-29,6,10
2023-10-30,108.58333333333333,24,2023-10-30,0,10
2023-10-31,112.125,24,2023-10-31,1,10
2023-11-01,93.625,24,2023-11-01,2,11
2023-11-02,92.5,24,2023-11-02,3,11
2023-11-03,100.625,24,2023-11-03,4,11
2023-11-04,90.75,24,2023-11-04,5,11
2023-11-05,105.79166666666667,24,2023-11-05,6,11
2023-11-06,99.0,24,2023-11-06,0,11
2023-11-07,97.79166666666667,24,2023-11-07,1,11
2023-11-08,109.25,24,2023-11-08,2,11
2023-11-09,128.33333333333334,24,2023-11-09,3,11
2023-11-10,133.5,24,2023-11-10,4,11
2023-11-11,102.83333333333333,24,2023-11-11,5,11
2023-11-12,,17,2023-11-12,6,11
2023-11-13,124.55,20,2023-11-13,0,11
2023-11-14,122.79166666666667,24,2023-11-14,1,11
2023-11-15,96.625,24,2023-11-15,2,11
2023-11-16,52.34782608695652,23,2023-11-16,3,11
2023-11-17,17.0,24,2023-11-17,4,11
2023-11-18,41.041666666666664,24,2023-11-18,5,11
2023-11-19,76.0,24,2023-11-19,6,11
2023-11-20,84.79166666666667,24,2023-11-20,0,11
2023-11-21,119.625,24,2023-11-21,1,11
2023-11-22,178.125,24,2023-11-22,2,11
2023-11-23,189.08333333333334,24,2023-11-23,3,11
2023-11-24,202.375,24,2023-11-24,4,11
2023-11-25,161.91666666666666,24,2023-11-25,5,11
2023-11-26,141.375,24,2023-11-26,6,11
2023-11-27,80.79166666666667,24,2023-11-27,0,11
2023-11-28,133.0,24,2023-11-28,1,11
2023-11-29,117.875,24,2023-11-29,2,11
2023-11-30,81.375,24,2023-11-30,3,11
2023-12-01,112.66666666666667,24,2023-12-01,4,12
2023-12-02,112.125,24,2023-12-02,5,12
2023-12-03,100.875,24,2023-12-03,6,12
2023-12-04,104.33333333333333,24,2023-12-04,0,12
2023-12-05,130.66666666666666,24,2023-12-05,1,12
2023-12-06,101.625,24,2023-12-06,2,12
2023-12-07,56.25,24,2023-12-07,3,12
2023-12-08,49.666666666666664,24,2023-12-08,4,12
2023-12-09,121.33333333333333,24,2023-12-09,5,12
2023-12-10,191.54166666666666,24,2023-12-10,6,12
2023-12-11,221.5,24,2023-12-11,0,12
2023-12-12,186.33333333333334,24,2023-12-12,1,12
2023-12-13,234.25,24,2023-12-13,2,12
2023-12-14,245.08333333333334,24,2023-12-14,3,12
2023-12-15,225.20833333333334,24,2023-12-15,4,12
2023-12-16,185.83333333333334,24,2023-12-16,5,12
2023-12-17,177.625,24,2023-12-17,6,12
2023-12-18,172.77272727272728,22,2023-12-18,0,12
2023-12-19,184.625,24,2023-12-19,1,12
2023-12-20,175.5,24,2023-12-20,2,12
2023-12-21,163.95833333333334,24,2023-12-21,3,12
2023-12-22,193.875,24,2023-12-22,4,12
2023-12-23,205.79166666666666,24,2023-12-23,5,12
2023-12-24,191.91666666666666,24,2023-12-24,6,12
2023-12-25,204.08333333333334,24,2023-12-25,0,12
2023-12-26,215.0,24,2023-12-26,1,12
2023-12-27,219.625,24,2023-12-27,2,12
2023-12-28,167.95833333333334,24,2023-12-28,3,12
2023-12-29,185.16666666666666,24,2023-12-29,4,12
2023-12-30,147.875,24,2023-12-30,5,12
2023-12-31,190.70833333333334,24,2023-12-31,6,12
2024-01-01,201.04166666666666,24,2024-01-01,0,1
2024-01-02,204.83333333333334,24,2024-01-02,1,1
2024-01-03,170.0,24,2024-01-03,2,1
2024-01-04,214.91666666666666,24,2024-01-04,3,1
2024-01-05,179.54166666666666,24,2024-01-05,4,1
2024-01-06,197.58333333333334,24,2024-01-06,5,1
2024-01-07,160.54166666666666,24,2024-01-07,6,1
2024-01-08,216.45833333333334,24,2024-01-08,0,1
2024-01-09,215.5,24,2024-01-09,1,1
2024-01-10,212.41666666666666,24,2024-01-10,2,1
2024-01-11,207.33333333333334,24,2024-01-11,3,1
2024-01-12,180.83333333333334,24,2024-01-12,4,1
2024-01-13,155.70833333333334,24,2024-01-13,5,1
2024-01-14,156.25,24,2024-01-14,6,1
2024-01-15,168.625,24,2024-01-15,0,1
2024-01-16,212.375,24,2024-01-16,1,1
2024-01-17,207.95833333333334,24,2024-01-17,2,1
2024-01-18,204.25,24,2024-01-18,3,1
2024-01-19,200.29166666666666,24,2024-01-19,4,1
2024-01-20,232.45833333333334,24,2024-01-20,5,1
2024-01-21,243.83333333333334,24,2024-01-21,6,1
2024-01-22,235.33333333333334,24,2024-01-22,0,1
2024-01-23,280.7083333333333,24,2024-01-23,1,1
2024-01-24,211.29166666666666,24,2024-01-24,2,1
2024-01-25,299.7916666666667,24,2024-01-25,3,1
2024-01-26,221.0,24,2024-01-26,4,1
2024-01-27,197.29166666666666,24,2024-01-27,5,1
2024-01-28,160.54166666666666,24,2024-01-28,6,1
2024-01-29,191.25,24,2024-01-29,0,1
2024-01-30,303.7083333333333,24,2024-01-30,1,1
2024-01-31,216.16666666666666,24,2024-01-31,2,1
2024-02-01,205.95833333333334,24,2024-02-01,3,2
2024-02-02,132.08333333333334,24,2024-02-02,4,2
2024-02-03,155.08333333333334,24,2024-02-03,5,2
2024-02-04,218.95833333333334,24,2024-02-04,6,2
2024-02-05,205.75,24,2024-02-05,0,2
2024-02-06,155.08333333333334,24,2024-02-06,1,2
2024-02-07,143.83333333333334,24,2024-02-07,2,2
2024-02-08,123.54166666666667,24,2024-02-08,3,2
2024-02-09,130.91666666666666,24,2024-02-09,4,2
2024-02-10,175.875,24,2024-02-10,5,2
2024-02-11,180.0,24,2024-02-11,6,2
2024-02-12,193.04166666666666,24,2024-02-12,0,2
2024-02-13,205.16666666666666,24,2024-02-13,1,2
2024-02-14,252.375,24,2024-02-14,2,2
2024-02-15,228.16666666666666,24,2024-02-15,3,2
2024-02-16,154.79166666666666,24,2024-02-16,4,2
2024-02-17,162.29166666666666,24,2024-02-17,5,2
2024-02-18,293.875,24,2024-02-18,6,2
2024-02-19,237.79166666666666,24,2024-02-19,0,2
2024-02-20,137.29166666666666,24,2024-02-20,1,2
2024-02-21,91.58333333333333,24,2024-02-21,2,2
2024-02-22,75.91666666666667,24,2024-02-22,3,2
2024-02-23,82.54166666666667,24,2024-02-23,4,2
2024-02-24,94.54166666666667,24,2024-02-24,5,2
2024-02-25,69.04166666666667,24,2024-02-25,6,2
2024-02-26,81.75,24,2024-02-26,0,2
2024-02-27,127.08333333333333,24,2024-02-27,1,2
2024-02-28,233.91304347826087,23,2024-02-28,2,2
2024-02-29,207.58333333333334,24,2024-02-29,3,2
2024-03-01,120.33333333333333,24,2024-03-01,4,3
2024-03-02,147.125,24,2024-03-02,5,3
2024-03-03,164.25,24,2024-03-03,6,3
2024-03-04,110.875,24,2024-03-04,0,3
2024-03-05,105.95833333333333,24,2024-03-05,1,3
2024-03-06,138.66666666666666,24,2024-03-06,2,3
2024-03-07,117.375,24,2024-03-07,3,3
2024-03-08,141.54166666666666,24,2024-03-08,4,3
2024-03-09,145.20833333333334,24,2024-03-09,5,3
2024-03-10,149.58333333333334,24,2024-03-10,6,3
2024-03-11,170.66666666666666,24,2024-03-11,0,3
2024-03-12,166.22727272727272,22,2024-03-12,1,3
2024-03-13,87.83333333333333,24,2024-03-13,2,3
2024-03-14,87.29166666666667,24,2024-03-14,3,3
2024-03-15,136.125,24,2024-03-15,4,3
2024-03-16,114.0,24,2024-03-16,5,3
2024-03-17,99.375,24,2024-03-17,6,3
2024-03-18,175.33333333333334,24,2024-03-18,0,3
2024-03-19,139.29166666666666,24,2024-03-19,1,3
2024-03-20,119.91666666666667,24,2024-03-20,2,3
2024-03-21,73.08333333333333,24,2024-03-21,3,3
2024-03-22,119.04166666666667,24,2024-03-22,4,3
2024-03-23,107.41666666666667,24,2024-03-23,5,3
2024-03-24,72.08333333333333,24,2024-03-24,6,3
2024-03-25,89.375,24,2024-03-25,0,3
2024-03-26,50.458333333333336,24,2024-03-26,1,3
2024-03-27,110.95833333333333,24,2024-03-27,2,3
2024-03-28,99.625,24,2024-03-28,3,3
2024-03-29,113.625,24,2024-03-29,4,3
2024-03-30,62.541666666666664,24,2024-03-30,5,3
2024-03-31,45.916666666666664,24,2024-03-31,6,3
2024-04-01,67.25,24,2024-04-01,0,4
2024-04-02,68.875,24,2024-04-02,1,4
2024-04-03,69.25,24,2024-04-03,2,4
2024-04-04,66.33333333333333,24,2024-04-04,3,4
2024-04-05,73.375,24,2024-04-05,4,4
2024-04-06,76.04166666666667,24,2024-04-06,5,4
2024-04-07,77.375,24,2024-04-07,6,4
2024-04-08,89.54166666666667,24,2024-04-08,0,4
2024-04-09,124.625,24,2024-04-09,1,4
2024-04-10,143.25,24,2024-04-10,2,4
2024-04-11,89.08333333333333,24,2024-04-11,3,4
2024-04-12,95.375,24,2024-04-12,4,4
2024-04-13,118.41666666666667,24,2024-04-13,5,4
2024-04-14,126.66666666666667,24,2024-04-14,6,4
2024-04-15,124.25,24,2024-04-15,0,4
2024-04-16,68.91666666666667,24,2024-04-16,1,4
2024-04-17,72.375,24,2024-04-17,2,4
2024-04-18,64.66666666666667,24,2024-04-18,3,4
2024-04-19,59.416666666666664,24,2024-04-19,4,4
2024-04-20,51.541666666666664,24,2024-04-20,5,4
2024-04-21,51.083333333333336,24,2024-04-21,6,4
2024-04-22,64.375,24,2024-04-22,0,4
2024-04-23,64.75,24,2024-04-23,1,4
2024-04-24,72.125,24,2024-04-24,2,4
2024-04-25,81.54166666666667,24,2024-04-25,3,4
2024-04-26,68.33333333333333,24,2024-04-26,4,4
2024-04-27,62.416666666666664,24,2024-04-27,5,4
2024-04-28,70.54166666666667,24,2024-04-28,6,4
2024-04-29,67.83333333333333,24,2024-04-29,0,4
2024-04-30,68.20833333333333,24,2024-04-30,1,4
2024-05-01,47.958333333333336,24,2024-05-01,2,5
2024-05-02,63.041666666666664,24,2024-05-02,3,5
2024-05-03,85.61904761904762,21,2024-05-03,4,5
2024-05-04,67.79166666666667,24,2024-05-04,5,5
2024-05-05,52.21739130434783,23,2024-05-05,6,5
2024-05-06,50.208333333333336,24,2024-05-06,0,5
2024-05-07,68.375,24,2024-05-07,1,5
2024-05-08,79.58333333333333,24,2024-05-08,2,5
2024-05-09,97.91666666666667,24,2024-05-09,3,5
2024-05-10,63.75,24,2024-05-10,4,5
2024-05-11,59.291666666666664,24,2024-05-11,5,5
2024-05-12,79.70833333333333,24,2024-05-12,6,5
2024-05-13,113.66666666666667,24,2024-05-13,0,5
2024-05-14,57.708333333333336,24,2024-05-14,1,5
2024-05-15,71.54166666666667,24,2024-05-15,2,5
2024-05-16,55.75,24,2024-05-16,3,5
2024-05-17,48.083333333333336,24,2024-05-17,4,5
2024-05-18,44.833333333333336,24,2024-05-18,5,5
2024-05-19,84.91666666666667,24,2024-05-19,6,5
2024-05-20,74.25,24,2024-05-20,0,5
2024-05-21,93.375,24,2024-05-21,1,5
2024-05-22,57.666666666666664,24,2024-05-22,2,5
2024-05-23,115.70833333333333,24,2024-05-23,3,5
2024-05-24,70.0,24,2024-05-24,4,5
2024-05-25,57.56521739130435,23,2024-05-25,5,5
2024-05-26,16.375,24,2024-05-26,6,5
2024-05-27,9.375,24,2024-05-27,0,5
2024-05-28,31.291666666666668,24,2024-05-28,1,5
2024-05-29,51.916666666666664,24,2024-05-29,2,5
2024-05-30,51.916666666666664,24,2024-05-30,3,5
2024-05-31,49.583333333333336,24,2024-05-31,4,5
2024-06-01,47.666666666666664,24,2024-06-01,5,6
2024-06-02,42.833333333333336,24,2024-06-02,6,6
2024-06-03,37.5,24,2024-06-03,0,6
2024-06-04,62.291666666666664,24,2024-06-04,1,6
2024-06-05,64.29166666666667,24,2024-06-05,2,6
2024-06-06,58.541666666666664,24,2024-06-06,3,6
2024-06-07,82.375,24,2024-06-07,4,6
2024-06-08,48.333333333333336,24,2024-06-08,5,6
2024-06-09,48.791666666666664,24,2024-06-09,6,6
2024-06-10,67.8695652173913,23,2024-06-10,0,6
2024-06-11,69.08333333333333,24,2024-06-11,1,6
2024-06-12,40.291666666666664,24,2024-06-12,2,6
2024-06-13,46.25,24,2024-06-13,3,6
2024-06-14,58.04347826086956,23,2024-06-14,4,6
2024-06-15,51.09090909090909,22,2024-06-15,5,6
2024-06-16,37.666666666666664,24,2024-06-16,6,6
2024-06-17,33.708333333333336,24,2024-06-17,0,6
2024-06-18,31.791666666666668,24,2024-06-18,1,6
2024-06-19,22.166666666666668,24,2024-06-19,2,6
2024-06-20,23.625,24,2024-06-20,3,6
2024-06-21,44.25,24,2024-06-21,4,6
2024-06-22,40.375,24,2024-06-22,5,6
2024-06-23,52.625,24,2024-06-23,6,6
2024-06-24,31.25,24,2024-06-24,0,6
2024-06-25,34.375,24,2024-06-25,1,6
2024-06-26,55.041666666666664,24,2024-06-26,2,6
2024-06-27,32.458333333333336,24,2024-06-27,3,6
2024-06-28,25.25,24,2024-06-28,4,6
2024-06-29,35.875,24,2024-06-29,5,6
2024-06-30,33.54545454545455,22,2024-06-30,6,6
2024-07-01,42.458333333333336,24,2024-07-01,0,7
2024-07-02,50.0,20,2024-07-02,1,7
2024-07-03,38.23809523809524,21,2024-07-03,2,7
2024-07-04,35.666666666666664,24,2024-07-04,3,7
2024-07-05,36.833333333333336,24,2024-07-05,4,7
2024-07-06,34.833333333333336,24,2024-07-06,5,7
2024-07-07,39.166666666666664,24,2024-07-07,6,7
2024-07-08,35.125,24,2024-07-08,0,7
2024-07-09,40.958333333333336,24,2024-07-09,1,7
2024-07-10,33.833333333333336,24,2024-07-10,2,7
2024-07-11,33.541666666666664,24,2024-07-11,3,7
2024-07-12,43.375,24,2024-07-12,4,7
2024-07-13,41.583333333333336,24,2024-07-13,5,7
2024-07-14,39.916666666666664,24,2024-07-14,6,7
2024-07-15,26.625,24,2024-07-15,0,7
2024-07-16,31.041666666666668,24,2024-07-16,1,7
2024-07-17,45.875,24,2024-07-17,2,7
2024-07-18,35.208333333333336,24,2024-07-18,3,7
2024-07-19,24.625,24,2024-07-19,4,7
2024-07-20,22.583333333333332,24,2024-07-20,5,7
2024-07-21,19.583333333333332,24,2024-07-21,6,7
2024-07-22,15.25,24,2024-07-22,0,7
2024-07-23,15.833333333333334,24,2024-07-23,1,7
2024-07-24,25.416666666666668,24,2024-07-24,2,7
2024-07-25,31.791666666666668,24,2024-07-25,3,7
2024-07-26,20.833333333333332,24,2024-07-26,4,7
2024-07-27,21.583333333333332,24,2024-07-27,5,7
2024-07-28,19.869565217391305,23,2024-07-28,6,7
2024-07-29,27.875,24,2024-07-29,0,7
2024-07-30,38.083333333333336,24,2024-07-30,1,7
2024-07-31,41.791666666666664,24,2024-07-31,2,7
2024-08-01,18.25,24,2024-08-01,3,8
2024-08-02,38.291666666666664,24,2024-08-02,4,8
2024-08-03,44.916666666666664,24,2024-08-03,5,8
2024-08-04,38.083333333333336,24,2024-08-04,6,8
2024-08-05,25.25,24,2024-08-05,0,8
2024-08-06,25.291666666666668,24,2024-08-06,1,8
2024-08-07,28.541666666666668,24,2024-08-07,2,8
2024-08-08,30.291666666666668,24,2024-08-08,3,8
2024-08-09,25.833333333333332,24,2024-08-09,4,8
2024-08-10,39.125,24,2024-08-10,5,8
2024-08-11,44.416666666666664,24,2024-08-11,6,8
2024-08-12,60.291666666666664,24,2024-08-12,0,8
2024-08-13,61.25,24,2024-08-13,1,8
2024-08-14,42.708333333333336,24,2024-08-14,2,8
2024-08-15,39.083333333333336,24,2024-08-15,3,8
2024-08-16,22.75,24,2024-08-16,4,8
2024-08-17,9.75,24,2024-08-17,5,8
2024-08-18,20.541666666666668,24,2024-08-18,6,8
2024-08-19,21.416666666666668,24,2024-08-19,0,8
2024-08-20,35.25,24,2024-08-20,1,8
2024-08-21,47.166666666666664,24,2024-08-21,2,8
2024-08-22,47.125,24,2024-08-22,3,8
2024-08-23,27.291666666666668,24,2024-08-23,4,8
2024-08-24,27.583333333333332,24,2024-08-24,5,8
2024-08-25,17.166666666666668,24,2024-08-25,6,8
2024-08-26,30.0,24,2024-08-26,0,8
2024-08-27,34.5,24,2024-08-27,1,8
2024-08-28,47.375,24,2024-08-28,2,8
2024-08-29,53.083333333333336,24,2024-08-29,3,8
2024-08-30,37.458333333333336,24,2024-08-30,4,8
2024-08-31,31.666666666666668,24,2024-08-31,5,8
2024-09-01,35.333333333333336,24,2024-09-01,6,9
2024-09-02,54.666666666666664,24,2024-09-02,0,9
2024-09-03,46.75,24,2024-09-03,1,9
2024-09-04,42.208333333333336,24,2024-09-04,2,9
2024-09-05,51.5,24,2024-09-05,3,9
2024-09-06,46.25,24,2024-09-06,4,9
2024-09-07,83.29166666666667,24,2024-09-07,5,9
2024-09-08,33.75,24,2024-09-08,6,9
2024-09-09,27.083333333333332,24,2024-09-09,0,9
2024-09-10,32.208333333333336,24,2024-09-10,1,9
2024-09-11,47.583333333333336,24,2024-09-11,2,9
2024-09-12,43.791666666666664,24,2024-09-12,3,9
2024-09-13,14.333333333333334,24,2024-09-13,4,9
2024-09-14,9.458333333333334,24,2024-09-14,5,9
2024-09-15,18.791666666666668,24,2024-09-15,6,9
2024-09-16,48.0,24,2024-09-16,0,9
2024-09-17,57.958333333333336,24,2024-09-17,1,9
2024-09-18,66.91666666666667,24,2024-09-18,2,9
2024-09-19,68.0,24,2024-09-19,3,9
2024-09-20,67.625,24,2024-09-20,4,9
2024-09-21,37.208333333333336,24,2024-09-21,5,9
2024-09-22,40.875,24,2024-09-22,6,9
2024-09-23,96.29166666666667,24,2024-09-23,0,9
2024-09-24,27.304347826086957,23,2024-09-24,1,9
2024-09-25,24.416666666666668,24,2024-09-25,2,9
2024-09-26,32.791666666666664,24,2024-09-26,3,9
2024-09-27,45.333333333333336,24,2024-09-27,4,9
2024-09-28,31.25,24,2024-09-28,5,9
2024-09-29,41.041666666666664,24,2024-09-29,6,9
2024-09-30,79.25,24,2024-09-30,0,9
2024-10-01,68.79166666666667,24,2024-10-01,1,10
2024-10-02,52.041666666666664,24,2024-10-02,2,10
2024-10-03,35.916666666666664,24,2024-10-03,3,10
2024-10-04,42.041666666666664,24,2024-10-04,4,10
2024-10-05,54.416666666666664,24,2024-10-05,5,10
2024-10-06,46.458333333333336,24,2024-10-06,6,10
2024-10-07,63.0,24,2024-10-07,0,10
2024-10-08,52.833333333333336,24,2024-10-08,1,10
2024-10-09,69.54166666666667,24,2024-10-09,2,10
2024-10-10,70.20833333333333,24,2024-10-10,3,10
2024-10-11,41.916666666666664,24,2024-10-11,4,10
2024-10-12,80.45833333333333,24,2024-10-12,5,10
2024-10-13,104.5,24,2024-10-13,6,10
2024-10-14,105.41666666666667,24,2024-10-14,0,10
2024-10-15,108.875,24,2024-10-15,1,10
2024-10-16,179.83333333333334,24,2024-10-16,2,10
2024-10-17,122.70833333333333,24,2024-10-17,3,10
2024-10-18,88.08333333333333,24,2024-10-18,4,10
2024-10-19,94.04166666666667,24,2024-10-19,5,10
2024-10-20,80.66666666666667,24,2024-10-20,6,10
2024-10-21,94.41666666666667,24,2024-10-21,0,10
2024-10-22,74.08333333333333,24,2024-10-22,1,10
2024-10-23,46.375,24,2024-10-23,2,10
2024-10-24,16.708333333333332,24,2024-10-24,3,10
2024-10-25,37.541666666666664,24,2024-10-25,4,10
2024-10-26,60.208333333333336,24,2024-10-26,5,10
2024-10-27,86.45833333333333,24,2024-10-27,6,10
2024-10-28,80.375,24,2024-10-28,0,10
2024-10-29,113.25,24,2024-10-29,1,10
2024-10-30,108.0,24,2024-10-30,2,10
2024-10-31,61.31818181818182,22,2024-10-31,3,10
2024-11-01,98.54166666666667,24,2024-11-01,4,11
2024-11-02,93.08333333333333,24,2024-11-02,5,11
2024-11-03,93.54166666666667,24,2024-11-03,6,11
2024-11-04,85.08333333333333,24,2024-11-04,0,11
2024-11-05,70.125,24,2024-11-05,1,11
2024-11-06,48.166666666666664,24,2024-11-06,2,11
2024-11-07,76.0,24,2024-11-07,3,11
2024-11-08,53.5,22,2024-11-08,4,11
2024-11-09,36.208333333333336,24,2024-11-09,5,11
2024-11-10,58.458333333333336,24,2024-11-10,6,11
2024-11-11,66.83333333333333,24,2024-11-11,0,11
2024-11-12,74.41666666666667,24,2024-11-12,1,11
2024-11-13,87.375,24,2024-11-13,2,11
2024-11-14,118.66666666666667,24,2024-11-14,3,11
2024-11-15,141.20833333333334,24,2024-11-15,4,11
2024-11-16,195.04166666666666,24,2024-11-16,5,11
2024-11-17,163.875,24,2024-11-17,6,11
2024-11-18,162.375,24,2024-11-18,0,11
2024-11-19,125.54166666666667,24,2024-11-19,1,11
2024-11-20,141.33333333333334,24,2024-11-20,2,11
2024-11-21,153.66666666666666,24,2024-11-21,3,11
2024-11-22,158.5,24,2024-11-22,4,11
2024-11-23,142.75,24,2024-11-23,5,11
2024-11-24,189.0,24,2024-11-24,6,11
2024-11-25,205.91666666666666,24,2024-11-25,0,11
2024-11-26,160.66666666666666,24,2024-11-26,1,11
2024-11-27,153.41666666666666,24,2024-11-27,2,11
2024-11-28,104.75,24,2024-11-28,3,11
2024-11-29,85.70833333333333,24,2024-11-29,4,11
2024-11-30,69.70833333333333,24,2024-11-30,5,11
2024-12-01,107.75,24,2024-12-01,6,12
2024-12-02,101.08333333333333,24,2024-12-02,0,12
2024-12-03,113.45833333333333,24,2024-12-03,1,12
2024-12-04,196.79166666666666,24,2024-12-04,2,12
2024-12-05,239.91666666666666,24,2024-12-05,3,12
2024-12-06,174.95833333333334,24,2024-12-06,4,12
2024-12-07,164.0,24,2024-12-07,5,12
2024-12-08,180.16666666666666,24,2024-12-08,6,12
2024-12-09,238.08333333333334,24,2024-12-09,0,12
2024-12-10,173.83333333333334,24,2024-12-10,1,12
2024-12-11,180.95833333333334,24,2024-12-11,2,12
2024-12-12,166.91666666666666,24,2024-12-12,3,12
2024-12-13,185.79166666666666,24,2024-12-13,4,12
2024-12-14,259.125,24,2024-12-14,5,12
2024-12-15,199.91666666666666,24,2024-12-15,6,12
2024-12-16,236.66666666666666,24,2024-12-16,0,12
2024-12-17,215.58333333333334,24,2024-12-17,1,12
2024-12-18,178.0,24,2024-12-18,2,12
2024-12-19,301.6666666666667,24,2024-12-19,3,12
2024-12-20,226.16666666666666,24,2024-12-20,4,12
2024-12-21,266.0833333333333,24,2024-12-21,5,12
2024-12-22,235.125,24,2024-12-22,6,12
2024-12-23,202.95833333333334,24,2024-12-23,0,12
2024-12-24,178.375,24,2024-12-24,1,12
2024-12-25,187.70833333333334,24,2024-12-25,2,12
2024-12-26,146.66666666666666,24,2024-12-26,3,12
2024-12-27,128.66666666666666,24,2024-12-27,4,12
2024-12-28,172.83333333333334,24,2024-12-28,5,12
2024-12-29,183.83333333333334,24,2024-12-29,6,12
2024-12-30,188.5,24,2024-12-30,0,12
2024-12-31,179.375,24,2024-12-31,1,12
2025-01-01,228.875,24,2025-01-01,2,1
2025-01-02,196.58333333333334,24,2025-01-02,3,1
2025-01-03,135.91666666666666,24,2025-01-03,4,1
2025-01-04,192.45833333333334,24,2025-01-04,5,1
2025-01-05,270.25,24,2025-01-05,6,1
2025-01-06,221.83333333333334,24,2025-01-06,0,1
2025-01-07,189.91666666666666,24,2025-01-07,1,1
2025-01-08,178.375,24,2025-01-08,2,1
2025-01-09,141.125,24,2025-01-09,3,1
2025-01-10,186.20833333333334,24,2025-01-10,4,1
2025-01-11,212.41666666666666,24,2025-01-11,5,1
2025-01-12,201.25,24,2025-01-12,6,1
2025-01-13,248.25,24,2025-01-13,0,1
2025-01-14,182.5,24,2025-01-14,1,1
2025-01-15,187.54166666666666,24,2025-01-15,2,1
2025-01-16,193.375,24,2025-01-16,3,1
2025-01-17,184.625,24,2025-01-17,4,1
2025-01-18,176.33333333333334,24,2025-01-18,5,1
2025-01-19,134.20833333333334,24,2025-01-19,6,1
2025-01-20,180.75,24,2025-01-20,0,1
2025-01-21,254.79166666666666,24,2025-01-21,1,1
2025-01-22,380.125,24,2025-01-22,2,1
2025-01-23,244.29166666666666,24,2025-01-23,3,1
2025-01-24,231.66666666666666,24,2025-01-24,4,1
2025-01-25,219.41666666666666,24,2025-01-25,5,1
2025-01-26,183.41666666666666,24,2025-01-26,6,1
2025-01-27,228.66666666666666,24,2025-01-27,0,1
2025-01-28,275.5416666666667,24,2025-01-28,1,1
2025-01-29,349.3333333333333,24,2025-01-29,2,1
2025-01-30,270.7916666666667,24,2025-01-30,3,1
2025-01-31,134.79166666666666,24,2025-01-31,4,1
2025-02-01,173.625,24,2025-02-01,5,2
2025-02-02,263.9583333333333,24,2025-02-02,6,2
2025-02-03,171.66666666666666,24,2025-02-03,0,2
2025-02-04,188.58333333333334,24,2025-02-04,1,2
2025-02-05,262.5833333333333,24,2025-02-05,2,2
2025-02-06,245.25,24,2025-02-06,3,2
2025-02-07,125.0,24,2025-02-07,4,2
2025-02-08,132.16666666666666,24,2025-02-08,5,2
2025-02-09,163.83333333333334,24,2025-02-09,6,2
2025-02-10,284.6666666666667,24,2025-02-10,0,2
2025-02-11,179.95833333333334,24,2025-02-11,1,2
2025-02-12,110.125,24,2025-02-12,2,2
2025-02-13,91.375,24,2025-02-13,3,2
2025-02-14,108.33333333333333,24,2025-02-14,4,2
2025-02-15,135.33333333333334,24,2025-02-15,5,2
2025-02-16,194.69565217391303,23,2025-02-16,6,2
2025-02-17,189.54166666666666,24,2025-02-17,0,2
2025-02-18,152.08333333333334,24,2025-02-18,1,2
2025-02-19,196.70833333333334,24,2025-02-19,2,2
2025-02-20,188.375,24,2025-02-20,3,2
2025-02-21,158.54166666666666,24,2025-02-21,4,2
2025-02-22,136.17391304347825,23,2025-02-22,5,2
2025-02-23,127.41666666666667,24,2025-02-23,6,2
2025-02-24,96.25,24,2025-02-24,0,2
2025-02-25,134.91666666666666,24,2025-02-25,1,2
2025-02-26,169.0,24,2025-02-26,2,2
2025-02-27,150.79166666666666,24,2025-02-27,3,2
2025-02-28,192.79166666666666,24,2025-02-28,4,2
2025-03-01,185.0,23,2025-03-01,5,3
2025-03-02,132.25,24,2025-03-02,6,3
2025-03-03,172.20833333333334,24,2025-03-03,0,3
2025-03-04,104.95833333333333,24,2025-03-04,1,3
2025-03-05,107.75,24,2025-03-05,2,3
2025-03-06,101.41666666666667,24,2025-03-06,3,3
2025-03-07,112.79166666666667,24,2025-03-07,4,3
2025-03-08,150.5,24,2025-03-08,5,3
2025-03-09,145.5,24,2025-03-09,6,3
2025-03-10,217.58333333333334,24,2025-03-10,0,3
2025-03-11,140.29166666666666,24,2025-03-11,1,3
2025-03-12,119.875,24,2025-03-12,2,3
2025-03-13,68.29166666666667,24,2025-03-13,3,3
2025-03-14,72.25,24,2025-03-14,4,3
2025-03-15,62.958333333333336,24,2025-03-15,5,3
2025-03-16,72.20833333333333,24,2025-03-16,6,3
2025-03-17,68.20833333333333,24,2025-03-17,0,3
2025-03-18,97.33333333333333,24,2025-03-18,1,3
2025-03-19,169.375,24,2025-03-19,2,3
2025-03-20,96.08333333333333,24,2025-03-20,3,3
2025-03-21,92.45833333333333,24,2025-03-21,4,3
2025-03-22,173.25,24,2025-03-22,5,3
2025-03-23,84.04166666666667,24,2025-03-23,6,3
2025-03-24,100.33333333333333,18,2025-03-24,0,3
